State,Park Name,County,Welcome Center,Visitor Center?,Official Website
Alabama,Bladon Springs State Park,Choctaw,"3921 Bladon Road Bladon Springs, AL 36919",No,https://www.alapark.com/parks/bladon-springs-state-park
Alabama,Blue Springs State Park,Barbour,"2595 AL-10 Clio, AL 36017",No,https://www.alapark.com/parks/blue-springs-state-park
Alabama,Brierfield Ironworks Historical State Park,Bibb,"240 Furnace Pkwy, Brierfield, AL 35035",No,https://brierfieldironworks.org/
Alabama,Buck's Pocket State Park,"DeKalb, Jackson, Marshall","393 County Road 174 Grove Oak, AL 35975",No,https://www.alapark.com/parks/bucks-pocket-state-park
Alabama,Cathedral Caverns State Park,Marshall,"637 Cave Road Woodville, AL 35776",Yes,https://www.alapark.com/parks/cathedral-caverns-state-park
Alabama,Cheaha State Park,"Clay, Cleburne","19644 Hwy 281, Delta, AL 36258",Yes,https://www.alapark.com/parks/cheaha-state-park
Alabama,Chewacla State Park,Lee,"124 Shell Toomer Parkway Auburn, AL 36830",No,https://www.alapark.com/parks/chewacla-state-park
Alabama,Chickasaw State Park,Marengo,"26955 U.S. Highway 43 Gallion, AL 36742",No,https://www.alapark.com/parks/chickasaw-state-park
Alabama,DeSoto State Park,"Cherokee, DeKalb","7104 DeSoto Parkway NE Fort Payne, AL 35967",Yes,https://www.alapark.com/parks/desoto-state-park
Alabama,Frank Jackson State Park,Covington,"100 Jerry Adams Drive Opp, AL 36467",No,https://www.alapark.com/parks/frank-jackson-state-park
Alabama,Gulf State Park,Baldwin,"20115 State Park Road, Gulf Shores, AL 36542",Yes,https://www.alapark.com/parks/gulf-state-park
Alabama,Historic Blakeley State Park,Baldwin,"34745 St. Hwy 225 / American Patriots Way Spanish Fort, AL 36527",No,https://www.blakeleypark.com/
Alabama,Joe Wheeler State Park,"Lauderdale, Lawrence","4401 McLean Drive Rogersville, AL 35652",No,https://www.alapark.com/parks/joe-wheeler-state-park
Alabama,Lake Guntersville State Park,Marshall,"1155 Lodge Dr. Guntersville, AL 35976",Yes,https://www.alapark.com/parks/lake-guntersville-state-park
Alabama,Lake Jackson RV Park at Florala,Covington,"439 Victoria Lane Florala, AL 36442",No,https://www.alapark.com/parks/lake-jackson-rv-park-at-florala
Alabama,Lake Lurleen State Park,Tuscaloosa,"13226 Lake Lurleen Road Coker, AL 35452",Yes,https://www.alapark.com/parks/lake-lurleen-state-park
Alabama,Lakepoint Resort State Park,Barbour,"104 Lakepoint Drive Eufaula, AL 36027",No,https://www.alapark.com/parks/lakepoint-state-park
Alabama,Meaher State Park,Baldwin,"5200 Battleship Parkway East Spanish Fort, AL 36527",No,https://www.alapark.com/parks/meaher-state-park
Alabama,Monte Sano State Park,Madison,"5105 Nolen Ave. Huntsville, AL 35801",No,https://www.alapark.com/parks/monte-sano-state-park
Alabama,Oak Mountain State Park,Shelby,"200 Terrace Drive Pelham, AL 35124",Yes,https://www.alapark.com/parks/oak-mountain-state-park
Alabama,Paul M. Grist State Park,Dallas,"1546 Grist Road Selma, AL 36701",No,https://www.alapark.com/parks/paul-grist-state-park
Alabama,Rickwood Caverns State Park,Blount,"370 Rickwood Park Road Warrior, AL 35180",Yes,https://www.alapark.com/parks/rickwood-caverns-state-park
Alabama,Roland Cooper State Park,Wilcox,"285 Deer Run Drive Camden, AL 36726",No,https://www.alapark.com/parks/roland-cooper-state-park
Alabama,Tannehill Ironworks Historical State Park,"Tuscaloosa, Jefferson",,,https://www.tannehill.org/
Alabama,Wind Creek State Park,Tallapoosa,"4325 Alabama Highway 128 Alexander City, AL 35010",No,https://www.alapark.com/parks/wind-creek-state-park
Alaska,Afognak Island State Park,Kodiak Island,,No,https://dnr.alaska.gov/parks/aspunits/kodiak/afognakissp.htm
Alaska,Alaska Chilkat Bald Eagle Preserve,Haines,,No,https://dnr.alaska.gov/parks/aspunits/southeast/chilkatbep.htm
Alaska,Anchor River State Recreation Area,Kenai Peninsula,,No,https://dnr.alaska.gov/parks/aspunits/kenai/anchorpt.htm
Alaska,Baranof Castle State Historic Site,Sitka,,No,https://dnr.alaska.gov/parks/aspunits/southeast/baranofcastle.htm
Alaska,Beecher Pass State Marine Park,Petersburg,,No,https://dnr.alaska.gov/parks/aspunits/southeast/beecherpass.htm
Alaska,Betton Island State Marine Park,Ketchikan Gateway,,No,https://dnr.alaska.gov/parks/aspunits/marinepark/bettonisld.htm
Alaska,Big Bear/Baby Bear State Marine Park,Sitka,,No,https://dnr.alaska.gov/parks/aspunits/marinepark/bigbrbabybrsmp.htm
Alaska,Big Delta State Historical Park,Southeast Fairbanks,,No,https://dnr.alaska.gov/parks/aspunits/northern/bigdeltashp.htm
Alaska,Big Lake North State Recreation Site,Fairbanks North Star,,No,https://dnr.alaska.gov/parks/aspunits/matsu/biglakenosrs.htm
Alaska,Big Lake South State Recreation Site,Matanuska-Susitna,,No,https://dnr.alaska.gov/parks/aspunits/matsu/biglakesosrs.htm
Alaska,Birch Lake State Recreation Site,Fairbanks North Star,,No,https://dnr.alaska.gov/parks/aspunits/northern/birchlakesrs.htm
Alaska,Black Sands Beach State Recreation Area,Kodiak Island,,No,https://dnr.alaska.gov/parks/aspunits/southeast/blacksand.htm
Alaska,Blueberry Lake State Recreation Site,Unorganized,,No,https://dnr.alaska.gov/parks/aspunits/kenai/blueberrylksrs.htm
Alaska,Buskin River State Recreation Site,Kodiak Island,,No,https://dnr.alaska.gov/parks/aspunits/kodiak/buskinriversrs.htm
Alaska,Caines Head State Recreation Area,Kenai Peninsula,,No,https://dnr.alaska.gov/parks/aspunits/kenai/cainesheadsra.htm
Alaska,Captain Cook State Recreation Area,Kenai Peninsula,,No,https://dnr.alaska.gov/parks/aspunits/kenai/captcook.htm
Alaska,Chena River State Recreation Area,Fairbanks North Star,,No,https://dnr.alaska.gov/parks/aspunits/northern/chenariversra.htm
Alaska,Chena River State Recreation Site,Fairbanks North Star,,No,https://dnr.alaska.gov/parks/aspunits/northern/chenariversrs.htm
Alaska,Chilkat Islands State Marine Park,Haines,,No,https://dnr.alaska.gov/parks/aspunits/southeast/chilkatislands.htm
Alaska,Chilkat State Park,Haines,,No,https://dnr.alaska.gov/parks/aspunits/southeast/chilkatsp.htm
Alaska,Chilkoot Lake State Recreation Site,Haines,,No,https://dnr.alaska.gov/parks/aspunits/southeast/chilkootlksrs.htm
Alaska,Clam Gulch State Recreation Area,Kenai Peninsula,,No,https://dnr.alaska.gov/parks/aspunits/kenai/clamgulchsra.htm
Alaska,Clearwater State Recreation Site,Unorganized,,No,https://dnr.alaska.gov/parks/aspunits/northern/clearwatersrs.htm
Alaska,Crooked Creek State Recreation Site,Unorganized,,No,https://dnr.alaska.gov/parks/aspunits/kenai/crookedcreeksrs.htm
Alaska,Dall Bay State Marine Park,Prince of Wales-Hyder,,No,https://dnr.alaska.gov/parks/aspunits/marinepark/dallbay.htm
Alaska,Deep Creek State Recreation Area,Kenai Peninsula,,No,https://dnr.alaska.gov/parks/aspunits/kenai/deepcreeksra.htm
Alaska,Delta State Recreation Site,Unorganized,,No,https://dnr.alaska.gov/parks/aspunits/northern/deltasrs.htm
Alaska,Denali State Park,Matanuska-Susitna,,Yes,https://dnr.alaska.gov/parks/aspunits/matsu/denalisp.htm
Alaska,Donnelly Creek State Recreation Site,Unorganized,,No,https://dnr.alaska.gov/parks/aspunits/northern/donnellycksrs.htm
Alaska,Dry Creek State Recreation Site,Unorganized,,No,https://dnr.alaska.gov/parks/aspunits/matsu/drycreeksrs.htm
Alaska,Eagle Beach State Recreation Area,Juneau,,No,https://dnr.alaska.gov/parks/aspunits/southeast/eaglebeachsra.htm
Alaska,Eagle Trail State Recreation Site,Unorganized,,No,https://dnr.alaska.gov/parks/aspunits/northern/eagletrailsrs.htm
Alaska,Ernest Gruening State Historical Park,Juneau,,No,https://dnr.alaska.gov/parks/aspunits/southeast/ernestgrushp.htm
Alaska,Eveline State Recreation Site,Kenai Peninsula,,No,https://dnr.alaska.gov/parks/aspunits/kenai/evelinesrs.htm
Alaska,Fielding Lake State Recreation Site,Unorganized,,No,https://dnr.alaska.gov/parks/aspunits/northern/fieldinglksrs.htm
Alaska,Finger Lake State Recreation Site,Matanuska-Susitna,,No,https://dnr.alaska.gov/parks/aspunits/matsu/fingerlksrs.htm
Alaska,Fort Abercrombie State Historical Park,Kodiak Island,,No,https://dnr.alaska.gov/parks/aspunits/kodiak/fortabercrombieshp.htm
Alaska,Fort Rousseau Causeway State Historical Park,Sitka,,No,https://dnr.alaska.gov/parks/aspunits/southeast/ftrousseau.htm
Alaska,Funter Bay State Marine Park,Hoonah-Angoon,,No,https://dnr.alaska.gov/parks/aspunits/southeast/funterbay.htm
Alaska,Grant Island State Marine Park,Prince of Wales-Hyder,,No,https://dnr.alaska.gov/parks/aspunits/southeast/grantisland.htm
Alaska,Grindall Island State Marine Park,Prince of Wales-Hyder,,No,https://dnr.alaska.gov/parks/aspunits/southeast/grindallimp.htm
Alaska,Halibut Point State Recreation Site,Sitka,,No,https://dnr.alaska.gov/parks/aspunits/southeast/halibutptsrs.htm
Alaska,Harding Lake State Recreation Area,Fairbanks North Star,,No,https://dnr.alaska.gov/parks/aspunits/northern/hardinglksra.htm
Alaska,Hole in the Wall State Marine Park,Prince of Wales-Hyder,,No,https://dnr.alaska.gov/parks/aspunits/marinepark/holeinthewall.htm
Alaska,Independence Mine State Historical Park,Matanuska-Susitna,,No,https://dnr.alaska.gov/parks/aspunits/matsu/indepmineshp.htm
Alaska,Joe Mace Island State Marine Park,Unorganized,,No,https://dnr.alaska.gov/parks/aspunits/southeast/joemace.htm
Alaska,Johnson Lake State Recreation Area,Matanuska-Susitna,,No,https://dnr.alaska.gov/parks/aspunits/kenai/johnsonlksra.htm
Alaska,Juneau Channel Island State Marine Park,Juneau,,No,https://dnr.alaska.gov/parks/aspunits/southeast/juneauchannelsmp.htm
Alaska,Juneau State Trails System,Juneau,,No,https://dnr.alaska.gov/parks/aspunits/southeast/juneautrailsys.htm
Alaska,Kachemak Bay State Park,Kenai Peninsula,"95 Sterling Highway, Suite 2 Homer, AK 99603",No,https://dnr.alaska.gov/parks/aspunits/kenai/kachemakbaysp.htm
Alaska,Kachemak Bay State Wilderness Park,Kenai Peninsula,,No,https://dnr.alaska.gov/parks/aspunits/kenai/kachemakbayswp.htm
Alaska,Kasilof River State Recreation Site,Kenai Peninsula,,No,https://dnr.alaska.gov/parks/aspunits/kenai/kasilofrivsrs.htm
Alaska,Kenai River Special Management Area,Kenai Peninsula,"35850 Lou Morgan Road P.O. Box 1247 Soldotna, AK 99669",No,https://dnr.alaska.gov/parks/aspunits/kenai/krsma.htm
Alaska,King Mountain State Recreation Site,Matanuska-Susitna,,No,https://dnr.alaska.gov/parks/aspunits/matsu/kingmtnsrs.htm
Alaska,Lake Aleknagik State Recreation Site,Unorganized,,No,https://dnr.alaska.gov/parks/aspunits/woodtik/lkaleknsrs.htm
Alaska,Lake Louise State Recreation Area,Matanuska-Susitna,,No,https://dnr.alaska.gov/parks/aspunits/matsu/lklouisesra.htm
Alaska,Liberty Falls State Recreation Site,Unorganized,,No,https://dnr.alaska.gov/parks/aspunits/matsu/libertyflsrs.htm
Alaska,Lowell Point State Recreation Site,Kenai Peninsula,,No,https://dnr.alaska.gov/parks/aspunits/kenai/lowellptsrs.htm
Alaska,Lower Chatanika State Recreation Area,Fairbanks North Star,,No,https://dnr.alaska.gov/parks/aspunits/northern/lrchatrivsra.htm
Alaska,Magoun Island State Marine Park,Sitka,,No,https://dnr.alaska.gov/parks/aspunits/marinepark/magounissmp.htm
Alaska,Matanuska Glacier State Recreation Site,Matanuska-Susitna,,No,https://dnr.alaska.gov/parks/aspunits/matsu/matsuglsrs.htm
Alaska,Matanuska Lakes State Recreation Area,Matanuska-Susitna,,No,https://dnr.alaska.gov/parks/aspunits/matsu/keplerbradlksra.htm
Alaska,Montana Creek State Recreation Site,Matanuska-Susitna,,No,https://dnr.alaska.gov/parks/aspunits/matsu/montcksrs.htm
Alaska,Moon Lake State Recreation Site,Unorganized,,No,https://dnr.alaska.gov/parks/aspunits/northern/moonlksrs.htm
Alaska,Nancy Lake State Recreation Area,Matanuska-Susitna,,No,https://dnr.alaska.gov/parks/aspunits/matsu/nancylksra.htm
Alaska,Nancy Lake State Recreation Site,Matanuska-Susitna,,No,https://dnr.alaska.gov/parks/aspunits/matsu/nancylksrs.htm
Alaska,Ninilchik State Recreation Area,Kenai Peninsula,,No,https://dnr.alaska.gov/parks/aspunits/kenai/ninilsragen.htm
Alaska,Old Sitka State Historical Park,Sitka,,No,https://dnr.alaska.gov/parks/aspunits/southeast/oldsitkaahp.htm
Alaska,Oliver Inlet State Marine Park,Juneau,,No,https://dnr.alaska.gov/parks/aspunits/southeast/oliverinsmp.htm
Alaska,Pasagshak State Recreation Site,Kodiak Island,,No,https://dnr.alaska.gov/parks/aspunits/kodiak/pasagsrs.htm
Alaska,Pavlov Harbor State Marine Park,Hoonah-Angoon,,No,https://dnr.alaska.gov/parks/aspunits/marinepark/pavharborsmp.htm
Alaska,Petroglyph Beach State Historic Site,Juneau,,No,https://dnr.alaska.gov/parks/aspunits/southeast/wrangpetroshs.htm
Alaska,Point Bridget State Park,Juneau,,No,https://dnr.alaska.gov/parks/aspunits/southeast/ptbridgetsp.htm
Alaska,Porcupine Creek State Recreation site,Unorganized,,No,https://dnr.alaska.gov/parks/aspunits/matsu/porcksrs.htm
Alaska,Portage Cove State Recreation Site,Haines,,No,https://dnr.alaska.gov/parks/aspunits/southeast/portcovesrs.htm
Alaska,Quartz Lake State Recreation Area,Unorganized,,No,https://dnr.alaska.gov/parks/aspunits/northern/qtzlksra.htm
Alaska,Refuge Cove State Recreation Site,Ketchikan Gateway,,No,https://dnr.alaska.gov/parks/aspunits/southeast/refugecvsrs.htm
Alaska,Rocky Lake State Recreation Site,Matanuska-Susitna,,No,https://dnr.alaska.gov/parks/aspunits/matsu/rockylksrs.htm
Alaska,Salcha River State Recreation Area,Fairbanks North Star,,No,https://dnr.alaska.gov/parks/aspunits/northern/salcharver.htm
Alaska,Sealion Cove State Marine Park,Sitka,,No,https://dnr.alaska.gov/parks/aspunits/southeast/sealioncvsmp.htm
Alaska,Security Bay State Marine Park,Prince of Wales-Hyder,,No,https://dnr.alaska.gov/parks/aspunits/southeast/securitybay.htm
Alaska,Settler's Cove State Recreation Site,Ketchikan Gateway,,No,https://dnr.alaska.gov/parks/aspunits/southeast/settlerscvsrs.htm
Alaska,Shuyak Island State Park,Kodiak Island,,No,https://dnr.alaska.gov/parks/aspunits/kodiak/shuyakissp.htm
Alaska,Squirrel Creek State Recreation Site,Unorganized,,No,https://dnr.alaska.gov/parks/aspunits/matsu/squircksrs.htm
Alaska,St. James Bay State Marine Park,Hoonah-Angoon,,No,https://dnr.alaska.gov/parks/aspunits/southeast/stjamesbay.htm
Alaska,Stariski State Recreation Site,Kenai Peninsula,,No,https://dnr.alaska.gov/parks/aspunits/kenai/stariskisrs.htm
Alaska,Sullivan Island State Marine Park,Haines,,No,https://dnr.alaska.gov/parks/aspunits/southeast/sullivanisland.htm
Alaska,Summit Lake State Recreation Site,Matanuska-Susitna,,No,https://dnr.alaska.gov/parks/aspunits/matsu/summitlksrs.htm
Alaska,Taku Harbor State Marine Park,Juneau,,No,https://dnr.alaska.gov/parks/aspunits/marinepark/takuharbrsmp.htm
Alaska,Thom's Place State Marine Park,Wrangell,,No,https://dnr.alaska.gov/parks/aspunits/southeast/thomsplacesmp.htm
Alaska,Tok River State Recreation Area,Unorganized,,No,https://dnr.alaska.gov/parks/aspunits/northern/tokrvsrs.htm
Alaska,Totem Bight State Historical Park,Ketchikan Gateway,,No,https://dnr.alaska.gov/parks/aspunits/southeast/totembigshp.htm
Alaska,Upper Chatanika State Recreation Area,Fairbanks North Star,,No,https://dnr.alaska.gov/parks/aspunits/northern/upchatrvsrs.htm
Alaska,Wickersham State Historic Site,Anchorage,"400 Willoughby Ave., Suite 500 P.O. Box 111071 Juneau, AK 99811",No,https://dnr.alaska.gov/parks/aspunits/southeast/wickshp.htm
Alaska,Willow Creek State Recreation Area,Matanuska-Susitna,,No,https://dnr.alaska.gov/parks/aspunits/matsu/willowcksra.htm
Alaska,Woody Island State Recreation Site,Kodiak Island,,No,https://dnr.alaska.gov/parks/aspunits/kodiak/woodyissrs.htm
Alaska,Worthington Glacier State Recreation Site,Unorganized,,No,https://dnr.alaska.gov/parks/aspunits/kenai/worthglsrs.htm
Arizona,Alamo Lake State Park,"Mohave, La Paz","37 mi N of Wenden & US Hwy 60, Wenden, AZ 85357",Yes,https://azstateparks.com/alamo-lake
Arizona,Buckskin Mountain State Park,La Paz,"5476 North US Hwy 95 Parker, AZ 85344",Yes,https://azstateparks.com/buckskin
Arizona,Catalina State Park,Pima,"11570 N. Oracle Rd Tucson, AZ 85737",Yes,https://azstateparks.com/catalina
Arizona,Cattail Cove State Park,Mohave,"1990 Lake Havasu City, AZ 86405",Yes,https://azstateparks.com/cattail-cove
Arizona,Colorado River State Historic Park,Mohave,"201 N. 4th Avenue Yuma, AZ 85364",No,https://azstateparks.com/colorado-river
Arizona,Dankworth Pond State Park,Graham,"8600 US-191 Safford, AZ 85546",Yes,https://azstateparks.com/dankworth-pond
Arizona,Dead Horse Ranch State Park,Yavapai,"675 Dead Horse Ranch Road Cottonwood, AZ 86326",Yes,https://azstateparks.com/dead-horse
Arizona,Fool Hollow Lake Recreation Area,Navajo,"1500 N. Fool Hollow Lake Show Low, AZ 85901",Yes,https://azstateparks.com/fool-hollow
Arizona,Fort Verde State Historic Park,Yavapai,"125 E. Hollamon St. Camp Verde, AZ 86322",Yes,https://azstateparks.com/fort-verde
Arizona,Granite Mountain Hotshots Memorial State Park,Yavapai,,,https://azstateparks.com/hotshots
Arizona,Homolovi State Park,Navajo,"1-40 Exit 257 N on US Hwy 87, Winslow, AZ 86047",Yes,https://azstateparks.com/homolovi
Arizona,Jerome State Historic Park,Yavapai,"100 Douglas Road Jerome, AZ 86331",No,https://azstateparks.com/jerome
Arizona,Kartchner Caverns State Park,Cochise,"2980 S Hwy 90 Benson, AZ 85602",Yes,https://azstateparks.com/kartchner
Arizona,Lake Havasu State Park,Mohave,"699 London Bridge Road Lake Havasu City, AZ 86403",Yes,https://azstateparks.com/lake-havasu
Arizona,Lost Dutchman State Park,Pinal,"6109 N. Apache Trail Apache Junction, AZ 85119",Yes,https://azstateparks.com/lost-dutchman
Arizona,Lyman Lake State Park,Apache,"1428 St. Johns, AZ 85936",No,https://azstateparks.com/lyman-lake
Arizona,McFarland State Historic Park,Pinal,"24 West Ruggles St. Florence, AZ 85132",Yes,https://azstateparks.com/mcfarland
Arizona,Oracle State Park,Pinal,"3820 Wildlife Drive Oracle, AZ 85623",No,https://azstateparks.com/oracle
Arizona,Patagonia Lake State Park,Santa Cruz,"400 Patagonia Lake Rd Nogales, AZ 85621",Yes,https://azstateparks.com/patagonia-lake
Arizona,Picacho Peak State Park,Pinal,"15520 Picacho Peak Road, Picacho, AZ 85141",Yes,https://azstateparks.com/picacho
Arizona,Red Rock State Park,Yavapai,"4050 Red Rock Loop Rd Sedona, AZ 86336",Yes,https://azstateparks.com/red-rock
Arizona,Riordan Mansion State Historic Park,Coconino,"409 West Riordan Rd Flagstaff, AZ 86001",Yes,https://azstateparks.com/riordan-mansion
Arizona,River Island State Park,Mohave,"5200 N. Highway 95 Parker, AZ 85344",Yes,https://azstateparks.com/river-island
Arizona,Rockin' River Ranch State Park,Yavapai,"4513 S. Salt Mine Rd Camp Verde, AZ 86322",No,https://azstateparks.com/rockin-river
Arizona,Roper Lake State Park,Graham,"101 East Roper Lake Road Safford, AZ 85546",Yes,https://azstateparks.com/roper-lake
Arizona,San Rafael State Natural Area,Santa Cruz,,,https://azstateparks.com/san-rafael
Arizona,Slide Rock State Park,Coconino,"6871 N. Highway 89A Sedona, AZ 86336",No,https://azstateparks.com/slide-rock
Arizona,Sonoita Creek State Natural Area,Santa Cruz,"400 Lake Patagonia Rd Patagonia, AZ 85624",Yes,https://azstateparks.com/sonoita-creek
Arizona,Tombstone Courthouse State Historic Park,Cochise,"223 Toughnut Street Tombstone, AZ 85638",No,https://azstateparks.com/tombstone
Arizona,Tonto Natural Bridge State Park,Gila,"10 mi N US Hwy 87, Payson, AZ 85547",No,https://azstateparks.com/tonto
Arizona,Tubac Presidio State Historic Park,Santa Cruz,,,https://azstateparks.com/tubac
Arizona,Verde River Greenway State Natural Area,Yavapai,,,https://azstateparks.com/verde-river
Arizona,Yuma Territorial Prison State Historic Park,Yuma,"220 N. Prison Hill Road Yuma, AZ 85364",No,https://azstateparks.com/yuma-territorial
Arkansas,Arkansas Museum of Natural Resources,Union,"4087 Smackover Hwy. Smackover, AR 71762",No,https://www.arkansas.com/state-parks/explore/parks/arkansas-museum-of-natural-resources
Arkansas,Arkansas Post Museum,Arkansas,"5530 Hwy. 165 South Gillett, AR 72055",No,https://www.arkansas.com/state-parks/explore/parks/arkansas-post-museum
Arkansas,Blanchard Springs Caverns,Stone,"704 Blanchard Springs Road Fifty-Six, AR 72533",Yes,https://www.arkansas.com/state-parks/explore/parks/blanchard-springs-caverns
Arkansas,Bull Shoals-White River State Park,Baxter,"153 Dam Overlook Lane,Bull Shoals, AR 72619",Yes,https://www.arkansas.com/state-parks/explore/parks/bull-shoals-white-river-state-park
Arkansas,Cane Creek State Park,Lincoln,"50 State Park Road Star City, AR 71667",Yes,https://www.arkansas.com/state-parks/explore/parks/cane-creek-state-park
Arkansas,Conway Cemetery State Park,Lafayette,,No,https://www.arkansas.com/state-parks/explore/parks/conway-cemetery-state-park
Arkansas,Cossatot River State Park-Natural Area,Howard,"1980 Hwy. 278 West Wickes, AR 71973",Yes,https://www.arkansas.com/state-parks/explore/parks/cossatot-river-state-park-natural-area
Arkansas,Crater of Diamonds State Park,Pike,"209 State Park Rd Murfreesboro, AR 71958",Yes,https://www.arkansas.com/state-parks/explore/parks/crater-of-diamonds-state-park
Arkansas,Crowley's Ridge State Park,Greene,"2092 Hwy. 168 North Paragould, AR 72450",Yes,https://www.arkansas.com/state-parks/explore/parks/crowleys-ridge-state-park
Arkansas,Daisy State Park,Pike,"103 East Park Kirby, AR 71950",Yes,https://www.arkansas.com/state-parks/explore/parks/daisy-state-park
Arkansas,Davidsonville Historic State Park,Randolph,"8047 Hwy. 166 South Pocahontas, AR 72455",Yes,https://www.arkansas.com/state-parks/explore/parks/davidsonville-historic-state-park
Arkansas,DeGray Lake Resort State Park,Clark,"2027 State Park Entrance Road Bismarck, AR 71929",Yes,https://www.arkansas.com/state-parks/explore/parks/degray-lake-resort-state-park
Arkansas,Delta Heritage Trail State Park,Phillips,"5539 Hwy 49 Helena-West Helena, AR 72390",Yes,https://www.arkansas.com/state-parks/explore/parks/delta-heritage-trail-state-park
Arkansas,Devil's Den State Park,Washington,"11333 West Arkansas Hwy. 74 West Fork, AR 72774",Yes,https://www.arkansas.com/state-parks/explore/parks/devils-den-state-park
Arkansas,Hampson Archeological Museum State Park,Mississippi,"33 Park Avenue Wilson, AR 72395",Yes,https://www.arkansas.com/state-parks/explore/parks/hampson-archeological-museum-state-park
Arkansas,Herman Davis State Park,Mississippi,"18b And Baltimore Street Manila, AR 72442",No,https://www.arkansas.com/state-parks/explore/parks/herman-davis-state-park
Arkansas,Historic Washington State Park,Hempstead,"103 Franklin Street Washington, AR 71862",Yes,https://www.arkansas.com/state-parks/explore/parks/historic-washington-state-park
Arkansas,Hobbs State Park-Conservation Area,Benton,"20201 East Hwy. 12 Rogers, AR 72756",Yes,https://www.arkansas.com/state-parks/explore/parks/hobbs-state-park-conservation-area
Arkansas,Jacksonport State Park,Jackson,"111 Avenue St. Newport, AR 72112",Yes,https://www.arkansas.com/state-parks/explore/parks/jacksonport-state-park
Arkansas,Jenkins Ferry Battleground State Park,Grant,,No,https://www.arkansas.com/state-parks/explore/parks/jenkins-ferry-battleground-state-park
Arkansas,Lake Catherine State Park,Hot Spring,"1200 Catherine Park Road Hot Springs, AR 71913",Yes,https://www.arkansas.com/state-parks/explore/parks/lake-catherine-state-park
Arkansas,Lake Charles State Park,Lawrence,"3705 Hwy. 25 Powhatan, AR 72458",Yes,https://www.arkansas.com/state-parks/explore/parks/lake-charles-state-park
Arkansas,Lake Chicot State Park,Chicot,"2542 Hwy. 257 Lake Village, AR 71653",Yes,https://www.arkansas.com/state-parks/explore/parks/lake-chicot-state-park
Arkansas,Lake Dardanelle State Park,Pope,"100 State Park Drive Russellville, AR 72802",Yes,https://www.arkansas.com/state-parks/explore/parks/lake-dardanelle-state-park
Arkansas,Lake Fort Smith State Park,Crawford,"15458 Shepherd Springs Road Mountainburg, AR 72946",Yes,https://www.arkansas.com/state-parks/explore/parks/lake-fort-smith-state-park
Arkansas,Lake Frierson State Park,Greene,"7904 Hwy. 141 Jonesboro, AR 72401",Yes,https://www.arkansas.com/state-parks/explore/parks/lake-frierson-state-park
Arkansas,Lake Ouachita State Park,Garland,"5451 Mountain Pine Rd Mountain Pine, AR 71956",Yes,https://www.arkansas.com/state-parks/explore/parks/lake-ouachita-state-park
Arkansas,Lake Poinsett State Park,Poinsett,"5752 State Park Lane Harrisburg, AR 72432",Yes,https://www.arkansas.com/state-parks/explore/parks/lake-poinsett-state-park
Arkansas,Lake Sylvia Recreation Area,Perry,,No,https://www.arkansas.com/state-parks/explore/parks/lake-sylvia-recreation-area
Arkansas,Logoly State Park,Columbia,"131 Columbia Road 459 Magnolia, AR 71753",Yes,https://www.arkansas.com/state-parks/explore/parks/logoly-state-park
Arkansas,Louisiana Purchase State Park,"Monroe, Lee, Phillips","362 Holly Grove, AR 72069",No,https://www.arkansas.com/state-parks/explore/parks/louisiana-purchase-state-park
Arkansas,Lower White River Museum State Park,Prairie,"2009 Main Street Des Arc, AR 72040",No,https://www.arkansas.com/state-parks/explore/parks/lower-white-river-museum-state-park
Arkansas,Mammoth Spring State Park,Fulton,"17 Highway 63 North Mammoth Spring, AR 72554",Yes,https://www.arkansas.com/state-parks/explore/parks/mammoth-spring-state-park
Arkansas,Marks' Mills Battleground State Park,Cleveland,,No,https://www.arkansas.com/state-parks/explore/parks/marks-mills-battleground-state-park
Arkansas,Millwood State Park,Little River,"1564 Hwy. 32 East Ashdown, AR 71822",Yes,https://www.arkansas.com/state-parks/explore/parks/millwood-state-park
Arkansas,Mississippi River State Park,Lee,"2955 State Hwy 44 Marianna, AR 72360",Yes,https://www.arkansas.com/state-parks/explore/parks/mississippi-river-state-park
Arkansas,Moro Bay State Park,Bradley,"6071 Hwy. 600 Jersey, AR 71651",Yes,https://www.arkansas.com/state-parks/explore/parks/moro-bay-state-park
Arkansas,Mount Magazine State Park,Logan,"16878 AR-309 Paris, AR 72855",Yes,https://www.arkansas.com/state-parks/explore/parks/mount-magazine-state-park
Arkansas,Mount Nebo State Park,Yell,"16728 West State Hwy. 155 Dardanelle, AR 72834",Yes,https://www.arkansas.com/state-parks/explore/parks/mount-nebo-state-park
Arkansas,Ozark Folk Center State Park,Stone,"1032 Park Avenue Mountain View, AR 72560",Yes,https://www.arkansas.com/state-parks/explore/parks/ozark-folk-center-state-park
Arkansas,Parkin Archeological State Park,Cross,"60 State Hwy 184 Parkin, AR 72373",No,https://www.arkansas.com/state-parks/explore/parks/parkin-archeological-state-park
Arkansas,Petit Jean State Park,Conway,"1285 Petit Jean Mountain Road Morrilton, AR 72110",Yes,https://www.arkansas.com/state-parks/explore/parks/petit-jean-state-park
Arkansas,Pinnacle Mountain State Park,Pulaski,"9600 Highway 300 Roland, AR 72135",Yes,https://www.arkansas.com/state-parks/explore/parks/pinnacle-mountain-state-park
Arkansas,Plantation Agriculture Museum,Pulaski,"4815 AR Hwy 161 South Scott, AR 72142",No,https://www.arkansas.com/state-parks/explore/parks/plantation-agriculture-museum
Arkansas,Plum Bayou Mounds Archeological State Park,Lonoke,"490 Toltec Mounds Road Scott, AR 72142",Yes,https://www.arkansas.com/state-parks/explore/parks/plum-bayou-mounds-archeological-state-park
Arkansas,Poison Springs Battleground State Park,Ouachita,"655 Ark Hwy 76 Chidester, AR 71726",No,https://www.arkansas.com/state-parks/explore/parks/poison-springs-battleground-state-park
Arkansas,Powhatan Historic State Park,Lawrence,"4414 Hwy 25 Powhatan, AR 72458",Yes,https://www.arkansas.com/state-parks/explore/parks/powhatan-historic-state-park
Arkansas,Prairie Grove Battlefield State Park,Washington,"506 East Douglas Street Prairie Grove, AR 72753",No,https://www.arkansas.com/state-parks/explore/parks/prairie-grove-battlefield-state-park
Arkansas,Queen Wilhelmina State Park,Polk,"3877 Highway 88 West Mena, AR 71953",No,https://www.arkansas.com/state-parks/explore/parks/queen-wilhelmina-state-park
Arkansas,South Arkansas Arboretum,Union,"1506 Mt Holly Rd El Dorado, AR 71730",No,https://www.arkansas.com/state-parks/explore/parks/south-arkansas-arboretum
Arkansas,Village Creek State Park,Cross,"201 County Road 754 Wynne, AR 72396",Yes,https://www.arkansas.com/state-parks/explore/parks/village-creek-state-park
Arkansas,White Oak Lake State Park,Nevada,"563 Hwy. 387 Bluff City, AR 71722",Yes,https://www.arkansas.com/state-parks/explore/parks/white-oak-lake-state-park
Arkansas,Withrow Springs State Park,Madison,"33424 Spur 23 Huntsville, AR 72740",Yes,https://www.arkansas.com/state-parks/explore/parks/withrow-springs-state-park
Arkansas,Woolly Hollow State Park,Faulkner,"82 Woolly Hollow Road Greenbrier, AR 72058",Yes,https://www.arkansas.com/state-parks/explore/parks/woolly-hollow-state-park
California,Admiral William Standley State Recreation Area,Mendocino,"69350 U.S. Highway 101 #2, Weaverville, CA 96093",,https://www.parks.ca.gov/?page_id=424
California,Ahjumawi Lava Springs State Park,Shasta,"24898 State Highway 89, Jenner, CA 95450",,https://www.parks.ca.gov/?page_id=464
California,Albany State Marine Reserve,Alameda,,,https://www.parks.ca.gov/?page_id=22880
California,Anderson Marsh State Historic Park,Lake,,,https://www.parks.ca.gov/?page_id=483
California,Andrew Molera State Park,Monterey,"BIG SUR STATION #1, 47555 Highway 1, Lompoc, CA 93436",,https://www.parks.ca.gov/?page_id=582
California,Angel Island State Park,Marin,"P.O. Box 318, Tiburon, CA 94920",,https://www.parks.ca.gov/?page_id=468
California,Antelope Valley California Poppy Reserve State Natural Reserve,Los Angeles,,,https://www.parks.ca.gov/?page_id=627
California,Antelope Valley Indian Museum State Historic Park,Los Angeles,"15701 East Ave. M Lancaster, CA 93535",Yes,https://www.parks.ca.gov/?page_id=632
California,Anza-Borrego Desert State Park,"San Diego, Imperial, Riverside","200 Palm Canyon Drive, Borrego Springs, CA 92004",,https://www.parks.ca.gov/?page_id=638
California,Armstrong Redwoods State Natural Reserve,Sonoma,"17000 Armstrong Woods Road Guerneville, CA 95446",Yes,https://www.parks.ca.gov/?page_id=450
California,Arthur B. Ripley Desert Woodland State Park,Los Angeles,"15701 East Avenue M, Carlsbad, CA 92008",,https://www.parks.ca.gov/?page_id=634
California,Asilomar State Beach,Monterey,"00 PM 804 Crocker Avenue, Pacific Grove, CA 93950",No,https://www.parks.ca.gov/?page_id=566
California,Auburn State Recreation Area,"Placer, El Dorado","501 El Dorado Street Auburn, CA 95603",No,https://www.parks.ca.gov/?page_id=502
California,Austin Creek State Recreation Area,Sonoma,"17000 Armstrong Woods Rd, Alameda, CA 94501",,https://www.parks.ca.gov/?page_id=452
California,Azalea State Natural Reserve,Humboldt,"15336 Highway 101 Trinidad, CA 95570",No,https://www.parks.ca.gov/?page_id=420
California,Año Nuevo State Park,San Mateo,"1 New Years Creek Rd Pescadero, CA 94060",Yes,https://www.parks.ca.gov/?page_id=523
California,Bale Grist Mill State Historic Park,Napa,,,https://www.parks.ca.gov/?page_id=482
California,Bean Hollow State Beach,San Mateo,,,https://www.parks.ca.gov/?page_id=527
California,Benbow State Recreation Area,Humboldt,"1600 Us Highway 101, #8, Garberville, CA 95542",No,https://www.parks.ca.gov/?page_id=426
California,Benicia Capitol State Historic Park,Solano,"115 West G Street Benicia, CA 94510",No,https://www.parks.ca.gov/?page_id=475
California,Benicia State Recreation Area,Solano,"1 State Park Rd, San Juan Bautista, CA 95045",,https://www.parks.ca.gov/?page_id=476
California,Bethany Reservoir State Recreation Area,Alameda,"13638 Christensen Rd, Byron, CA 94514",No,https://www.parks.ca.gov/?page_id=562
California,Bidwell Mansion State Historic Park,Butte,,,https://www.parks.ca.gov/?page_id=460
California,Bidwell-Sacramento River State Park,Butte,"12105 River Rd, Burney, CA 96013",,https://www.parks.ca.gov/?page_id=463
California,Big Basin Redwoods State Park,Santa Cruz,"20580 Big Basin Way, Boulder Creek, CA 95006",Yes,https://www.parks.ca.gov/?page_id=540
California,Bodie State Historic Park,Mono,,,https://www.parks.ca.gov/?page_id=509
California,Bolsa Chica State Beach,Orange,"17851 Pacific Coast Highway, Huntington Beach, CA 92649",Yes,https://www.parks.ca.gov/?page_id=642
California,Border Field State Park,San Diego,"301 Caspian Way, Imperial Beach, CA 91932",,https://www.parks.ca.gov/?page_id=664
California,Bothe-Napa Valley State Park,Napa,"3801 St. Helena Hwy., Calistoga, CA 94515",,https://www.parks.ca.gov/?page_id=477
California,Brannan Island State Recreation Area,Sacramento,"17645 State Hwy. 160, Rio Vista, CA 94571",,https://www.parks.ca.gov/?page_id=487
California,Burton Creek State Park,Placer,"Po Box 266, Folsom, CA 95630",,https://www.parks.ca.gov/?page_id=512
California,Butano State Park,San Mateo,"1500 Cloverdale Road, Pescadero, CA 94060",,https://www.parks.ca.gov/?page_id=536
California,Calaveras Big Trees State Park,"Calaveras, Tuolumne","1170 East Hwy 4, Arnold, CA 95223",,https://www.parks.ca.gov/?page_id=551
California,California Citrus State Historic Park,Riverside,"9400 Dufferin Ave. Riverside, CA 92504",Yes,https://www.parks.ca.gov/?page_id=649
California,Cambria State Marine Park,San Luis Obispo,,,https://www.parks.ca.gov/?page_id=27201
California,Candlestick Point State Recreation Area,San Francisco,"500 Hunters Point Expressway, San Francisco, CA 94124",No,https://www.parks.ca.gov/?page_id=519
California,Cardiff State Beach,San Diego,,,https://www.parks.ca.gov/?page_id=656
California,Carlsbad State Beach,San Diego,,,https://www.parks.ca.gov/?page_id=653
California,Carmel River State Beach,Monterey,,,https://www.parks.ca.gov/?page_id=567
California,Carnegie State Vehicular Recreation Area,"San Joaquin, Alameda","18600 west Corral Hollow Road, Tracy, CA 95376",No,https://www.parks.ca.gov/?page_id=1172
California,Carpinteria State Beach,Santa Barbara,,,https://www.parks.ca.gov/?page_id=599
California,Caspar Headlands State Beach,Mendocino,,,https://www.parks.ca.gov/?page_id=445
California,Caspar Headlands State Natural Reserve,Mendocino,,,https://www.parks.ca.gov/?page_id=444
California,Castaic Lake State Recreation Area,Los Angeles,"32132 Ridge Route Rd, Lancaster, CA 93535",,https://www.parks.ca.gov/?page_id=628
California,Castle Crags State Park,Shasta,"20022 Castle Creek Road Castella, CA 96017",No,https://www.parks.ca.gov/?page_id=454
California,Castle Rock State Park,"Santa Cruz, San Mateo, Santa Clara","15000 Skyline Blvd, Santa Cruz, CA 95060",,https://www.parks.ca.gov/?page_id=538
California,Caswell Memorial State Park,San Joaquin,"28000 South Austin Road Ripon, CA 95366",No,https://www.parks.ca.gov/?page_id=557
California,Cayucos State Beach,San Luis Obispo,,,https://www.parks.ca.gov/?page_id=596
California,China Camp State Park,Marin,"101 Peacock Gap Trail San Rafael, CA 94901",No,https://www.parks.ca.gov/?page_id=466
California,Chino Hills State Park,San Bernardino,"4721 Sapphire Road Chino Hills, CA 91709",Yes,https://www.parks.ca.gov/?page_id=648
California,Chumash Painted Cave State Historic Park,Santa Barbara,,,https://www.parks.ca.gov/?page_id=602
California,Clay Pit State Vehicular Recreation Area,Butte,"4900 Larkin Road Oroville, CA 95965",No,https://www.parks.ca.gov/?page_id=25572
California,Clear Lake State Park,Lake,"5300 Soda Bay Rd, Kelseyville, CA 95451",,https://www.parks.ca.gov/?page_id=473
California,Colonel Allensworth State Historic Park,Tulare,"4011 Grant Dr. Earlimart, CA 93219",Yes,https://www.parks.ca.gov/?page_id=583
California,Columbia State Historic Park,Tuolumne,"22708 Broadway Street,Columbia, CA 95310",Yes,https://www.parks.ca.gov/?page_id=552
California,Colusa-Sacramento River State Recreation Area,Colusa,"P.O. Box 207, Colusa, CA 95932-0207",,https://www.parks.ca.gov/?page_id=461
California,Corona del Mar State Beach,Orange,,,https://www.parks.ca.gov/?page_id=652
California,Crystal Cove State Park,Orange,"8471 North Coast Highway Laguna Beach, CA 92651",Yes,https://www.parks.ca.gov/?page_id=644
California,Cuyamaca Rancho State Park,San Diego,"13652 Highway 79 Julian, CA 92036",Yes,https://www.parks.ca.gov/?page_id=667
California,D. L. Bliss State Park,El Dorado,"9881 Hwy 89, Tahom, CA 96142",,https://www.parks.ca.gov/?page_id=505
California,Del Norte Coast Redwoods State Park,Del Norte,,No,https://www.parks.ca.gov/?page_id=414
California,Dockweiler State Beach,Los Angeles,,,https://www.parks.ca.gov/?page_id=617
California,Doheny State Beach,Orange,,,https://www.parks.ca.gov/?page_id=645
California,Donner Memorial State Park,"Nevada, Placer","12593 Donner Pass Road, Truckee, CA 96161",,https://www.parks.ca.gov/?page_id=503
California,Eastern Kern County Onyx Ranch State Vehicular Recreation Area,Kern,"C/O Hungry Valley SVRA 46001 Orwin Way Gorman, CA 93243",No,https://www.parks.ca.gov/?page_id=28617
California,Ed Z'berg Sugar Pine Point State Park,El Dorado,,,https://www.parks.ca.gov/?page_id=510
California,El Capitán State Beach,Santa Barbara,,,https://www.parks.ca.gov/?page_id=601
California,El Presidio de Santa Barbara State Historic Park,Santa Barbara,"123 East Canon Perdido Street, Santa Barbara, CA 93101",Yes,https://www.parks.ca.gov/?page_id=608
California,Emerald Bay State Park,El Dorado,,,https://www.parks.ca.gov/?page_id=506
California,Emeryville Crescent State Marine Reserve,Alameda,,,https://www.parks.ca.gov/?page_id=22881
California,Emma Wood State Beach,Ventura,"911 San Pedro St Ventura, CA 93001",No,https://www.parks.ca.gov/?page_id=604
California,Empire Mine State Historic Park,Nevada,,,https://www.parks.ca.gov/?page_id=499
California,Estero Bluffs State Park,San Luis Obispo,"Estero Bluffs State Park Cayucos, CA 93430",Yes,https://www.parks.ca.gov/?page_id=22263
California,Folsom Lake State Recreation Area,Placer,"7755 Folsom-Auburn Rd Folsom, CA 95630",No,https://www.parks.ca.gov/?page_id=500
California,Folsom Powerhouse State Historic Park,Sacramento,"9980 Greenback Lane Folsom, CA 95630",Yes,https://www.parks.ca.gov/?page_id=501
California,Fort Humboldt State Historic Park,Humboldt,,Yes,https://www.parks.ca.gov/?page_id=665
California,Fort Ord Dunes State Park,Monterey,"2211 Garden Rd, Perris, CA 92571",,https://www.parks.ca.gov/?page_id=580
California,Fort Ross State Historic Park,Sonoma,"19005 Coast Highway One Jenner, CA 95450",Yes,https://www.parks.ca.gov/?page_id=449
California,Fort Tejon State Historic Park,Kern,,,https://www.parks.ca.gov/?page_id=585
California,Franks Tract State Recreation Area,Contra Costa,"7806 Folsom Auburn Road, Tahoma, CA 96142",,https://www.parks.ca.gov/?page_id=490
California,Fremont Peak State Park,Monterey,"10700 San Juan Canyon Rd, San Juan Bautista, CA 95045",No,https://www.parks.ca.gov/?page_id=564
California,Garrapata State Park,Monterey,"2211 Garden Rd, Big Sur, CA 93920",,https://www.parks.ca.gov/?page_id=579
California,Gaviota State Park,Santa Barbara,"Gaviota State Park Rd, Goleta, CA 93117",,https://www.parks.ca.gov/?page_id=606
California,George J. Hatfield State Recreation Area,Merced,"4394 Kelley Rd, Hilmar, CA 95324",No,https://www.parks.ca.gov/?page_id=556
California,Governor's Mansion State Historic Park,Sacramento,,,https://www.parks.ca.gov/?page_id=498
California,Gray Whale Cove State Beach,San Mateo,,,https://www.parks.ca.gov/?page_id=528
California,Great Valley Grasslands State Park,Merced,"31426 Gonzaga Rd, Rancho Cordova, CA 95742",,https://www.parks.ca.gov/?page_id=559
California,Greenwood State Beach,Mendocino,,,https://www.parks.ca.gov/?page_id=447
California,Grizzly Creek Redwoods State Park,Humboldt,"16949 Highway 36, Carlotta, CA 95528",Yes,https://www.parks.ca.gov/?page_id=421
California,Grover Hot Springs State Park,Alpine,"3415 Hot Springs Road, Markleeville, CA 96120",,https://www.parks.ca.gov/?page_id=508
California,Half Moon Bay State Beach,San Mateo,"95 Kelly Avenue Half Moon Bay, CA 94019",Yes,https://www.parks.ca.gov/?page_id=531
California,Harmony Headlands State Park,San Luis Obispo,"Harmony Headlands State Park Cayucos, CA 93430",Yes,https://www.parks.ca.gov/?page_id=25735
California,Harry A. Merlo State Recreation Area,Humboldt,,,https://www.parks.ca.gov/?page_id=431
California,Hearst San Simeon State Historical Monument,San Luis Obispo,"750 Hearst Castle Road San Simeon, CA 93452",Yes,https://www.parks.ca.gov/?page_id=591
California,Hearst San Simeon State Park,San Luis Obispo,"500 San Simeon Creek Road Cambria, CA 93428",Yes,https://www.parks.ca.gov/?page_id=590
California,Heber Dunes State Vehicular Recreation Area,Imperial,"1610 Heber Road Holtville, CA 92250",No,https://www.parks.ca.gov/?page_id=25642
California,Hendy Woods State Park,Mendocino,"PO Box 12301 N. Hwy 1, Mendocino, CA 95460",,https://www.parks.ca.gov/?page_id=438
California,Henry Cowell Redwoods State Park,Santa Cruz,"101 Big Trees Park Rd. Felton, CA 95018",Yes,https://www.parks.ca.gov/?page_id=546
California,Henry W. Coe State Park,"Santa Clara, Stanislaus","9000 East Dunne Avenue, Morgan HIll, CA 95037",Yes,https://www.parks.ca.gov/?page_id=561
California,Hollister Hills State Vehicular Recreation Area,San Benito,"7800 Cienega Road, Hollister, CA 95023",No,https://www.parks.ca.gov/?page_id=1179
California,Humboldt Lagoons State Park,Humboldt,"15336 Highway 101 Trinidad, CA 95570",Yes,https://www.parks.ca.gov/?page_id=416
California,Humboldt Redwoods State Park,Humboldt,"P.O. Box 100, Weott, CA 95571",Yes,https://www.parks.ca.gov/?page_id=425
California,Hungry Valley State Vehicular Recreation Area,"Ventura, Los Angeles","46001 Orwin Way Gorman, CA 93243",Yes,https://www.parks.ca.gov/?page_id=1192
California,Huntington State Beach,Orange,"21601 Pacific Coast Highway, Huntington Beach, CA 92646",Yes,https://www.parks.ca.gov/?page_id=643
California,Indian Grinding Rock State Historic Park,Amador,"14881 Pine Grove-Volcano Road, Pine Grove, CA 95665",Yes,https://www.parks.ca.gov/?page_id=553
California,Jack London State Historic Park,Sonoma,,,https://www.parks.ca.gov/?page_id=478
California,Jedediah Smith Redwoods State Park,Del Norte,"1440 Us 199, Crescent City, CA 95531",Yes,https://www.parks.ca.gov/?page_id=413
California,John B. Dewitt Redwoods State Natural Reserve,Humboldt,,No,https://www.parks.ca.gov/?page_id=22274
California,John Little State Natural Reserve,Monterey,"1 Big Sur, CA 93920",No,https://www.parks.ca.gov/?page_id=568
California,Jug Handle State Natural Reserve,Mendocino,,,https://www.parks.ca.gov/?page_id=441
California,Julia Pfeiffer Burns State Park,Monterey,"47555 Highway 1, Big Sur, CA 93920",,https://www.parks.ca.gov/?page_id=578
California,Kenneth Hahn State Recreation Area,Los Angeles,,,https://www.parks.ca.gov/?page_id=612
California,Kings Beach State Recreation Area,Placer,"Po Box 266, Gustine, CA 95322",,https://www.parks.ca.gov/?page_id=511
California,Kruse Rhododendron State Natural Reserve,Sonoma,,,https://www.parks.ca.gov/?page_id=448
California,La Purísima Mission State Historic Park,Santa Barbara,,,https://www.parks.ca.gov/?page_id=598
California,Lake Del Valle State Recreation Area,Alameda,,,https://www.parks.ca.gov/?page_id=537
California,Lake Oroville State Recreation Area,Butte,"400 Glen Dr. Oroville, CA 95966",Yes,https://www.parks.ca.gov/?page_id=462
California,Lake Perris State Recreation Area,Riverside,"17801 Lake Perris Drive, Perris, CA 92571",No,https://www.parks.ca.gov/?page_id=651
California,Lake Valley State Recreation Area,El Dorado,"Po Box 266, Los Gatos, CA 95033",,https://www.parks.ca.gov/?page_id=515
California,Leland Stanford Mansion State Historic Park,Sacramento,,,https://www.parks.ca.gov/?page_id=489
California,Leo Carrillo State Park,Los Angeles,"35000 West Pacific Coast Highway, Malibu, CA 90265",Yes,https://www.parks.ca.gov/?page_id=616
California,Leucadia State Beach,San Diego,,,https://www.parks.ca.gov/?page_id=661
California,Lighthouse Field State Beach,Santa Cruz,,,https://www.parks.ca.gov/?page_id=550
California,Limekiln State Park,Monterey,"2211 Garden Road, Monterey, CA 93940",No,https://www.parks.ca.gov/?page_id=577
California,Little River State Beach,Humboldt,,No,https://www.parks.ca.gov/?page_id=419
California,Los Angeles State Historic Park,Los Angeles,"1245 N. Spring Street Los Angeles, CA 90012",No,https://www.parks.ca.gov/?page_id=22272
California,Los Encinos State Historic Park,Los Angeles,"16756 Moorpark St. Encino, CA 91436",No,https://www.parks.ca.gov/?page_id=619
California,Los Osos Oaks State Natural Reserve,San Luis Obispo,"1801 Los Osos Valley Road Los Osos, CA 93402",Yes,https://www.parks.ca.gov/?page_id=597
California,MacKerricher State Park,Mendocino,"12301 N. Hwy. 1, Mendocino, CA 95460",,https://www.parks.ca.gov/?page_id=436
California,Mailliard Redwoods State Natural Reserve,Mendocino,,No,https://www.parks.ca.gov/?page_id=439
California,Malakoff Diggins State Historic Park,Nevada,"23579 N. Bloomfield Road Nevada City, CA 95959",Yes,https://www.parks.ca.gov/?page_id=494
California,Malibu Creek State Park,Los Angeles,"1925 Las Virgenes Road, Calabasas, CA 91302",Yes,https://www.parks.ca.gov/?page_id=614
California,Malibu Lagoon State Beach,Los Angeles,"23200 Pacific Coast Highway, Malibu, CA 90265",No,https://www.parks.ca.gov/?page_id=835
California,Manchester State Park,Mendocino,"P.O. Box 440, Mendocino, California",,https://www.parks.ca.gov/?page_id=437
California,Mandalay State Beach,Ventura,,,https://www.parks.ca.gov/?page_id=609
California,Manresa State Beach,Santa Cruz,"1445 San Andreas Road Watsonville, CA 95076",No,https://www.parks.ca.gov/?page_id=545
California,Marconi Conference Center State Historic Park,Marin,"18500 CA-1, Marshall, CA 94940",No,https://www.parks.ca.gov/?page_id=467
California,Marina State Beach,Monterey,,,https://www.parks.ca.gov/?page_id=581
California,Marsh Creek State Park State Historic Park,Contra Costa,"96 Mitchell Canyon Road Clayton, CA 94517",No,https://www.parks.ca.gov/?page_id=525
California,Marshall Gold Discovery State Historic Park,El Dorado,"310 Back Street Coloma, CA 95613",Yes,https://www.parks.ca.gov/?page_id=484
California,Martial Cottle Park State Recreation Area,Santa Clara,"5283 Snell Ave San Jose, CA 95136",No,https://www.parks.ca.gov/?page_id=23450
California,McArthur-Burney Falls Memorial State Park,Shasta,"24898 Highway 89, Burney, CA 96013",,https://www.parks.ca.gov/?page_id=455
California,McConnell State Recreation Area,Merced,"8800 Mcconnell Road, Ballico, CA 95303",,https://www.parks.ca.gov/?page_id=554
California,McGrath State Beach,Ventura,,,https://www.parks.ca.gov/?page_id=607
California,McLaughlin Eastshore State Park State Seashore,"Alameda, Contra Costa","96 Mitchell Canyon Rd, Clayton, CA 94517",,https://www.parks.ca.gov/?page_id=520
California,Mendocino Headlands State Park,Mendocino,"735 Main Street Mendocino, CA 95460",Yes,https://www.parks.ca.gov/?page_id=442
California,Mendocino Woodlands State Park,Mendocino,"39350 Little Lake Road Mendocino, CA 95640",No,https://www.parks.ca.gov/?page_id=443
California,Millerton Lake State Recreation Area,Madera,"5290 Millerton Road, Friant, CA 93626",,https://www.parks.ca.gov/?page_id=587
California,Mono Lake Tufa State Natural Reserve,Mono,,,https://www.parks.ca.gov/?page_id=514
California,Montara State Beach,San Mateo,,,https://www.parks.ca.gov/?page_id=532
California,Montaña de Oro State Park,San Luis Obispo,,,https://www.parks.ca.gov/?page_id=592
California,Monterey State Beach,Monterey,,,https://www.parks.ca.gov/?page_id=576
California,Monterey State Historic Park,Monterey,,,https://www.parks.ca.gov/?page_id=575
California,Montgomery Woods State Natural Reserve,Mendocino,,No,https://www.parks.ca.gov/?page_id=434
California,Moonlight State Beach,San Diego,,,https://www.parks.ca.gov/?page_id=659
California,Morro Bay State Park,San Luis Obispo,"State Park Road, Morro Bay, CA 93442",,https://www.parks.ca.gov/?page_id=594
California,Morro Strand State Beach,San Luis Obispo,"Morro Bay Campground Yerba Buena & Highway 1 Morro Bay, CA 93442",Yes,https://www.parks.ca.gov/?page_id=593
California,Moss Landing State Beach,Monterey,,,https://www.parks.ca.gov/?page_id=574
California,Mount Diablo State Park,Contra Costa,"96 Mitchell Canyon Road Clayton, CA 94517",Yes,https://www.parks.ca.gov/?page_id=517
California,Mount San Jacinto State Park,Riverside,"25905 Highway 243, Idyllwild, CA 92549",Yes,https://www.parks.ca.gov/?page_id=636
California,Mount Tamalpais State Park,Marin,"3801 Panoramic Highway Mill Valley, CA 94941",Yes,https://www.parks.ca.gov/?page_id=471
California,Natural Bridges State Beach,Santa Cruz,,,https://www.parks.ca.gov/?page_id=541
California,Navarro River Redwoods State Park,Mendocino,"12301 NORTH HIGHWAY 1, Box 1, Rancho Cordova, CA 95742",,https://www.parks.ca.gov/?page_id=435
California,New Brighton State Beach,Santa Cruz,,,https://www.parks.ca.gov/?page_id=542
California,Oceano Dunes State Vehicular Recreation Area,San Luis Obispo,,,https://www.parks.ca.gov/?page_id=1207
California,Ocotillo Wells State Vehicular Recreation Area,San Diego,"5172 Highway 78 Borrego Springs, CA 92004",Yes,https://www.parks.ca.gov/?page_id=1217
California,Old Sacramento State Historic Park,Sacramento,,,https://www.parks.ca.gov/?page_id=497
California,Old Town San Diego State Historic Park,San Diego,"4002 Wallace St, San Diego, CA 92110",Yes,https://www.parks.ca.gov/?page_id=663
California,Olompali State Historic Park,Marin,"8901 Redwood Blvd. Novato, CA 94948",No,https://www.parks.ca.gov/?page_id=465
California,Pacheco State Park,Merced,"38787 Dinosaur Point Road, Hollister, CA 95023",No,https://www.parks.ca.gov/?page_id=560
California,Pacifica State Beach,San Mateo,"1 in Pacifica at 5000 Pacific Coast Hwy, Pacifica, CA 94044",No,https://www.parks.ca.gov/?page_id=524
California,Palomar Mountain State Park,San Diego,"19952 State Park Rd. Palomar, CA 92060",Yes,https://www.parks.ca.gov/?page_id=637
California,Pelican State Beach,Del Norte,,No,https://www.parks.ca.gov/?page_id=412
California,Pescadero State Beach,San Mateo,,,https://www.parks.ca.gov/?page_id=522
California,Petaluma Adobe State Historic Park,Sonoma,"3325 Adobe Road, Petaluma, CA 94954",Yes,https://www.parks.ca.gov/?page_id=474
California,Pfeiffer Big Sur State Park,Monterey,"47555 Highway 1, Big Sur, CA 93920",,https://www.parks.ca.gov/?page_id=570
California,Picacho State Recreation Area,Imperial,"Po Box 848, Lower Lake, CA 95457",,https://www.parks.ca.gov/?page_id=641
California,Pigeon Point Light Station State Historic Park,San Mateo,"210 Pigeon Point Road Highway 1 Pescadero, CA 94060",Yes,https://www.parks.ca.gov/?page_id=533
California,Pismo State Beach,San Luis Obispo,"555 Pier Avenue Oceano, CA 93445",Yes,https://www.parks.ca.gov/?page_id=595
California,Placerita Canyon State Park,Los Angeles,"19152 Placerita Canyon Rd, Lancaster, CA 93535",,https://www.parks.ca.gov/?page_id=622
California,Plumas-Eureka State Park,Plumas,"310 Johnsville Road Blairsden, CA 96103",Yes,https://www.parks.ca.gov/?page_id=507
California,Point Cabrillo Light Station State Historic Park,Mendocino,"12301 N Highway 1, Mendocino, CA 95460",Yes,https://www.parks.ca.gov/?page_id=22276
California,Point Dume State Beach,Los Angeles,,,https://www.parks.ca.gov/?page_id=623
California,Point Lobos State Natural Reserve,Monterey,"1 Box 62 Carmel, CA 93923",No,https://www.parks.ca.gov/?page_id=571
California,Point Mugu State Park,Ventura,"9000 W. Pacific Coast Highway, Malibu, CA 90265",Yes,https://www.parks.ca.gov/?page_id=630
California,Point Sal State Beach,Santa Barbara,,,https://www.parks.ca.gov/?page_id=605
California,Point Sur State Historic Park,Monterey,,,https://www.parks.ca.gov/?page_id=565
California,Pomponio State Beach,San Mateo,,,https://www.parks.ca.gov/?page_id=521
California,Portola Redwoods State Park,San Mateo,"9000 Portola Sp Rd, Lahonda, CA 94020-9717",,https://www.parks.ca.gov/?page_id=539
California,Prairie City State Vehicular Recreation Area,Sacramento,"13300 White Rock Road Rancho Cordova, CA 95742",No,https://www.parks.ca.gov/?page_id=1221
California,Prairie Creek Redwoods State Park,Humboldt,,Yes,https://www.parks.ca.gov/?page_id=415
California,Providence Mountains State Recreation Area,San Bernardino,"Po Box 1, Whittier, CA 90606",Yes,https://www.parks.ca.gov/?page_id=615
California,Pío Pico State Historic Park,Los Angeles,"6003 Pioneer Boulevard Whittier, CA 90606",No,https://www.parks.ca.gov/?page_id=621
California,Railtown 1897 State Historic Park,Tuolumne,,,https://www.parks.ca.gov/?page_id=491
California,Red Rock Canyon State Park,Kern,"15701 East Avenue M, Lancaster, CA 93535",,https://www.parks.ca.gov/?page_id=631
California,Refugio State Beach,Santa Barbara,"10 Refugio Beach Road, Goleta, CA 93117",No,https://www.parks.ca.gov/?page_id=603
California,Richardson Grove State Park,Humboldt,"1600 Highway 101 #8, Garberville, CA 95542",Yes,https://www.parks.ca.gov/?page_id=422
California,Rio de Los Angeles State Park State Recreation Area,Los Angeles,"2797 Truxtun Road San Diego, CA 92106",No,https://www.parks.ca.gov/?page_id=22277
California,Robert H. Meyer Memorial State Beach,Los Angeles,,,https://www.parks.ca.gov/?page_id=633
California,Robert Louis Stevenson State Park,"Napa, Lake, Sonoma","3801 St Helena Hwy, N, Benicia, CA 94510",,https://www.parks.ca.gov/?page_id=472
California,Robert W. Crown Memorial State Beach,Alameda,,,https://www.parks.ca.gov/?page_id=526
California,Russian Gulch State Park,Mendocino,"12301 N. Hwy 1, Mendocino, CA 95460",,https://www.parks.ca.gov/?page_id=432
California,Saddleback Butte State Park,Los Angeles,,,https://www.parks.ca.gov/?page_id=618
California,Salinas River State Beach,Monterey,,,https://www.parks.ca.gov/?page_id=573
California,Salt Point State Park,Sonoma,"25050 Highway 1, Jenner, CA 95450",Yes,https://www.parks.ca.gov/?page_id=453
California,Salton Sea State Recreation Area,Riverside,"100-225 State Park Road, North Shore, CA 92254",,https://www.parks.ca.gov/?page_id=639
California,Samuel P. Taylor State Park,Marin,"8889 Sir Francis Drake Blvd. Lagunitas, CA 94938",No,https://www.parks.ca.gov/?page_id=469
California,San Bruno Mountain State Park,San Mateo,"555 Guadalupe Cyn, Marshall, CA 94940",,https://www.parks.ca.gov/?page_id=518
California,San Buenaventura State Beach,Ventura,,,https://www.parks.ca.gov/?page_id=600
California,San Clemente State Beach,Orange,"243 Avenida Calafia, San Clemente, CA 92672",Yes,https://www.parks.ca.gov/?page_id=646
California,San Elijo State Beach,San Diego,"2050 S Coast Hwy 101 Cardiff, CA 92007",Yes,https://www.parks.ca.gov/?page_id=662
California,San Gregorio State Beach,San Mateo,,,https://www.parks.ca.gov/?page_id=529
California,San Juan Bautista State Historic Park,San Benito,"19 Franklin Street, San Juan Bautista, CA 95045",No,https://www.parks.ca.gov/?page_id=563
California,San Luis Reservoir State Recreation Area,Merced,"31426 Gonzaga Road, Gustine, CA 95322",Yes,https://www.parks.ca.gov/?page_id=558
California,San Onofre State Beach,San Diego,,,https://www.parks.ca.gov/?page_id=647
California,San Pasqual Battlefield State Historic Park,San Diego,"15808 San Pasqual Valley Road Escondido, CA 92027",Yes,https://www.parks.ca.gov/?page_id=655
California,Santa Cruz Mission State Historic Park,Santa Cruz,"144 School St Santa Cruz, CA 95060",Yes,https://www.parks.ca.gov/?page_id=548
California,Santa Monica State Beach,Los Angeles,,,https://www.parks.ca.gov/?page_id=624
California,Santa Susana Pass State Historic Park,Los Angeles,,,https://www.parks.ca.gov/?page_id=611
California,Schooner Gulch State Beach,Mendocino,,,https://www.parks.ca.gov/?page_id=446
California,Seacliff State Beach,Santa Cruz,,,https://www.parks.ca.gov/?page_id=543
California,Shasta State Historic Park,Shasta,"15312 Highway 299 West Shasta, CA 96087",No,https://www.parks.ca.gov/?page_id=456
California,Silver Strand State Beach,Ventura,"5000 Highway 75 Coronado, CA 92118",No,https://www.parks.ca.gov/?page_id=654
California,Silverwood Lake State Recreation Area,San Bernardino,"14651 Cedar Circle, Hesperia, CA 92345",,https://www.parks.ca.gov/?page_id=650
California,Sinkyone Wilderness State Park,Mendocino,"1600 Us Highway 101 Unit 8, Chico, CA 95926",No,https://www.parks.ca.gov/?page_id=429
California,Smithe Redwoods State Natural Reserve,Mendocino,,,https://www.parks.ca.gov/?page_id=427
California,Sonoma Coast State Park,Sonoma,"3095 Highway 1, Bodega Bay, CA 94923",,https://www.parks.ca.gov/?page_id=451
California,Sonoma State Historic Park,Sonoma,"20 E. Spain Street Sonoma, CA 95476",Yes,https://www.parks.ca.gov/?page_id=479
California,South Carlsbad State Beach,San Diego,"7201 Carlsbad Blvd. Carlsbad, CA 92008",Yes,https://www.parks.ca.gov/?page_id=660
California,South Yuba River State Park,Nevada,"17660 Pleasant Valley Road Penn Valley, CA 95946",Yes,https://www.parks.ca.gov/?page_id=496
California,Standish-Hickey State Recreation Area,Mendocino,"69350 Highway 101, Leggett, CA 95585",,https://www.parks.ca.gov/?page_id=423
California,State Indian Museum State Historic Park,Los Angeles,"2618 K Street Sacramento, CA 95816",Yes,https://www.parks.ca.gov/?page_id=486
California,Sugarloaf Ridge State Park,"Sonoma, Napa","2605 Adobe Canyon Road Kenwood, CA 95452",Yes,https://www.parks.ca.gov/?page_id=481
California,Sunset State Beach,Santa Cruz,,,https://www.parks.ca.gov/?page_id=544
California,Sutter Buttes State Park,Sutter,,,https://www.parks.ca.gov/?page_id=23452
California,Sutter's Fort State Historic Park,Sacramento,"2701 L Street Sacramento, CA 95816",No,https://www.parks.ca.gov/?page_id=485
California,Tahoe State Recreation Area,Placer,"Hwy 28 (Next To Mcdonalds), Tahoe City, California",,https://www.parks.ca.gov/?page_id=504
California,The Forest of Nisene Marks State Park,Santa Cruz,"Aptos Creek Road, Aptos, CA 95003",,https://www.parks.ca.gov/?page_id=666
California,Thornton State Beach,San Mateo,,,https://www.parks.ca.gov/?page_id=530
California,Tolowa Dunes State Park,Del Norte,"1111 Second Street Crescent City, CA 95531",No,https://www.parks.ca.gov/?page_id=430
California,Tomales Bay State Park,Marin,"1100 Pierce Point Rd., Inverness, CA 94937",,https://www.parks.ca.gov/?page_id=470
California,Tomo-Kahni State Historic Park,Kern,,,https://www.parks.ca.gov/?page_id=610
California,Topanga State Park,Los Angeles,"510 Los Liones Drive, Pacific Palisades, CA 90272",Yes,https://www.parks.ca.gov/?page_id=629
California,Torrey Pines State Beach,San Diego,"12600 N. Torrey Pines Road San Diego, CA 92037",No,https://www.parks.ca.gov/?page_id=658
California,Torrey Pines State Natural Reserve,San Diego,"12600 N. Torrey Pines Road San Diego, CA 92037",Yes,https://www.parks.ca.gov/?page_id=657
California,Trinidad State Beach,Humboldt,"4150 Patrick's Point Drive Trinidad, CA 95570",No,https://www.parks.ca.gov/?page_id=418
California,Trione-Annadel State Park,Sonoma,"6201 Channel Drive Santa Rosa, CA 95409",Yes,https://www.parks.ca.gov/?page_id=480
California,Tule Elk State Natural Reserve,Kern,"8653 Station Road, Buttonwillow, CA 93206",Yes,https://www.parks.ca.gov/?page_id=584
California,Turlock Lake State Recreation Area,Stanislaus,"22600 Lake Road, La Grange, CA 95329",No,https://www.parks.ca.gov/?page_id=555
California,Twin Lakes State Beach,Santa Cruz,,,https://www.parks.ca.gov/?page_id=547
California,Van Damme State Park,Mendocino,"P.O. Box 440, Mendocino, CA 95460",,https://www.parks.ca.gov/?page_id=433
California,Washoe Meadows State Park,El Dorado,"Po Box 266, Big Sur, CA 93920",,https://www.parks.ca.gov/?page_id=516
California,Wassama Round House State Historic Park,Madera,,,https://www.parks.ca.gov/?page_id=586
California,Watts Towers of Simon Rodia State Historic Park,Los Angeles,,,https://www.parks.ca.gov/?page_id=613
California,Weaverville Joss House State Historic Park,Trinity,,,https://www.parks.ca.gov/?page_id=457
California,Westport-Union Landing State Beach,Mendocino,,,https://www.parks.ca.gov/?page_id=440
California,Wilder Ranch State Park,Santa Cruz,"1401 Coast Rd, Santa Cruz, CA 95060",,https://www.parks.ca.gov/?page_id=549
California,Will Rogers State Beach,Los Angeles,,,https://www.parks.ca.gov/?page_id=625
California,Will Rogers State Historic Park,Los Angeles,,,https://www.parks.ca.gov/?page_id=626
California,William B. Ide Adobe State Historic Park,Tehama,"21659 Adobe Road Red Bluff, CA 96080",Yes,https://www.parks.ca.gov/?page_id=458
California,Woodland Opera House State Historic Park,Yolo,"340 2nd Street P.O. Box 1425 Woodland, CA 95776",No,https://www.parks.ca.gov/?page_id=488
California,Woodson Bridge State Recreation Area,Tehama,"25430 South Ave. Corning, CA 96021",No,https://www.parks.ca.gov/?page_id=459
California,Zmudowski State Beach,Monterey,,,https://www.parks.ca.gov/?page_id=572
Colorado,Arkansas Headwaters Recreation Area,Fremont,,,https://cpw.state.co.us/state-parks/arkansas-headwaters-recreation-area
Colorado,Barr Lake State Park,Adams,,,https://cpw.state.co.us/state-parks/barr-lake-state-park
Colorado,Boyd Lake State Park,Larimer,,,https://cpw.state.co.us/state-parks/boyd-lake-state-park
Colorado,Castlewood Canyon State Park,Douglas,,,https://cpw.state.co.us/state-parks/castlewood-canyon-state-park
Colorado,Chatfield State Park,Douglas,,,https://cpw.state.co.us/state-parks/chatfield-state-park
Colorado,Cherry Creek State Park,Arapahoe,,,https://cpw.state.co.us/state-parks/cherry-creek-state-park
Colorado,Cheyenne Mountain State Park,El Paso,,,https://cpw.state.co.us/state-parks/cheyenne-mountain-state-park
Colorado,Crawford State Park,Delta,,,https://cpw.state.co.us/state-parks/crawford-state-park
Colorado,Eldorado Canyon State Park,Boulder,,,https://cpw.state.co.us/state-parks/eldorado-canyon-state-park
Colorado,Eleven Mile State Park,Park,,,https://cpw.state.co.us/state-parks/eleven-mile-state-park
Colorado,Elkhead Reservoir State Park,"Routt, Moffat",,,https://cpw.state.co.us/state-parks/elkhead-reservoir-state-park
Colorado,Fishers Peak State Park,Las Animas,,,https://cpw.state.co.us/state-parks/fishers-peak-state-park
Colorado,Golden Gate Canyon State Park,Gilpin,,,https://cpw.state.co.us/state-parks/golden-gate-canyon-state-park
Colorado,Harvey Gap State Park,Garfield,,,https://cpw.state.co.us/state-parks/harvey-gap-state-park
Colorado,Highline Lake State Park,Mesa,,,https://cpw.state.co.us/state-parks/highline-lake-state-park
Colorado,Jackson Lake State Park,Morgan,,,https://cpw.state.co.us/state-parks/jackson-lake-state-park
Colorado,James M Robb Colorado River State Park,Mesa,,,https://cpw.state.co.us/state-parks/james-m-robb-colorado-river-state-park
Colorado,John Martin Reservoir State Park,Bent,,,https://cpw.state.co.us/state-parks/john-martin-reservoir-state-park
Colorado,Lake Pueblo State Park,Pueblo,,,https://cpw.state.co.us/state-parks/lake-pueblo-state-park
Colorado,Lathrop State Park,Huerfano,,,https://cpw.state.co.us/state-parks/lathrop-state-park
Colorado,Lone Mesa State Park,Dolores,,,https://cpw.state.co.us/state-parks/lone-mesa-state-park
Colorado,Lory State Park,Larimer,,,https://cpw.state.co.us/state-parks/lory-state-park
Colorado,Mancos State Park,Montezuma,,,https://cpw.state.co.us/state-parks/mancos-state-park
Colorado,Mueller State Park,Teller,,,https://cpw.state.co.us/state-parks/mueller-state-park
Colorado,Navajo State Park,Archuleta,,,https://cpw.state.co.us/state-parks/navajo-state-park
Colorado,North Sterling State Park,Logan,,,https://cpw.state.co.us/state-parks/north-sterling-state-park
Colorado,Paonia State Park,Gunnison,,,https://cpw.state.co.us/state-parks/paonia-state-park
Colorado,Pearl Lake State Park,Routt,,,https://cpw.state.co.us/state-parks/pearl-lake-state-park
Colorado,Ridgway State Park,Ouray,,,https://cpw.state.co.us/state-parks/ridgway-state-park
Colorado,Rifle Falls State Park,Garfield,,,https://cpw.state.co.us/state-parks/rifle-falls-state-park
Colorado,Rifle Gap State Park,Garfield,,,https://cpw.state.co.us/state-parks/rifle-gap-state-park
Colorado,Roxborough State Park,Douglas,,,https://cpw.state.co.us/state-parks/roxborough-state-park
Colorado,Spinney Mountain State Park,Park,,,https://cpw.state.co.us/state-parks/spinney-mountain-state-park
Colorado,St Vrain State Park,Weld,,,https://cpw.state.co.us/state-parks/st-vrain-state-park
Colorado,Stagecoach State Park,Routt,,,https://cpw.state.co.us/state-parks/stagecoach-state-park
Colorado,State Forest State Park,Jackson,,,https://cpw.state.co.us/state-parks/state-forest-state-park
Colorado,Staunton State Park,"Park, Jefferson",,,https://cpw.state.co.us/state-parks/staunton-state-park
Colorado,Steamboat Lake State Park,Routt,,,https://cpw.state.co.us/state-parks/steamboat-lake-state-park
Colorado,Sweitzer Lake State Park,Delta,,,https://cpw.state.co.us/state-parks/sweitzer-lake-state-park
Colorado,Sylvan Lake State Park,Eagle,,,https://cpw.state.co.us/state-parks/sylvan-lake-state-park
Colorado,Trinidad Lake State Park,Las Animas,,,https://cpw.state.co.us/state-parks/trinidad-lake-state-park
Colorado,Vega State Park,Mesa,,,https://cpw.state.co.us/state-parks/vega-state-park
Colorado,Yampa River State Park,Routt,,,https://cpw.state.co.us/state-parks/yampa-river-state-park
Connecticut,Air Line State Park Trail,Northeastern Connecticut Planning Region,,,https://portal.ct.gov/deep/state-parks/parks/air-line-state-park-trail
Connecticut,Auerfarm State Park,Capitol Planning Region,,,https://portal.ct.gov/deep/state-parks/parks/auerfarm-state-park
Connecticut,Beckley Furnace Industrial Monument,Litchfield,,,https://portal.ct.gov/deep/state-parks/parks/beckley-furnace-industrial-monument
Connecticut,Bennett's Pond State Park,Fairfield,,,https://portal.ct.gov/deep/state-parks/parks/bennetts-pond-state-park
Connecticut,Bigelow Hollow State Park,Tolland,"298 Bigelow Hollow Rd. Union, CT 06076",No,https://portal.ct.gov/deep/state-parks/parks/bigelow-hollow-state-park-nipmuck-state-forest
Connecticut,Black Rock State Park,Litchfield,"2065 Thomaston Rd. Watertown, CT 06795",No,https://portal.ct.gov/deep/state-parks/parks/black-rock-state-park
Connecticut,Bluff Point State Park,New London,"55 Depot Road Groton, CT 06340",No,https://portal.ct.gov/deep/state-parks/parks/bluff-point-state-park
Connecticut,Burr Pond State Park,Litchfield,"384 Burr Mountain Road Torrington, CT 06790",No,https://portal.ct.gov/deep/state-parks/parks/burr-pond-state-park
Connecticut,Camp Columbia State Park,Litchfield,,,https://portal.ct.gov/deep/state-parks/parks/camp-columbia-state-park-forest
Connecticut,Chatfield Hollow State Park,Middlesex,"381 CT-80 Killingworth, CT 06419",Yes,https://portal.ct.gov/deep/state-parks/parks/chatfield-hollow-state-park
Connecticut,Collis P. Huntington State Park,Fairfield,"9 Dodgingtown Rd. Redding/Bethel/Newtown, CT 06896",No,https://portal.ct.gov/deep/state-parks/parks/collis-p-huntington-state-park
Connecticut,Connecticut Valley Railroad State Park,Lower Connecticut River Valley Planning Region,"1 Railroad Ave. Essex, CT 06426",No,https://portal.ct.gov/deep/state-parks/parks/connecticut-valley-railroad-state-park
Connecticut,Day Pond State Park,New London,,,https://portal.ct.gov/deep/state-parks/parks/day-pond-state-park
Connecticut,Dennis Hill State Park,Litchfield,"519 Litchfield Road Norfolk, CT 06058",No,https://portal.ct.gov/deep/state-parks/parks/dennis-hill-state-park
Connecticut,Devil's Hopyard State Park,Middlesex,"366 Hopyard Rd. East Haddam, CT 06423",No,https://portal.ct.gov/deep/state-parks/parks/devils-hopyard-state-park
Connecticut,Dinosaur State Park,Capitol Planning Region,"400 West St. Rocky Hill, CT 06067",Yes,https://portal.ct.gov/deep/state-parks/parks/dinosaur-state-park
Connecticut,Eagle Landing State Park,Middlesex,,,https://portal.ct.gov/deep/state-parks/parks/eagle-landing-state-park
Connecticut,Farm River State Park,New Haven,,,https://portal.ct.gov/deep/state-parks/parks/farm-river-state-park
Connecticut,Farmington Canal State Park Trail,New Haven,,,https://portal.ct.gov/deep/state-parks/parks/farmington-canal-state-park-trail
Connecticut,Fort Griswold Battlefield State Park,Southeastern Connecticut Planning Region,,,https://portal.ct.gov/deep/state-parks/parks/fort-griswold-battlefield-state-park
Connecticut,Fort Trumbull State Park,Southeastern Connecticut Planning Region,"90 Walbach St. New London, CT 06320",Yes,https://portal.ct.gov/deep/state-parks/parks/fort-trumbull-state-park
Connecticut,Gardner Lake State Park,New London,"126 Old Colchester Road Salem, CT 06420",No,https://portal.ct.gov/deep/state-parks/parks/gardner-lake-state-park
Connecticut,Gay City State Park,Tolland,"435 North St. Hebron, CT 06248",No,https://portal.ct.gov/deep/state-parks/parks/gay-city-state-park
Connecticut,George Dudley Seymour State Park,Middlesex,,,https://portal.ct.gov/deep/state-parks/parks/george-dudley-seymour-state-park
Connecticut,Gillette Castle State Park,New London,"67 River Rd. East Haddam, CT 06423",Yes,https://portal.ct.gov/deep/state-parks/parks/gillette-castle-state-park
Connecticut,Haddam Meadows State Park,Middlesex,"20 Parmelee Rd. Haddam, CT 06438",No,https://portal.ct.gov/deep/state-parks/parks/haddam-meadows-state-park
Connecticut,Haley Farm State Park,New London,,,https://portal.ct.gov/deep/state-parks/parks/haley-farm-state-park
Connecticut,Hammonasset Beach State Park,New Haven,"1288 Boston Post Rd. Madison, CT 06443",Yes,https://portal.ct.gov/deep/state-parks/parks/hammonasset-beach-state-park
Connecticut,Harkness Memorial State Park,New London,"275 Great Neck Road Waterford, CT 06385",No,https://portal.ct.gov/deep/state-parks/parks/harkness-memorial-state-park
Connecticut,Haystack Mountain State Park,Northwest Hills Planning Region,,No,https://portal.ct.gov/deep/state-parks/parks/haystack-mountain-state-park
Connecticut,Hop River State Park Trail,Tolland,,,https://portal.ct.gov/deep/state-parks/parks/hop-river-state-park-trail
Connecticut,Hopeville Pond State Park,New London,"929 Hopeville Road Griswold, CT 06351",No,https://portal.ct.gov/deep/state-parks/parks/hopeville-pond-state-park
Connecticut,Housatonic Meadows State Park,Litchfield,"90 US-Route 7 Sharon, CT 06069",No,https://portal.ct.gov/deep/state-parks/parks/housatonic-meadows-state-park
Connecticut,Hurd State Park,Middlesex,"74 Hurd Park Road East Hampton, CT 06424",No,https://portal.ct.gov/deep/state-parks/parks/hurd-state-park
Connecticut,Indian Well State Park,Fairfield,"1 Indian Well Road Shelton, CT 06484",No,https://portal.ct.gov/deep/state-parks/parks/indian-well-state-park
Connecticut,John A. Minetto State Park,Litchfield,,,https://portal.ct.gov/deep/state-parks/parks/john-a-minetto-state-park
Connecticut,Kent Falls State Park,Litchfield,"462 Kent Cornwall Road Kent, CT 06757",No,https://portal.ct.gov/deep/state-parks/parks/kent-falls-state-park
Connecticut,Kettletown State Park,New Haven,"1400 Georges Hill Road Southbury, CT 06488",No,https://portal.ct.gov/deep/state-parks/parks/kettletown-state-park
Connecticut,Lake Waramaug State Park,Litchfield,"30 Lake Waramaug Road Kent/New Preston, CT 06777",No,https://portal.ct.gov/deep/state-parks/parks/lake-waramaug-state-park
Connecticut,Larkin State Park Trail,New Haven,,,https://portal.ct.gov/deep/state-parks/parks/larkin-state-park-trail
Connecticut,Lovers Leap State Park,Litchfield,"178 Still River Drive New Milford, CT 06776",No,https://portal.ct.gov/deep/state-parks/parks/lovers-leap-state-park
Connecticut,Macedonia Brook State Park,Litchfield,"159 Macedonia Brook Road Kent, CT 06757",No,https://portal.ct.gov/deep/state-parks/parks/macedonia-brook-state-park
Connecticut,Machimoodus State Park,Middlesex,"128 Leesville Road Moodus, CT 06469",No,https://portal.ct.gov/deep/state-parks/parks/machimoodus-state-park
Connecticut,Mansfield Hollow State Park,Tolland,"151 Bassetts Bridge Road Mansfield, CT 06250",No,https://portal.ct.gov/deep/state-parks/parks/mansfield-hollow-state-park
Connecticut,Mashamoquet Brook State Park,Windham,"276 Mashamoquet Road Pomfret, CT 06259",No,https://portal.ct.gov/deep/state-parks/parks/mashamoquet-brook-state-park
Connecticut,Millers Pond State Park,Middlesex,"344 Foot Hills Road Durham, CT 06422",No,https://portal.ct.gov/deep/state-parks/parks/millers-pond-state-park
Connecticut,Mooween State Park,New London,,,https://portal.ct.gov/deep/state-parks/parks/mooween-state-park
Connecticut,Mount Tom State Park,Litchfield,"95 Old South Road, Litchfield, CT 06759",No,https://portal.ct.gov/deep/state-parks/parks/mount-tom-state-park
Connecticut,Old Furnace State Park,Windham,,,https://portal.ct.gov/deep/state-parks/parks/old-furnace-state-park
Connecticut,Osbornedale State Park,New Haven,"43 Chatfield Street Derby, CT 06418",Yes,https://portal.ct.gov/deep/state-parks/parks/osbornedale-state-park
Connecticut,Penwood State Park,Hartford,"560 Simsbury Road Bloomfield, CT 06002",No,https://portal.ct.gov/deep/state-parks/parks/penwood-state-park
Connecticut,Putnam Memorial State Park,Fairfield,"499 Black Rock Turnpike Redding, CT 06896",Yes,https://portal.ct.gov/deep/state-parks/parks/putnam-memorial-state-park
Connecticut,Quaddick State Park,Windham,,,https://portal.ct.gov/deep/state-parks/parks/quaddick-state-park
Connecticut,Quinnipiac River State Park,New Haven,,,https://portal.ct.gov/deep/state-parks/parks/quinnipiac-river-state-park
Connecticut,River Highlands State Park,Middlesex,,,https://portal.ct.gov/deep/state-parks/parks/river-highlands-state-park
Connecticut,Rocky Neck State Park,New London,"244 W Main Street Niantic, CT 06357",No,https://portal.ct.gov/deep/state-parks/parks/rocky-neck-state-park
Connecticut,Selden Neck State Park,New London,,,https://portal.ct.gov/deep/state-parks/parks/selden-neck-state-park
Connecticut,Sherwood Island State Park,Fairfield,"11 Memorial Donation 79 Elm Street, Hartford, CT 06106",Yes,https://portal.ct.gov/deep/state-parks/parks/sherwood-island-state-park
Connecticut,Silver Sands State Park,New Haven,"1 Silver Sands Parkway Milford, CT 06460",No,https://portal.ct.gov/deep/state-parks/parks/silver-sands-state-park
Connecticut,Sleeping Giant State Park,New Haven,"200 Mount Carmel Avenue Hamden, CT 06518",No,https://portal.ct.gov/deep/state-parks/parks/sleeping-giant-state-park
Connecticut,Southford Falls State Park,New Haven,"175 Quaker Farms Rd. Southbury, CT 06488",No,https://portal.ct.gov/deep/state-parks/parks/southford-falls-state-park
Connecticut,Squantz Pond State Park,Fairfield,"178 Shortwoods Road New Fairfield, CT 06812",No,https://portal.ct.gov/deep/state-parks/parks/squantz-pond-state-park
Connecticut,Stratton Brook State Park,Hartford,"149 Farms Village Road Simsbury, CT 06070",Yes,https://portal.ct.gov/deep/state-parks/parks/stratton-brook-state-park
Connecticut,Sunrise State Park,Middlesex,"121 Leesville Road East Haddam, CT 06469",No,https://portal.ct.gov/deep/state-parks/parks/sunrise-state-park
Connecticut,Talcott Mountain State Park,Hartford,,,https://portal.ct.gov/deep/state-parks/parks/talcott-mountain-state-park
Connecticut,Wadsworth Falls State Park,Middlesex,"721 Wadsworth Street Middlefield/Middletown, CT 06457",No,https://portal.ct.gov/deep/state-parks/parks/wadsworth-falls-state-park
Connecticut,West Rock Ridge State Park,New Haven,"29 Main Street Hamden/New Haven, CT 06518",No,https://portal.ct.gov/deep/state-parks/parks/west-rock-ridge-state-park
Connecticut,Wharton Brook State Park,New Haven,"675 US-5 Wallingford/North Haven, CT 06492",No,https://portal.ct.gov/deep/state-parks/parks/wharton-brook-state-park
Connecticut,Windsor Locks Canal State Park Trail,Hartford,,,https://portal.ct.gov/deep/state-parks/parks/windsor-locks-canal-state-park-trail
Connecticut,Windsor Meadows State Park,Hartford,,,https://portal.ct.gov/deep/state-parks/parks/windsor-meadows-state-park
Delaware,Alapocas Run State Park,New Castle,,,https://destateparks.com/park/alapocas-run/
Delaware,Auburn Valley State Park,New Castle,,,https://destateparks.com/park/auburn-valley/
Delaware,Bellevue State Park,New Castle,,,https://destateparks.com/park/bellevue-state-park/
Delaware,Brandywine Creek State Park,New Castle,,,https://destateparks.com/park/brandywine-creek/
Delaware,Brandywine Zoo,New Castle,,,https://destateparks.com/park/brandywine-zoo/
Delaware,Cape Henlopen State Park,Sussex,,,https://destateparks.com/park/cape-henlopen/
Delaware,Delaware Seashore State Park,Sussex,,,https://destateparks.com/park/delaware-seashore/
Delaware,Fenwick Island State Park,Sussex,"39415 Inlet Road, Rehoboth Beach, DE 19971",No,https://destateparks.com/park/fenwick-island/
Delaware,First State Heritage Park,Kent,"25 The Green, Dover, DE 19901",Yes,https://destateparks.com/park/first-state-heritage/
Delaware,Fort Delaware State Park,New Castle,,,https://destateparks.com/park/fort-delaware/
Delaware,Fort DuPont State Park,New Castle,,,https://destateparks.com/park/fort-dupont/
Delaware,Fox Point State Park,New Castle,,,https://destateparks.com/park/fox-point/
Delaware,Holts Landing State Park,Sussex,"39415 Inlet Road, Rehoboth Beach, DE 19971",No,https://destateparks.com/park/holts-landing/
Delaware,Killens Pond State Park,Kent,,,https://destateparks.com/park/killens-pond/
Delaware,Lums Pond State Park,New Castle,,,https://destateparks.com/park/lums-pond/
Delaware,Trap Pond State Park,Sussex,,,https://destateparks.com/park/trap-pond/
Delaware,White Clay Creek State Park,New Castle,,,https://destateparks.com/park/white-clay-creek/
Delaware,Wilmington State Parks,New Castle,,,https://destateparks.com/park/wilmington-state-parks/
Florida,Adams Tract River Camp,Hamilton,,No,https://www.floridastateparks.org/parks-and-trails/adams-tract-river-camp
Florida,Addison Blockhouse Historic State Park,Volusia,"1800 Wekiwa Circle Apopka, FL 32712",No,https://www.floridastateparks.org/addison-blockhouse
Florida,Alafia River State Park,Hillsborough,"14326 S.County Road 39, Lithia, FL 33547",,https://www.floridastateparks.org/Alafia
Florida,Alfred B. Maclay Gardens State Park,Leon,"3540 Thomasville Road Tallahassee, FL 32309",Yes,https://www.floridastateparks.org/MaclayGardens
Florida,Allen David Broussard Catfish Creek Preserve State Park,Polk,"4335 Firetower Road Haines City, FL 33844",No,https://www.floridastateparks.org/catfish-creek
Florida,Amelia Island State Park,Nassau,"State Road A1A North, Jacksonville, FL 32226",,https://www.floridastateparks.org/amelia-island
Florida,Anastasia State Park,St. Johns,"300 Anastasia Park Road, St. Augustine, FL 32080",,https://www.floridastateparks.org/anastasia
Florida,Anclote Key Preserve State Park,"Pasco, Pinellas","Off Shore, Tarpon Springs, FL 34689",,https://www.floridastateparks.org/Anclote-Key
Florida,Atlantic Ridge Preserve State Park,Martin,"8120 SE Paulson Ave, Stuart, FL 34997",,https://www.floridastateparks.org/parks-and-trails/atlantic-ridge-preserve-state-park
Florida,Avalon State Park,St. Lucie,"State Road A1A North, North Hutchinson Island, FL 34949",,https://www.floridastateparks.org/parks-and-trails/avalon-state-park
Florida,Bahia Honda State Park,Monroe,"36850 Overseas Highway, Big Pine Key, FL 33043",,https://www.floridastateparks.org/BahiaHonda
Florida,Bald Point State Park,Franklin,"146 Box Cut Rd, Alligator Point, FL 32346",,https://www.floridastateparks.org/parks-and-trails/bald-point-state-park
Florida,Baseline Road Trailhead,Marion,"4255 S.E. 58th St. Ocala, FL 34480",No,https://www.floridastateparks.org/parks-and-trails/baseline-road-trailhead
Florida,Big Lagoon State Park,Escambia,"12301 Gulf Beach Highway, Pensacola, FL 32507",,https://www.floridastateparks.org/BigLagoon
Florida,Big Shoals State Park,Columbia,"11330 S.E. County Road 135, White Springs, FL 32096",,https://www.floridastateparks.org/parks-and-trails/big-shoals-state-park
Florida,Big Talbot Island State Park,Duval,"State Road A1A North, Jacksonville, FL 32226",,https://www.floridastateparks.org/parks-and-trails/big-talbot-island-state-park
Florida,Bill Baggs Cape Florida State Park,Miami-Dade,"1200 S Crandon Blvd, Key Biscayne, FL 33149",,https://www.floridastateparks.org/parks-and-trails/bill-baggs-cape-florida-state-park
Florida,Blackwater Heritage State Trail,Santa Rosa,"5533 Alabama St. Milton, FL 32570",Yes,https://www.floridastateparks.org/parks-and-trails/blackwater-heritage-state-trail
Florida,Blackwater River State Park,Santa Rosa,"7720 Deaton Bridge Road, Holt, FL 32564",,https://www.floridastateparks.org/parks-and-trails/blackwater-river-state-park
Florida,Blue Spring State Park,Volusia,"2100 West French Avenue, Orange City, FL 32763",,https://www.floridastateparks.org/parks-and-trails/blue-spring-state-park
Florida,Bulow Creek State Park,Volusia,"3351 Old Dixie Hwy, Ormond Beach, FL 32174",,https://www.floridastateparks.org/parks-and-trails/bulow-creek-state-park
Florida,Bulow Plantation Ruins Historic State Park,Flagler,"3501 Old Kings Road, Flagler Beach, FL 32136",,https://www.floridastateparks.org/parks-and-trails/bulow-plantation-ruins-historic-state-park
Florida,Caladesi Island State Park,Pinellas,"#1 Causeway Boulevard, Dunedin, FL 34698",,https://www.floridastateparks.org/parks-and-trails/caladesi-island-state-park
Florida,Camp Helen State Park,Bay,"23937 Panama City Beach Parkway Panama City Beach, FL 32413",Yes,https://www.floridastateparks.org/parks-and-trails/camp-helen-state-park
Florida,Cayo Costa State Park,Lee,"4 Nautical Miles West of Pine Island, Bokeelia, FL 33922",,https://www.floridastateparks.org/CayoCosta
Florida,Cedar Key Museum State Park,Levy,"12231 S.W. 166th Court Cedar Key, FL 32625",No,https://www.floridastateparks.org/parks-and-trails/cedar-key-museum-state-park
Florida,Cedar Key Scrub State Reserve,Levy,,No,https://www.floridastateparks.org/parks-and-trails/cedar-key-scrub-state-reserve
Florida,Charlotte Harbor Preserve State Park,Charlotte,"12301 Burnt Store Road Punta Gorda, FL 33955",Yes,https://www.floridastateparks.org/parks-and-trails/charlotte-harbor-preserve-state-park
Florida,Cockroach Bay Preserve State Park,Hillsborough,"1 Causeway Blvd. Dunedin, FL 34698",No,https://www.floridastateparks.org/parks-and-trails/cockroach-bay-preserve-state-park
Florida,Collier-Seminole State Park,Collier,"20200 East Tamiami Trail, Naples, FL 34114",,https://www.floridastateparks.org/parks-and-trails/collier-seminole-state-park
Florida,Colt Creek State Park,Polk,"16000 State Road 471, Lakeland, FL 33809",,https://www.floridastateparks.org/parks-and-trails/colt-creek-state-park
Florida,Constitution Convention Museum State Park,Gulf,"200 Allen Memorial Way Port St. Joe, FL 32456",No,https://www.floridastateparks.org/parks-and-trails/constitution-convention-museum-state-park
Florida,Crystal River Archaeological State Park,Citrus,"3400 N. Museum Point Crystal River, FL 34428",No,https://www.floridastateparks.org/parks-and-trails/crystal-river-archaeological-state-park
Florida,Crystal River Preserve State Park,Citrus,"3266 N. Sailboat Ave. Crystal River, FL 34428",No,https://www.floridastateparks.org/parks-and-trails/crystal-river-preserve-state-park
Florida,Curry Hammock State Park,Monroe,"56200 Overseas Hwy, Marathon, FL 33050",,https://www.floridastateparks.org/parks-and-trails/curry-hammock-state-park
Florida,Dade Battlefield Historic State Park,Sumter,"7200 Battlefield Parkway Bushnell, FL 33513",Yes,https://www.floridastateparks.org/parks-and-trails/dade-battlefield-historic-state-park
Florida,Dagny Johnson Key Largo Hammock Botanical State Park,Monroe,"County Rd 905 & Mile Marker 106, Key Largo, FL 33037",,https://www.floridastateparks.org/parks-and-trails/dagny-johnson-key-largo-hammock-botanical-state-park
Florida,De Leon Springs State Park,Volusia,"601 Ponce De Leon Blvd. De Leon Springs, FL 32130",Yes,https://www.floridastateparks.org/parks-and-trails/de-leon-springs-state-park
Florida,Deer Lake State Park,Walton,"6350 East County Road 30-A, Santa Rosa Beach, FL 32459",,https://www.floridastateparks.org/parks-and-trails/deer-lake-state-park
Florida,Delnor-Wiggins Pass State Park,Collier,"11135 Gulfshore Drive Naples, FL 34108",No,https://www.floridastateparks.org/parks-and-trails/delnor-wiggins-pass-state-park
Florida,Devil's Millhopper Geological State Park,Alachua,"4732 Millhopper Road, Gainesville, FL 32653",,https://www.floridastateparks.org/parks-and-trails/devils-millhopper-geological-state-park
Florida,Don Pedro Island State Park,Charlotte,"8450 Placida Road, Cape Haze, FL 33946",,https://www.floridastateparks.org/parks-and-trails/don-pedro-island-state-park
Florida,Dowling Park River Camp,Suwannee,,No,https://www.floridastateparks.org/parks-and-trails/dowling-park-river-camp
Florida,Dr. Julian G. Bruce St. George Island State Park,Franklin,"1900 E. Gulf Beach Drive, St. George Island, FL 32328",,https://www.floridastateparks.org/parks-and-trails/dr-julian-g-bruce-st-george-island-state-park
Florida,Dr. Von D. Mizell-Eula Johnson State Park,Broward,"6503 N Ocean Dr, Dania Bch, FL 33004",,https://www.floridastateparks.org/mizell
Florida,Dudley Farm Historic State Park,Alachua,"18730 W Newberry Rd, Newberry, FL 32669",,https://www.floridastateparks.org/parks-and-trails/dudley-farm-historic-state-park
Florida,Dunns Creek State Park,Putnam,"320 Cisco Road, Pomona Park, FL 32181",,https://www.floridastateparks.org/DunnsCreek
Florida,Econfina River State Park,Taylor,"4741 Econfina River Road, Lamont, FL 32336",,https://www.floridastateparks.org/parks-and-trails/econfina-river-state-park
Florida,Eden Gardens State Park,Walton,"181 Eden Gardens Road Santa Rosa Beach, FL 32459",No,https://www.floridastateparks.org/parks-and-trails/eden-gardens-state-park
Florida,Edward Ball Wakulla Springs State Park,Wakulla,"465 Wakulla Park Drive, Wakulla Springs, FL 32327",,https://www.floridastateparks.org/WakullaSprings
Florida,Egmont Key State Park,Hillsborough,"4905 34th St. South, #5000 St. Petersburg, FL 33711",No,https://www.floridastateparks.org/parks-and-trails/egmont-key-state-park
Florida,Ellie Schiller Homosassa Springs Wildlife State Park,Citrus,"4150 S. Suncoast Blvd. Homosassa, FL 34446",Yes,https://www.floridastateparks.org/parks-and-trails/ellie-schiller-homosassa-springs-wildlife-state-park
Florida,Estero Bay Preserve State Park,Lee,"3800 Corkscrew Road, Estero, FL 33928",,https://www.floridastateparks.org/parks-and-trails/estero-bay-preserve-state-park
Florida,Fakahatchee Strand Preserve State Park,Collier,"137 Coastline Dr, Copeland, FL 34137",,https://www.floridastateparks.org/parks-and-trails/fakahatchee-strand-preserve-state-park
Florida,Falling Waters State Park,Washington,"1130 State Park Road, Chipley, FL 32428",,https://www.floridastateparks.org/parks-and-trails/falling-waters-state-park
Florida,Fanning Springs State Park,Levy,"18020 Nw Highway 19, Fanning Springs, FL 32693",,https://www.floridastateparks.org/parks-and-trails/fanning-springs-state-park
Florida,Faver-Dykes State Park,St. Johns,"1000 Faver-Dykes Road, Saint Augustine, FL 32086",,https://www.floridastateparks.org/parks-and-trails/faver-dykes-state-park
Florida,Fernandina Plaza Historic State Park,Nassau,"3100 S. Old Floral City Road Inverness, FL 34450",No,https://www.floridastateparks.org/parks-and-trails/fernandina-plaza-historic-state-park
Florida,Florida Caverns State Park,Jackson,"3345 Caverns Road, Marianna, FL 32446",,https://www.floridastateparks.org/parks-and-trails/florida-caverns-state-park
Florida,Forest Capital Museum State Park,Taylor,"204 Forest Park Drive Perry, FL 32348",Yes,https://www.floridastateparks.org/parks-and-trails/forest-capital-museum-state-park
Florida,Fort Clinch State Park,Nassau,"2601 Atlantic Avenue, Fernandina Beach, FL 32034",,https://www.floridastateparks.org/fortclinch
Florida,Fort Cooper State Park,Citrus,"3100 S Old Floral City Rd, Inverness, FL 34450",,https://www.floridastateparks.org/parks-and-trails/fort-cooper-state-park
Florida,Fort George Island Cultural State Park,Duval,"11241 Fort George Road, Jacksonville, FL 32226",,https://www.floridastateparks.org/parks-and-trails/fort-george-island-cultural-state-park
Florida,Fort Mose Historic State Park,St. Johns,"15 Fort Mose Trail St. Augustine, FL 32084",Yes,https://www.floridastateparks.org/parks-and-trails/fort-mose-historic-state-park
Florida,Fort Pierce Inlet State Park,St. Lucie,"905 Shorewinds Dr, Fort Pierce, FL 34949",,https://www.floridastateparks.org/parks-and-trails/fort-pierce-inlet-state-park
Florida,Fort Zachary Taylor Historic State Park,Monroe,"601 Howard England Way Key West, FL 33040",No,https://www.floridastateparks.org/parks-and-trails/fort-zachary-taylor-historic-state-park
Florida,Fred Gannon Rocky Bayou State Park,Okaloosa,"4281 E Hwy 20, Niceville, FL 32578",,https://www.floridastateparks.org/parks-and-trails/fred-gannon-rocky-bayou-state-park
Florida,Gainesville-Hawthorne State Trail,Alachua,"3400 S.E. 15th St. Gainesville, FL 32641",No,https://www.floridastateparks.org/parks-and-trails/gainesville-hawthorne-state-trail
Florida,Gamble Rogers Memorial State Recreation Area,Flagler,"3100 S. Oceanshore Blvd. Flagler Beach, FL 32136",No,https://www.floridastateparks.org/parks-and-trails/gamble-rogers-memorial-state-recreation-area-flagler-beach
Florida,Gasparilla Island State Park,Lee,"880 Belcher Road Boca Grande, FL 33921",Yes,https://www.floridastateparks.org/parks-and-trails/gasparilla-island-state-park
Florida,General James A. Van Fleet State Trail,Lake,"7683 Berkley Road Polk City, FL 33968",No,https://www.floridastateparks.org/parks-and-trails/general-james-van-fleet-state-trail
Florida,George Crady Bridge Fishing Pier State Park,"Duval, Nassau","State Road A1A South, Jacksonville, FL 32226",,https://www.floridastateparks.org/parks-and-trails/george-crady-bridge-fishing-pier-state-park
Florida,Grayton Beach State Park,Walton,"357 Main Park Road, Santa Rosa Beach, FL 32459",,https://www.floridastateparks.org/graytonbeach
Florida,Haw Creek Preserve State Park,"Volusia, Flagler","262 Wekiva Park Drive Sanford, FL 32771",No,https://www.floridastateparks.org/parks-and-trails/haw-creek-preserve-state-park
Florida,Henderson Beach State Park,Okaloosa,"17000 Emerald Coast Parkway, Destin, FL 32541",,https://www.floridastateparks.org/parks-and-trails/henderson-beach-state-park
Florida,Highlands Hammock State Park,Highlands,"5931 Hammock Road, Sebring, FL 33872",,https://www.floridastateparks.org/parks-and-trails/highlands-hammock-state-park
Florida,Hillsborough River State Park,Hillsborough,"15402 U.S. 301 North, Thonotosassa, FL 33592",,https://www.floridastateparks.org/parks-and-trails/hillsborough-river-state-park
Florida,Holton Creek River Camp,Hamilton,,No,https://www.floridastateparks.org/parks-and-trails/holton-creek-river-camp
Florida,Honeymoon Island State Park,Pinellas,"#1 Causeway Blvd. Dunedin, FL 34698",No,https://www.floridastateparks.org/honeymoonisland
Florida,Hontoon Island State Park,Volusia,"2309 River Ridge Road, Deland, FL 32720",,https://www.floridastateparks.org/parks-and-trails/hontoon-island-state-park
Florida,Hugh Taylor Birch State Park,Broward,"3109 E Sunrise Blvd, Ft Lauderdale, FL 33304",,https://www.floridastateparks.org/HughTaylorBirch
Florida,Ichetucknee Springs State Park,Suwannee,"12087 S.W. U.S. Highway 27 Fort White, FL 32038",No,https://www.floridastateparks.org/parks-and-trails/ichetucknee-springs-state-park
Florida,Indian Key Historic State Park,Monroe,"Offshore Island, Islamorada, FL 33036",,https://www.floridastateparks.org/IndianKey
Florida,Indian River Lagoon Preserve State Park,Brevard,"1A Indian River, FL 32951",No,https://www.floridastateparks.org/parks-and-trails/indian-river-lagoon-preserve-state-park
Florida,John D. MacArthur Beach State Park,Palm Beach,"10900 Jack Nicklaus Drive North Palm Beach, FL 33408",Yes,https://www.floridastateparks.org/parks-and-trails/john-d-macarthur-beach-state-park
Florida,John Gorrie Museum State Park,Franklin,"46 Sixth St. Apalachicola, FL 32320",No,https://www.floridastateparks.org/parks-and-trails/john-gorrie-museum-state-park
Florida,John Pennekamp Coral Reef State Park,Monroe,"P.O. Box 487, Key Largo, FL 33037",,https://www.floridastateparks.org/parks-and-trails/john-pennekamp-coral-reef-state-park
Florida,Jonathan Dickinson State Park,Martin,"16450 Se Federal Highway, Hobe Sound, FL 33455",,https://www.floridastateparks.org/parks-and-trails/jonathan-dickinson-state-park
Florida,Judah P. Benjamin Confederate Memorial at Gamble Plantation Historic State Park,Manatee,"3708 U.S. Highway 301 Ellenton, FL 34222",Yes,https://www.floridastateparks.org/parks-and-trails/judah-p-benjamin-confederate-memorial-gamble-plantation-historic-state-park
Florida,Kissimmee Prairie Preserve State Park,Okeechobee,"33104 Nw 192Nd Ave, Okeechobee, FL 34972",,https://www.floridastateparks.org/parks-and-trails/kissimmee-prairie-preserve-state-park
Florida,Koreshan State Park,Lee,"3800 Corkscrew Road, Estero, FL 33928",,https://www.floridastateparks.org/parks-and-trails/koreshan-state-park
Florida,Lafayette Blue Springs State Park,Lafayette,"799 NW Blue Spring Road, Mayo, FL 32066",,https://www.floridastateparks.org/parks-and-trails/lafayette-blue-springs-state-park
Florida,Lake Griffin State Park,Lake,"3089 US Highway 441-27, Fruitland Park, FL 34731",,https://www.floridastateparks.org/parks-and-trails/lake-griffin-state-park
Florida,Lake Jackson Mounds Archaeological State Park,Leon,"3600 Indian Mounds Road, Tallahassee, FL 32303",,https://www.floridastateparks.org/parks-and-trails/lake-jackson-mounds-archaeological-state-park
Florida,Lake June-in-Winter Scrub Preserve State Park,Highlands,"137 Coastline Drive Copeland, FL 34137",No,https://www.floridastateparks.org/parks-and-trails/lake-june-winter-scrub-preserve-state-park
Florida,Lake Kissimmee State Park,Polk,"14248 Camp Mack Road, Lake Wales, FL 33898",,https://www.floridastateparks.org/parks-and-trails/lake-kissimmee-state-park
Florida,Lake Louisa State Park,Lake,"7305 Us Hwy 27, Clermont, FL 34714",,https://www.floridastateparks.org/parks-and-trails/lake-louisa-state-park
Florida,Lake Manatee State Park,Manatee,"20007 State Road 64, Bradenton, FL 34212",,https://www.floridastateparks.org/parks-and-trails/lake-manatee-state-park
Florida,Lake Talquin State Park,Leon,"14850 Jack Vause Landing Road, Tallahassee, FL 32310",,https://www.floridastateparks.org/parks-and-trails/lake-talquin-state-park
Florida,Landbridge Trailhead,Marion,"11100 S.W. 16th Ave. Ocala, FL 34476",No,https://www.floridastateparks.org/parks-and-trails/landbridge-trailhead
Florida,Letchworth-Love Mounds Archaeological State Park,Jefferson,"4500 Sunray Road, South, Tallahassee, FL 32309",,https://www.floridastateparks.org/parks-and-trails/letchworth-love-mounds-archaeological-state-park
Florida,Lignumvitae Key Botanical State Park,Monroe,"77200 Overseas Hwy, Islamorada, FL 33036",,https://www.floridastateparks.org/LignumvitaeKey
Florida,Little Manatee River State Park,Hillsborough,"215 Lightfoot Road, Wimauma, FL 33598",,https://www.floridastateparks.org/parks-and-trails/little-manatee-river-state-park
Florida,Little Talbot Island State Park,Duval,"12157 Heckscher Drive, Jacksonville, FL 32226",,https://www.floridastateparks.org/parks-and-trails/little-talbot-island-state-park
Florida,Long Key State Park,Monroe,"M.M. 67.5 U.S. Overseas Hwy, Long Key, FL 33001",,https://www.floridastateparks.org/parks-and-trails/long-key-state-park
Florida,Lovers Key State Park,Lee,"8700 Estero Blvd. Bonita Springs, FL 33931",Yes,https://www.floridastateparks.org/Lovers-Key
Florida,Lower Wekiva River Preserve State Park,Seminole,"262 Wekiva Park Drive Sanford, FL 32771",No,https://www.floridastateparks.org/parks-and-trails/lower-wekiva-river-preserve-state-park
Florida,Madison Blue Spring State Park,Madison,"8300 N.E. State Road 6 Lee, FL 32059",No,https://www.floridastateparks.org/parks-and-trails/madison-blue-spring-state-park
Florida,Manatee Springs State Park,Levy,"11650 Nw 115Th Street, Chiefland, FL 32626",,https://www.floridastateparks.org/parks-and-trails/manatee-springs-state-park
Florida,Marjorie Harris Carr Cross Florida Greenway,Marion,"8282 S.E. Highway 314 Ocala, FL 34470",No,https://www.floridastateparks.org/Cross-Florida
Florida,Marjorie Kinnan Rawlings Historic State Park,Alachua,"18700 South Cr 325, Hawthorne, FL 32640",,https://www.floridastateparks.org/parks-and-trails/marjorie-kinnan-rawlings-historic-state-park
Florida,Mike Roess Gold Head Branch State Park,Clay,"6239 State Road 21, Keystone Heights, FL 32656",,https://www.floridastateparks.org/parks-and-trails/mike-roess-gold-head-branch-state-park
Florida,Mound Key Archaeological State Park,Lee,"3800 Corkscrew Road, Estero, FL 33928",,https://www.floridastateparks.org/parks-and-trails/mound-key-archaeological-state-park
Florida,Myakka River State Park,"Sarasota, Manatee","13208 Sr 72, Sarasota, FL 34241",,https://www.floridastateparks.org/parks-and-trails/myakka-river-state-park
Florida,Natural Bridge Battlefield Historic State Park,Leon,"7502 Natural Bridge Rd., Tallahassee, FL 32305",,https://www.floridastateparks.org/parks-and-trails/natural-bridge-battlefield-historic-state-park
Florida,Nature Coast State Trail,Dixie,,No,https://www.floridastateparks.org/parks-and-trails/nature-coast-state-trail
Florida,Ney Landrum State Park,Leon,"11950 Tram Road Tallahassee, FL 32311",No,https://www.floridastateparks.org/parks-and-trails/ney-landrum-state-park
Florida,North Peninsula State Park,Volusia,"40 Highbridge Road Ormond by the Sea, FL 32176",No,https://www.floridastateparks.org/parks-and-trails/north-peninsula-state-park
Florida,O'Leno State Park,Columbia,"410 Se O'Leno Park Road, High Springs, FL 32643",,https://www.floridastateparks.org/parks-and-trails/oleno-state-park
Florida,Ochlockonee River State Park,Wakulla,"429 State Park Road, Sopchoppy, FL 32358",,https://www.floridastateparks.org/parks-and-trails/ochlockonee-river-state-park
Florida,Okeechobee Battlefield Historic State Park,Okeechobee,"3500 S.E. 38th Ave. Okeechobee, FL 34974",No,https://www.floridastateparks.org/parks-and-trails/okeechobee-battlefield-historic-state-park
Florida,Oleta River State Park,Miami-Dade,"3400 N.E. 163Rd Street, North Miami, FL 33160",,https://www.floridastateparks.org/OletaRiver
Florida,Olustee Battlefield Historic State Park,Baker,"5815 Battlefield Trail Road, Olustee, FL 32087",,https://www.floridastateparks.org/parks-and-trails/olustee-battlefield-historic-state-park
Florida,Orman House Historic State Park,Franklin,"177 Fifth St. Apalachicola, FL 32320",No,https://www.floridastateparks.org/parks-and-trails/orman-house-historic-state-park
Florida,Oscar Scherer State Park,Sarasota,"1843 S. Tamiami Trail, Osprey, FL 34229",,https://www.floridastateparks.org/parks-and-trails/oscar-scherer-state-park
Florida,Palatka-to-Lake Butler State Trail,"Putnam, Clay, Bradford, Union","6065 Twin Lakes Road Keystone Heights, FL 32656",No,https://www.floridastateparks.org/parks-and-trails/palatka-lake-butler-state-trail
Florida,Palatka-to-St. Augustine State Trail,"St. Johns, Putnam",,No,https://www.floridastateparks.org/parks-and-trails/palatka-st-augustine-state-trail
Florida,Paynes Creek Historic State Park,Hardee,"888 Lake Branch Road, Bowling Green, FL 33834",,https://www.floridastateparks.org/parks-and-trails/paynes-creek-historic-state-park
Florida,Paynes Prairie Preserve State Park,Alachua,"100 Savannah Boulevard, Micanopy, FL 32667",,https://www.floridastateparks.org/parks-and-trails/paynes-prairie-preserve-state-park
Florida,Peacock Slough River Camp,Suwannee,,No,https://www.floridastateparks.org/parks-and-trails/peacock-slough-river-camp
Florida,Perdido Key State Park,Escambia,"15301 Perdido Key Drive, Pensacola, FL 32507",,https://www.floridastateparks.org/parks-and-trails/perdido-key-state-park
Florida,Ponce de Leon Springs State Park,Holmes,"2860 Ponce de Leon Springs Road Ponce de Leon, FL 32455",No,https://www.floridastateparks.org/parks-and-trails/ponce-de-leon-springs-state-park
Florida,Price's Scrub State Park,Marion,,No,https://www.floridastateparks.org/parks-and-trails/prices-scrub-state-park
Florida,Pumpkin Hill Creek Preserve State Park,Duval,"13802 Pumpkin Hill Road Jacksonville, FL 32226",No,https://www.floridastateparks.org/parks-and-trails/pumpkin-hill-creek-preserve-state-park
Florida,Rainbow Springs State Park,Marion,"18185 S.W. 94Th Street, Dunnellon, FL 34432",,https://www.floridastateparks.org/parks-and-trails/rainbow-springs-state-park
Florida,Ravine Gardens State Park,Putnam,"1600 Twigg St. Palatka, FL 32177",No,https://www.floridastateparks.org/parks-and-trails/ravine-gardens-state-park
Florida,River Rise Preserve State Park,Columbia,"373 Southwest US Highway 27, Fort White, FL 32643",,https://www.floridastateparks.org/RiverRise
Florida,Rock Springs Run State Reserve,Orange,"30601 County Road 433, Sorrento, FL 32776",,https://www.floridastateparks.org/parks-and-trails/rock-springs-run-state-reserve
Florida,Ross Prairie Trailhead,Marion,"10660 S.W. Highway 200 Dunnellon, FL 34431",No,https://www.floridastateparks.org/parks-and-trails/ross-prairie-trailhead-campground
Florida,Ruth B. Kirby Gilchrist Blue Springs State Park,Gilchrist,"7450 NE 60th Street, High Springs, FL 32643",,https://www.floridastateparks.org/parks-and-trails/ruth-b-kirby-gilchrist-blue-springs-state-park
Florida,San Felasco Hammock Preserve State Park,Alachua,"12720 NW 109 Lane, Alachua, FL 32615",,https://www.floridastateparks.org/parks-and-trails/san-felasco-hammock-preserve-state-park
Florida,San Marcos de Apalache Historic State Park,Wakulla,"148 Old Fort Road St. Marks, FL 32355",No,https://www.floridastateparks.org/parks-and-trails/san-marcos-de-apalache-historic-state-park
Florida,San Pedro Underwater Archaeological Preserve State Park,Monroe,"77200 Overseas Highway Islamorada, FL 33036",No,https://www.floridastateparks.org/SanPedro
Florida,Santos Trailhead,Marion,"3080 S.E. 80th St. Ocala, FL 34470",No,https://www.floridastateparks.org/parks-and-trails/santos-trailhead-campground
Florida,Savannas Preserve State Park,St. Lucie,"2541 S.E .Walton Road Port St. Lucie, FL 34952",Yes,https://www.floridastateparks.org/parks-and-trails/savannas-preserve-state-park
Florida,Seabranch Preserve State Park,Martin,"6093 S.E. Dixie Highway Stuart, FL 34997",No,https://www.floridastateparks.org/parks-and-trails/seabranch-preserve-state-park
Florida,Sebastian Inlet State Park,Indian River,"9700 South A1A, Melbourne Beach, FL 32951",,https://www.floridastateparks.org/Sebastian-Inlet
Florida,Shangri-La Trailhead,Marion,"15 Fort Mose Trail St. Augustine, FL 32084",No,https://www.floridastateparks.org/parks-and-trails/shangri-la-trailhead-campground
Florida,Shoal River Headwaters State Park,Walton,"2239 King Lake Rd, DeFuniak Springs, FL 32433",,https://www.floridastateparks.org/shoalriverheadwaters
Florida,Silver Springs State Park,Marion,"1425 Ne 58Th Avenue, Ocala, FL 34470",,https://www.floridastateparks.org/silversprings
Florida,Skyway Fishing Pier State Park,Pinellas,"4905 34th St. South #5000 St. Petersburg, FL 33711",No,https://www.floridastateparks.org/parks-and-trails/skyway-fishing-pier-state-park
Florida,South Fork State Park,Broward,"5931 Hammock Road Sebring, FL 33872",No,https://www.floridastateparks.org/parks-and-trails/south-fork-state-park
Florida,St. Andrews State Park,Bay,"4607 State Park Lane, Panama City, FL 32408",,https://www.floridastateparks.org/parks-and-trails/st-andrews-state-park
Florida,St. Lucie Inlet Preserve State Park,Martin,"Offshore Island, Port Salerno, FL 34997",,https://www.floridastateparks.org/parks-and-trails/st-lucie-inlet-preserve-state-park
Florida,St. Sebastian River Preserve State Park,Brevard,"9700 South A1A, Melbourne Beach, FL 32951",,https://www.floridastateparks.org/St-Sebastian
Florida,St. Teresa Tract of Bald Point State Park,Franklin,"4449 U.S. 98 East St. Teresa, FL 32358",No,https://www.floridastateparks.org/parks-and-trails/st-teresa-tract-bald-point-state-park
Florida,Stephen Foster Folk Culture Center State Park,Hamilton,"11016 Lillian Saunders DrUS Hwy 41, White Springs, FL 32096",,https://www.floridastateparks.org/parks-and-trails/stephen-foster-folk-culture-center-state-park
Florida,Stump Pass Beach State Park,Charlotte,"South end of Manasota Key 900 Gulf Blvd, Englewood, FL 34233",,https://www.floridastateparks.org/parks-and-trails/stump-pass-beach-state-park
Florida,Suwannee River State Park,Suwannee,"3631 201 Path, Live Oak, FL 32060",,https://www.floridastateparks.org/parks-and-trails/suwannee-river-state-park
Florida,T.H. Stone Memorial St. Joseph Peninsula State Park,Gulf,"8899 Cape San Blas Road, Port St. Joe, FL 32456",,https://www.floridastateparks.org/parks-and-trails/th-stone-memorial-st-joseph-peninsula-state-park
Florida,Tallahassee-St. Marks Historic Railroad State Trail,Leon,"1358 Old Woodville Road Crawfordville, FL 32327",No,https://www.floridastateparks.org/parks-and-trails/tallahassee-st-marks-historic-railroad-state-trail
Florida,Tarkiln Bayou Preserve State Park,Escambia,"2401 Bauer Road, Pensacola, FL 32507",,https://www.floridastateparks.org/parks-and-trails/tarkiln-bayou-preserve-state-park
Florida,Terra Ceia Preserve State Park,Manatee,"1 Causeway Blvd. Dunedin, FL 34698",No,https://www.floridastateparks.org/parks-and-trails/terra-ceia-preserve-state-park
Florida,The Barnacle Historic State Park,Miami-Dade,"3485 Main Highway Miami, FL 33133",No,https://www.floridastateparks.org/parks-and-trails/barnacle-historic-state-park
Florida,Three Rivers State Park,Jackson,"7908 Three Rivers Park Road, Sneads, FL 32460",,https://www.floridastateparks.org/parks-and-trails/three-rivers-state-park
Florida,Tomoka State Park,Volusia,"2099 N. Beach St, Ormond Beach, FL 32174",,https://www.floridastateparks.org/Tomoka
Florida,Topsail Hill Preserve State Park,Walton,"7525 W Scenic Hwy 30A, Santa ROSA BEACH, FL 32459",,https://www.floridastateparks.org/parks-and-trails/topsail-hill-preserve-state-park
Florida,Torreya State Park,Liberty,"2576 NW Torreya Park Rd., Bristol, FL 32321",,https://www.floridastateparks.org/parks-and-trails/torreya-state-park
Florida,Troy Spring State Park,"Lafayette, Suwannee","674 Troy Spring Rd., Branford, FL 32008",,https://www.floridastateparks.org/parks-and-trails/troy-spring-state-park
Florida,Waccasassa Bay Preserve State Park,Levy,"763564 CR 326 Inglis, FL 34449",No,https://www.floridastateparks.org/parks-and-trails/waccasassa-bay-preserve-state-park
Florida,Washington Oaks Gardens State Park,Flagler,"6400 N. Oceanshore Blvd. Palm Coast, FL 32137",Yes,https://www.floridastateparks.org/parks-and-trails/washington-oaks-gardens-state-park
Florida,Weeki Wachee Springs State Park,Hernando,"6131 Commercial Way Weeki Wachee, FL 34606",No,https://www.floridastateparks.org/WeekiWachee
Florida,Wekiwa Springs State Park,Orange,"1800 Wekiwa Circle, Apopka, FL 32712",,https://www.floridastateparks.org/parks-and-trails/wekiwa-springs-state-park
Florida,Werner-Boyce Salt Springs State Park,Pasco,"9120 Old Post Road, Port Richey, FL 34668",,https://www.floridastateparks.org/parks-and-trails/werner-boyce-salt-springs-state-park
Florida,Wes Skiles Peacock Springs State Park,Suwannee,"18181 185Th Rd, Live Oak, FL 32060",,https://www.floridastateparks.org/parks-and-trails/wes-skiles-peacock-springs-state-park
Florida,Windley Key Fossil Reef Geological State Park,Monroe,"84900 Overseas Highway Islamorada, FL 33036",Yes,https://www.floridastateparks.org/WindleyKey
Florida,Wingate Creek State Park,Manatee,"38620 East State Road 64 Myakka City, FL 34251",No,https://www.floridastateparks.org/parks-and-trails/wingate-creek-state-park
Florida,Withlacoochee State Trail,"Hernando, Citrus, Pasco","3100 S. Old Floral City Road Inverness, FL 34450",No,https://www.floridastateparks.org/parks-and-trails/withlacoochee-state-trail
Florida,Woods Ferry River Camp,Hamilton,,No,https://www.floridastateparks.org/parks-and-trails/woods-ferry-river-camp
Florida,Ybor City Museum State Park,Hillsborough,"1818 E. Ninth Ave. Tampa, FL 33605",No,https://www.floridastateparks.org/parks-and-trails/ybor-city-museum-state-park
Florida,Yellow Bluff Fort Historic State Park,Duval,"9400 New Berlin Road Jacksonville, FL 32226",No,https://www.floridastateparks.org/parks-and-trails/yellow-bluff-fort-historic-state-park
Florida,Yellow River Marsh Preserve State Park,Santa Rosa,"3345 Caverns Road Marianna, FL 32446",No,https://www.floridastateparks.org/parks-and-trails/yellow-river-marsh-preserve-state-park
Florida,Yulee Sugar Mill Ruins Historic State Park,Citrus,,No,https://www.floridastateparks.org/parks-and-trails/yulee-sugar-mill-ruins-historic-state-park
Georgia,A.H. Stephens State Park,Taliaferro,"456 Alexander Street NW Crawfordville, GA 30631",Yes,https://gastateparks.org/AHStephens
Georgia,Black Rock Mountain State Park,Rabun,"3085 Black Rock Mountain Parkway Mountain City, GA 30562",Yes,https://gastateparks.org/BlackRockMountain
Georgia,Chattahoochee Bend State Park,Coweta,"425 Bobwhite Way Newnan, GA 30263",No,https://gastateparks.org/ChattahoocheeBend
Georgia,Cloudland Canyon State Park,Dade,"122 Cloudland Canyon Park Road Rising Fawn, GA 30738",Yes,https://gastateparks.org/CloudlandCanyon
Georgia,Crooked River State Park,Camden,"6222 Charlie Smith Senior Highway St. Marys, GA 31558",Yes,https://gastateparks.org/CrookedRiver
Georgia,Don Carter State Park,Hall,"5000 North Browning Bridge Road Gainesville, GA 30506",No,https://gastateparks.org/DonCarter
Georgia,Elijah Clark State Park,Lincoln,"2959 McCormick Highway Lincolnton, GA 30817",No,https://gastateparks.org/ElijahClark
Georgia,F.D. Roosevelt State Park,Harris,"2970 Georgia Highway 190 Pine Mountain, GA 31822",No,https://gastateparks.org/FDRoosevelt
Georgia,Florence Marina State Park,Stewart,"218 Florence Road Omaha, GA 31821",Yes,https://gastateparks.org/FlorenceMarina
Georgia,Fort McAllister State Park,Bryan,"3894 Fort McAllister Road Richmond Hill, GA 31324",No,https://gastateparks.org/FortMcAllister
Georgia,Fort Mountain State Park,Murray,"181 Fort Mountain Park Road Chatsworth, GA 30705",No,https://gastateparks.org/FortMountain
Georgia,Fort Yargo State Park,Barrow,"2019 Fort Yargo Ave. Winder, GA 30680",No,https://gastateparks.org/FortYargo
Georgia,General Coffee State Park,Coffee,"46 John Coffee Road Nicholls, GA 31554",No,https://gastateparks.org/GeneralCoffee
Georgia,George L. Smith State Park,Emanuel,"371 George L. Smith State Park Road Twin City, GA 30471",No,https://gastateparks.org/GeorgeLSmith
Georgia,George T. Bagby State Park,Clay,"330 Bagby Pkwy Fort Gaines, GA 39851",No,https://gastateparks.org/GeorgeTBagby
Georgia,Hamburg State Park,Washington,"6071 Hamburg State Park Road Mitchell, GA 30820",No,https://gastateparks.org/Hamburg
Georgia,Hard Labor Creek State Park,Morgan,"5 Hard Labor Creek Road Rutledge, GA 30663",No,https://gastateparks.org/HardLaborCreek
Georgia,High Falls State Park,Monroe,"76 High Falls Park Drive Jackson, GA 30233",No,https://gastateparks.org/HighFalls
Georgia,Indian Springs State Park,Butts,"678 Lake Clark Road Flovilla, GA 30216",No,https://gastateparks.org/IndianSprings
Georgia,Jack Hill State Park,Tattnall,"162 Park Lane Reidsville, GA 30453",No,https://gastateparks.org/JackHill
Georgia,"James H. ""Sloppy"" Floyd State Park",Chattooga,"2800 Sloppy Floyd Lake Road Summerville, GA 30747",No,https://gastateparks.org/JamesHFloyd
Georgia,Kolomoki Mounds State Park,Early,"205 Indian Mounds Road Blakely, GA 39823",No,https://gastateparks.org/KolomokiMounds
Georgia,Laura S. Walker State Park,Ware,"5653 Laura Walker Road Waycross, GA 31503",No,https://gastateparks.org/LauraSWalker
Georgia,Magnolia Springs State Park,Jenkins,"1053 Magnolia Springs Drive Millen, GA 30442",No,https://gastateparks.org/MagnoliaSprings
Georgia,Mistletoe State Park,Columbia,"3725 Mistletoe Road Appling, GA 30802",No,https://gastateparks.org/Mistletoe
Georgia,Moccasin Creek State Park,Rabun,"3655 Highway 197 Clarkesville, GA 30523",No,https://gastateparks.org/MoccasinCreek
Georgia,Okefenokee State Park,Charlton,"17515 Highway 177 Fargo, GA 31631",No,https://gastateparks.org/Okefenokee
Georgia,Panola Mountain State Park,"Rockdale, Henry","2620 Highway 155 SW Stockbridge, GA 30281",Yes,https://gastateparks.org/PanolaMountain
Georgia,Providence Canyon State Park,Stewart,"8930 Canyon Road Lumpkin, GA 31815",Yes,https://gastateparks.org/ProvidenceCanyon
Georgia,Red Top Mountain State Park,Bartow,"50 Lodge Road SE Acworth, GA 30102",No,https://gastateparks.org/RedTopMountain
Georgia,Reed Bingham State Park,Cook,"542 Reed Bingham Road Adel, GA 31620",No,https://gastateparks.org/ReedBingham
Georgia,Richard B. Russell State Park,Elbert,"2650 Russell State Park Drive Elberton, GA 30635",No,https://gastateparks.org/RichardBRussell
Georgia,Seminole State Park,Seminole,"7870 State Park Drive Donalsonville, GA 39845",No,https://gastateparks.org/Seminole
Georgia,Skidaway Island State Park,Chatham,"52 Diamond Causeway Savannah, GA 31411",Yes,https://gastateparks.org/SkidawayIsland
Georgia,Smithgall Woods State Park,White,"61 Tsalaki Trail Helen, GA 30545",Yes,https://gastateparks.org/SmithgallWoods
Georgia,Sweetwater Creek State Park,Douglas,"1750 Mount Vernon Road Lithia Springs, GA 30122",Yes,https://gastateparks.org/SweetwaterCreek
Georgia,Tallulah Gorge State Park,Rabun,"338 Jane Hurt Yarn Drive Tallulah Falls, GA 30573",Yes,https://gastateparks.org/TallulahGorge
Georgia,Tugaloo State Park,Franklin,"1763 Tugaloo State Park Road Lavonia, GA 30553",Yes,https://gastateparks.org/Tugaloo
Georgia,Victoria Bryant State Park,Franklin,"1105 Bryant Park Road Royston, GA 30662",No,https://gastateparks.org/VictoriaBryant
Georgia,Vogel State Park,Union,"405 Vogel State Park Road Blairsville, GA 30512",Yes,https://gastateparks.org/Vogel
Georgia,Watson Mill Bridge State Park,Oglethorpe,"650 Watson Mill Road Comer, GA 30629",No,https://gastateparks.org/WatsonMillBridge
Hawaii,Ahupuaʻa ʻO Kahana State Park,Honolulu,,,https://dlnr.hawaii.gov/dsp/parks/oahu/ahupuaa-o-kahana-state-park/
Hawaii,Diamond Head State Monument,Honolulu,,,https://dlnr.hawaii.gov/dsp/parks/oahu/diamond-head-state-monument/
Hawaii,Halekiʻi-Pihana Heiau State Monument,Maui,,,https://dlnr.hawaii.gov/dsp/parks/maui/halekii-pihana-heiau-state-monument/
Hawaii,Heʻeia State Park,Honolulu,,,https://dlnr.hawaii.gov/dsp/parks/oahu/heeia-state-park/
Hawaii,Hāpuna Beach State Recreation Area,Hawaii,,,https://dlnr.hawaii.gov/dsp/parks/hawaii/hapuna-beach-state-recreation-area/
Hawaii,Hāʻena State Park,Kauai,,,https://dlnr.hawaii.gov/dsp/parks/kauai/haena-state-park/
Hawaii,Kaiwi State Scenic Shoreline,Honolulu,,,https://dlnr.hawaii.gov/dsp/parks/oahu/kaiwi-state-scenic-shoreline/
Hawaii,Kalōpā State Recreation Area,Hawaii,,,https://dlnr.hawaii.gov/dsp/parks/hawaii/kalopa-state-recreation-area/
Hawaii,Kaumahina State Wayside,Maui,,,https://dlnr.hawaii.gov/dsp/parks/maui/kaumahina-state-wayside/
Hawaii,Kaʻena Point State Park,Honolulu,,,https://dlnr.hawaii.gov/dsp/parks/oahu/kaena-point-state-park/
Hawaii,Kealakekua Bay State Historical Park,Hawaii,,,https://dlnr.hawaii.gov/dsp/parks/hawaii/kealakekua-bay-state-historical-park/
Hawaii,Keaīwa Heiau State Recreation Area,Honolulu,,,https://dlnr.hawaii.gov/dsp/parks/oahu/keaiwa-heiau-state-recreation-area/
Hawaii,Kekaha Kai (Kona Coast) State Park,Hawaii,,,https://dlnr.hawaii.gov/dsp/parks/hawaii/kekaha-kai-kona-coast-state-park/
Hawaii,Keʻehi Lagoon Memorial State Park,Honolulu,,,https://dlnr.hawaii.gov/dsp/parks/oahu/keehi-lagoon-memorial-state-park/
Hawaii,Kohala Historical Sites State Monument,Hawaii,,,https://dlnr.hawaii.gov/dsp/parks/hawaii/kohala-historical-sites-state-monument/
Hawaii,Kōkeʻe State Park,Kauai,,,https://dlnr.hawaii.gov/dsp/parks/kauai/kokee-state-park/
Hawaii,Lapakahi State Historical Park,Hawaii,,,https://dlnr.hawaii.gov/dsp/parks/hawaii/lapakahi-state-historical-park/
Hawaii,Lava Tree State Monument,Hawaii,,,https://dlnr.hawaii.gov/dsp/parks/hawaii/lava-tree-state-monument/
Hawaii,Lāʻie Point State Wayside,Honolulu,,,https://dlnr.hawaii.gov/dsp/parks/oahu/laie-point-state-wayside/
Hawaii,MacKenzie State Recreation Area,Hawaii,,,https://dlnr.hawaii.gov/dsp/parks/hawaii/mackenzie-state-recreation-area/
Hawaii,Manukā State Wayside,Hawaii,,,https://dlnr.hawaii.gov/dsp/parks/hawaii/manuka-state-wayside/
Hawaii,Mākena State Park,Maui,,,https://dlnr.hawaii.gov/dsp/parks/maui/makena-state-park/
Hawaii,Mālaekahana State Recreation Area,Honolulu,,,https://dlnr.hawaii.gov/dsp/parks/oahu/malaekahana-state-recreation-area/
Hawaii,Nuʻuanu Pali State Wayside,Honolulu,,,https://dlnr.hawaii.gov/dsp/parks/oahu/nuuanu-pali-state-wayside/
Hawaii,Nāpali Coast State Wilderness Park,Kauai,,,https://dlnr.hawaii.gov/dsp/parks/kauai/napali-coast-state-wilderness-park/
Hawaii,Polihale State Park,Kauai,,,https://dlnr.hawaii.gov/dsp/parks/kauai/polihale-state-park/
Hawaii,Polipoli Spring State Recreation Area,Maui,,,https://dlnr.hawaii.gov/dsp/parks/maui/polipoli-spring-state-recreation-area/
Hawaii,Puaʻa Kaʻa State Wayside,Maui,,,https://dlnr.hawaii.gov/dsp/parks/maui/puaa-kaa-state-wayside/
Hawaii,Puʻu O Mahuka Heiau State Historic Site,Honolulu,,,https://dlnr.hawaii.gov/dsp/parks/oahu/puu-o-mahuka-heiau-state-historic-site/
Hawaii,Puʻu ʻUalakaʻa State Wayside,Honolulu,,,https://dlnr.hawaii.gov/dsp/parks/oahu/puu-ualakaa-state-wayside/
Hawaii,Pālāʻau State Park,Maui,,,https://dlnr.hawaii.gov/dsp/parks/molokai/palaau-state-park/
Hawaii,Pāʻulaʻula State Historic Site,Kauai,,,https://dlnr.hawaii.gov/dsp/parks/kauai/paʻulaʻula-state-historic-site/
Hawaii,Royal Mausoleum State Monument,Honolulu,,,https://dlnr.hawaii.gov/dsp/parks/oahu/royal-mausoleum-state-monument/
Hawaii,Sand Island State Recreation Area,Honolulu,,,https://dlnr.hawaii.gov/dsp/parks/oahu/sand-island-state-recreation-area/
Hawaii,Ulupō Heiau State Historic Site,Honolulu,,,https://dlnr.hawaii.gov/dsp/parks/oahu/ulupo-heiau-state-historic-site/
Hawaii,Wahiawā Freshwater State Recreation Area,Honolulu,,,https://dlnr.hawaii.gov/dsp/parks/oahu/wahiawa-freshwater-state-recreation-area/
Hawaii,Wailoa River State Recreation Area,Hawaii,,,https://dlnr.hawaii.gov/dsp/parks/hawaii/wailoa-river-state-recreation-area/
Hawaii,Wailua River State Park,Kauai,,,https://dlnr.hawaii.gov/dsp/parks/kauai/wailua-river-state-park/
Hawaii,Wailua Valley State Wayside,Maui,,,https://dlnr.hawaii.gov/dsp/parks/maui/wailua-valley-state-wayside/
Hawaii,Wailuku River State Park,Hawaii,,,https://dlnr.hawaii.gov/dsp/parks/hawaii/wailuku-river-state-park/
Hawaii,Waimea Canyon State Park,Kauai,,,https://dlnr.hawaii.gov/dsp/parks/kauai/waimea-canyon-state-park/
Hawaii,Waiʻānapanapa State Park,Maui,,,https://dlnr.hawaii.gov/dsp/parks/maui/waianapanapa-state-park/
Hawaii,Waʻahila Ridge State Recreation Area,Honolulu,,,https://dlnr.hawaii.gov/dsp/parks/oahu/waahila-ridge-state-recreation-area/
Hawaii,ʻAiea Bay State Recreation Area,Honolulu,,,https://dlnr.hawaii.gov/dsp/parks/oahu/aiea-bay-state-recreation-area/
Hawaii,ʻAkaka Falls State Park,Hawaii,,,https://dlnr.hawaii.gov/dsp/parks/hawaii/akaka-falls-state-park/
Hawaii,ʻIolani Palace State Monument,Honolulu,,,https://dlnr.hawaii.gov/dsp/parks/oahu/iolani-palace-state-monument/
Hawaii,ʻĪao Valley State Monument,Maui,,,https://dlnr.hawaii.gov/dsp/parks/maui/iao-valley-state-monument/
Idaho,Bear Lake State Park,Bear Lake,"25 East 300 North St. Charles, ID 83272",No,https://parksandrecreation.idaho.gov/state-park/bear-lake-state-park/
Idaho,Bruneau Dunes State Park,Owyhee,"27608 Sand Dunes Rd Mountain Home, ID 83647",Yes,https://parksandrecreation.idaho.gov/state-park/bruneau-dunes-state-park/
Idaho,Castle Rocks State Park,Cassia,,Yes,https://parksandrecreation.idaho.gov/state-park/castle-rocks-state-park/
Idaho,Coeur d’Alene’s Old Mission State Park,Kootenai,"31732 S Mission Rd Cataldo, ID 83810",Yes,https://parksandrecreation.idaho.gov/state-park/coeur-dalenes-old-mission-state-park/
Idaho,Dworshak State Park,Clearwater,"9934 Freeman Creek Lenore, ID 83541",Yes,https://parksandrecreation.idaho.gov/state-park/dworshak-state-park/
Idaho,Eagle Island State Park,Ada,"165 S Eagle Island Pkwy Eagle, ID 83616",Yes,https://parksandrecreation.idaho.gov/state-park/eagle-island-state-park/
Idaho,Farragut State Park,Kootenai,"13550 E. Hwy 54 Athol, ID 83801",Yes,https://parksandrecreation.idaho.gov/state-park/farragut-state-park/
Idaho,Harriman State Park,Fremont,"3489 Green Canyon Rd Island Park, ID 83429",No,https://parksandrecreation.idaho.gov/state-park/harriman-state-park/
Idaho,Hells Gate State Park,Nez Perce,"5100 Hells Gate Rd Lewiston, ID 83501",Yes,https://parksandrecreation.idaho.gov/state-park/hells-gate-state-park/
Idaho,Henrys Lake State Park,Fremont,"3917 E. 5100 N. Island Park, ID 83429",Yes,https://parksandrecreation.idaho.gov/state-park/henrys-lake-state-park/
Idaho,Heyburn State Park,Benewah,"57 Chatcolet Rd Plummer, ID 83851",Yes,https://parksandrecreation.idaho.gov/state-park/heyburn-state-park/
Idaho,Lake Cascade State Park,Valley,"100 Kelly's Parkway Cascade, ID 83611",Yes,https://parksandrecreation.idaho.gov/state-park/lake-cascade-state-park/
Idaho,Lake Walcott State Park,Minidoka,"959 E Minidoka Dam Rupert, ID 83350",Yes,https://parksandrecreation.idaho.gov/state-park/lake-walcott-state-park/
Idaho,Land of the Yankee Fork State Park,Custer,,Yes,https://parksandrecreation.idaho.gov/state-park/land-of-the-yankee-fork-state-park/
Idaho,Lucky Peak State Park,Ada,"9725 East Highway 21 Boise, ID 83716",Yes,https://parksandrecreation.idaho.gov/state-park/lucky-peak-state-park/
Idaho,Massacre Rocks State Park,Power,"3592 N. Park Ln American Falls, ID 83211",Yes,https://parksandrecreation.idaho.gov/state-park/massacre-rocks-state-park/
Idaho,McCroskey State Park,Latah,"57 Chatcolet Rd. Plummer, ID 83851",Yes,https://parksandrecreation.idaho.gov/state-park/mccroskey-state-park/
Idaho,Ponderosa State Park,Valley,"1920 N Davis Ave McCall, ID 83638",Yes,https://parksandrecreation.idaho.gov/state-park/ponderosa-state-park/
Idaho,Priest Lake State Park,Bonner,"314 Indian Creek Park Road Coolin, ID 83821",Yes,https://parksandrecreation.idaho.gov/state-park/priest-lake-state-park/
Idaho,Round Lake State Park,Bonner,"1880 Dufort Road Sagle, ID 83860",Yes,https://parksandrecreation.idaho.gov/state-park/round-lake-state-park/
Idaho,Thousand Springs State Park,Gooding,"17970 U.S. Hwy 30 Hagerman, ID 83332",Yes,https://parksandrecreation.idaho.gov/state-park/thousand-springs-state-park/
Idaho,Three Island Crossing State Park,Elmore,"1083 S.Three Island Park Dr. Glenns Ferry, ID 83623",Yes,https://parksandrecreation.idaho.gov/state-park/three-island-crossing-state-park/
Idaho,Twin Peaks Ranch State Park,Lemhi,"199 Twin Peaks Ranch Rd Salmon, ID 83467",Yes,https://parksandrecreation.idaho.gov/state-park/twin-peaks-ranch-state-park/
Idaho,Winchester Lake State Park,Lewis,"1786 Forest Rd Winchester, ID 83555",Yes,https://parksandrecreation.idaho.gov/state-park/winchester-lake-state-park/
Illinois,Adeline Jay Geo-Karis Illinois Beach,Lake,"1 Lake Front Drive, Zion, IL 60099",,https://dnr.illinois.gov/parks/park.adelinejaygeo-karisillinoisbeach.html
Illinois,Anderson Lake,Saint Clair,,,https://dnr.illinois.gov/parks/park.andersonlake.html
Illinois,Apple River Canyon,Jo Daviess,"8763 E. Canyon Road, Apple River, IL 61001",,https://dnr.illinois.gov/parks/park.applerivercanyon.html
Illinois,Argyle Lake,McDonough,"640 Argyle Park Road, Colchester, IL 62326",,https://dnr.illinois.gov/parks/park.argylelake.html
Illinois,Banner Marsh,Peoria,,,https://dnr.illinois.gov/parks/park.bannermarsh.html
Illinois,Beall Woods,Wabash,,,https://dnr.illinois.gov/parks/park.beallwoods.html
Illinois,Beaver Dam,Macoupin,"14548 Beaver Dam Lane, Plainview, IL 62685",,https://dnr.illinois.gov/parks/park.beaverdam.html
Illinois,Big Bend,Cook,,,https://dnr.illinois.gov/parks/park.big-bend.html
Illinois,Big River,Henderson,"1337 Township Rd 2850N, Keithsburg, IL 61443",,https://dnr.illinois.gov/parks/park.bigriver.html
Illinois,Buffalo Rock,LaSalle,"1300 North 27th Road, Ottawa, IL 61350",,https://dnr.illinois.gov/parks/park.buffalorock.html
Illinois,Burning Star,Jackson,,,https://dnr.illinois.gov/parks/park.burningstar.html
Illinois,Cache River,Johnson,,,https://dnr.illinois.gov/parks/park.cacheriver.html
Illinois,Cape Bend,Alexander,,,https://dnr.illinois.gov/parks/park.cape-bend.html
Illinois,Carlyle Lake,Fayette,,,https://dnr.illinois.gov/parks/park.carlylelake.html
Illinois,Castle Rock,Ogle,"1365 W Castle Road, Oregon, IL 61061",,https://dnr.illinois.gov/parks/park.castlerock.html
Illinois,Cave-In-Rock,Hardin,,,https://dnr.illinois.gov/parks/park.caveinrock.html
Illinois,Chain O' Lakes,"Lake, McHenry","8916 Wilmot Road, Spring Grove, IL 60081",,https://dnr.illinois.gov/parks/park.chainolakes.html
Illinois,Channahon,Will,,,https://dnr.illinois.gov/parks/park.channahon.html
Illinois,Clinton Lake,"De Witt, DeWitt","7251 Ranger Road, DeWitt, IL 61735",,https://dnr.illinois.gov/parks/park.clintonlake.html
Illinois,Coffeen Lake,Montgomery,,,https://dnr.illinois.gov/parks/park.coffeenlake.html
Illinois,Crawford County,Crawford,,,https://dnr.illinois.gov/parks/park.crawford-county.html
Illinois,Delabar,Henderson,"R.R. #2 Box 27, Oquawka, IL 61469",,https://dnr.illinois.gov/parks/park.delabar.html
Illinois,Des Plaines,Cook,,,https://dnr.illinois.gov/parks/park.desplaines.html
Illinois,Devil's Island,"Alexander, Union",,,https://dnr.illinois.gov/parks/park.devils-island.html
Illinois,Dixon Springs,Pope,"24 Park Road, Golconda, IL 62938",,https://dnr.illinois.gov/parks/park.dixonsprings.html
Illinois,Eagle Creek,Shelby,"2341 Eagle Creek Road, Findlay, IL 62534",,https://dnr.illinois.gov/parks/park.eaglecreek.html
Illinois,Edward R. Madigan,Logan,,,https://dnr.illinois.gov/parks/park.edwardrmadigan.html
Illinois,Eldon Hazlet,Clinton,"20100 Hazlet Park Road, Carlyle, IL 62231",,https://dnr.illinois.gov/parks/park.eldonhazlet.html
Illinois,Fall Creek Overlook,Adams,,,https://dnr.illinois.gov/parks/park.fallcreek.html
Illinois,Ferne Clyffe,Johnson,"P.O. Box 10, Goreville, IL 62939",,https://dnr.illinois.gov/parks/park.ferneclyffe.html
Illinois,Fort Defiance,Stark,,,https://dnr.illinois.gov/parks/park.fortdefiance.html
Illinois,Fort Massac,Massac,"1308 East 5th Street, Metropolis, IL 62960",,https://dnr.illinois.gov/parks/park.fortmassac.html
Illinois,Fox Ridge,Coles,"18175 State Park Road, Charleston, IL 61920",,https://dnr.illinois.gov/parks/park.foxridge.html
Illinois,Frank Holten,Saint Clair,"4500 Pocket Road, East st. Louis, IL 62205",,https://dnr.illinois.gov/parks/park.frankholten.html
Illinois,Franklin Creek,Lee,"1872 Twist Road, Franklin Grove, IL 61031",,https://dnr.illinois.gov/parks/park.franklincreek.html
Illinois,Fults Hill Prairie,Monroe,,,https://dnr.illinois.gov/parks/park.fultshillprairie.html
Illinois,Gebhard Woods,Grundy,"401 Ottawa Street, Morris, IL 60450",,https://dnr.illinois.gov/parks/park.gebhardwoods.html
Illinois,Giant City,"Jackson, Union","235 Giant City Road, Makanda, IL 62958",,https://dnr.illinois.gov/parks/park.giantcity.html
Illinois,Golconda Marina,Pope,,,https://dnr.illinois.gov/parks/park.golcondamarina.html
Illinois,Goose Lake Prairie,Grundy,"5010 N. Jugtown Road, Morris, IL 60450",,https://dnr.illinois.gov/parks/park.gooselakeprairie.html
Illinois,Green River,Lee,,,https://dnr.illinois.gov/parks/park.greenriver.html
Illinois,Hamilton County,Hamilton,,,https://dnr.illinois.gov/parks/park.hamiltoncounty.html
Illinois,Harry 'Babe' Woodyard,Vermilion,,,https://dnr.illinois.gov/parks/park.harry-babe-woodyard.html
Illinois,Heidecke Lake,Grundy,,,https://dnr.illinois.gov/parks/park.heideckelake.html
Illinois,Henderson County,Henderson,,,https://dnr.illinois.gov/parks/park.hendersoncounty.html
Illinois,Hennepin Canal,Bureau,,,https://dnr.illinois.gov/parks/park.hennepincanal.html
Illinois,Hidden Springs,Shelby,"2438 E 700N Road, Strasburg, IL 62465",,https://dnr.illinois.gov/parks/park.hiddensprings.html
Illinois,Horseshoe Lake (Alexander County),Alexander,,,https://dnr.illinois.gov/parks/park.horseshoelakealexandercounty.html
Illinois,Horseshoe Lake (Madison County),Madison,,,https://dnr.illinois.gov/parks/park.horseshoelakemadison.html
Illinois,Illini,LaSalle,"260 East 2350th Road, Marseilles, IL 61341",,https://dnr.illinois.gov/parks/park.illini.html
Illinois,Illinois and Michigan Canal,Grundy,,,https://dnr.illinois.gov/parks/park.imcanal.html
Illinois,Illinois Caverns,Monroe,,,https://dnr.illinois.gov/parks/park.illinoiscaverns.html
Illinois,Iroquois County,Iroquois,,,https://dnr.illinois.gov/parks/park.iroquoiscounty.html
Illinois,"James ""Pate"" Philip State Park","DuPage, Cook, Kane",,,https://dnr.illinois.gov/parks/park.jamespatephilip.html
Illinois,Jim Edgar Panther Creek,Cass,,,https://dnr.illinois.gov/parks/park.jimedgarpanthercreek.html
Illinois,Johnson-Sauk Trail,Henry,"28616 Sauk Trail Road, Kewanee, IL 61443",,https://dnr.illinois.gov/parks/park.johnsonsauktrail.html
Illinois,Jubilee College,Peoria,"13921 W. Route 150, Brimfield, IL 61517",,https://dnr.illinois.gov/parks/park.jubileecollege.html
Illinois,Kankakee River,Will,"5314 W Rt. 102, Bourbonnais, IL 60914",,https://dnr.illinois.gov/parks/park.kankakeeriver.html
Illinois,Kaskaskia River,Fayette,,,https://dnr.illinois.gov/parks/park.kaskaskiariver.html
Illinois,Kickapoo,Peoria,"Upland Area Directly South of Middle Fork Main Office, Oakwood, IL 61858",,https://dnr.illinois.gov/parks/park.kickapoo.html
Illinois,Kidd Lake Marsh,Monroe,,,https://dnr.illinois.gov/parks/park.kidd-lake-marsh.html
Illinois,Kinkaid Lake,Jackson,,,https://dnr.illinois.gov/parks/park.kinkaidlake.html
Illinois,Lake Le-Aqua-Na,Stephenson,"8542 North Lake Road, Lena, IL 61048",,https://dnr.illinois.gov/parks/park.lakeleaquana.html
Illinois,Lake Murphysboro,Jackson,"492 Lake Access Road, Murphysboro, IL 62966",,https://dnr.illinois.gov/parks/park.lakemurphysboro.html
Illinois,LaSalle Lake,LaSalle,,,https://dnr.illinois.gov/parks/park.lasallelake.html
Illinois,Lincoln Trail,Clark,"16985 E. 1350th Road, Marshall, IL 62441",,https://dnr.illinois.gov/parks/park.lincolntrail.html
Illinois,Lincoln Trail Homestead,Macon,,,https://dnr.illinois.gov/parks/park.lincolntrailhomestead.html
Illinois,Little Grassy,Williamson,,,https://dnr.illinois.gov/parks/park.littlegrassy.html
Illinois,Lowden,Ogle,"1411 North River Road, Oregon, IL 61061",,https://dnr.illinois.gov/parks/park.lowden.html
Illinois,Lowden-Miller,Ogle,,,https://dnr.illinois.gov/parks/park.lowdenmiller.html
Illinois,Mackinaw River,Woodford,,,https://dnr.illinois.gov/parks/park.mackinawriver.html
Illinois,Marseilles,LaSalle,,,https://dnr.illinois.gov/parks/park.marseilles.html
Illinois,Marshall,Marshall,,,https://dnr.illinois.gov/parks/park.marshall.html
Illinois,Matthiessen,LaSalle,,,https://dnr.illinois.gov/parks/park.matthiessen.html
Illinois,Mautino,Bureau,,,https://dnr.illinois.gov/parks/park.mautino.html
Illinois,Mazonia-Braidwood,"Grundy, Will",,,https://dnr.illinois.gov/parks/park.mazonia-braidwood.html
Illinois,Mermet Lake,Massac,,,https://dnr.illinois.gov/parks/park.mermetlake.html
Illinois,Middle Fork,Vermilion,,,https://dnr.illinois.gov/parks/park.middlefork.html
Illinois,Mississippi Palisades,Carroll,"16327A Route 84, Savanna, IL 61074",,https://dnr.illinois.gov/parks/park.mississippipalisades.html
Illinois,Mississippi River,Alexander,,,https://dnr.illinois.gov/parks/park.mississippiriver.html
Illinois,Moraine Hills,McHenry,"1510 South River Road, McHenry, IL 60051",,https://dnr.illinois.gov/parks/park.morainehills.html
Illinois,Moraine View,McLean,"27374 Moraine View Park Road, LeRoy, IL 61752",,https://dnr.illinois.gov/parks/park.moraineview.html
Illinois,Morrison-Rockwood,Whiteside,"18750 Lake Road, Morrison, IL 61270",,https://dnr.illinois.gov/parks/park.morrisonrockwood.html
Illinois,Nauvoo,Hancock,"980 South Bluff Street, Nauvoo, IL 62354",,https://dnr.illinois.gov/parks/park.nauvoo.html
Illinois,Newton Lake,Marshall,,,https://dnr.illinois.gov/parks/park.newtonlake.html
Illinois,North Point Marina,Lake,,,https://dnr.illinois.gov/parks/park.northpointmarina.html
Illinois,Peabody-River King,Saint Clair,,,https://dnr.illinois.gov/parks/park.peabody-river-king.html
Illinois,Pere Marquette,Jersey,"13112 Visitor Center Lane, Grafton, IL 62037",,https://dnr.illinois.gov/parks/park.peremarquette.html
Illinois,Piney Creek Ravine,Randolph,,,https://dnr.illinois.gov/parks/park.pineycreek.html
Illinois,Powerton Lake,Tazewell,,,https://dnr.illinois.gov/parks/park.powerton-lake.html
Illinois,Prophetstown,Whiteside,"Riverside Drive, Prophetstown, IL 61277",,https://dnr.illinois.gov/parks/park.prophetstown.html
Illinois,Pyramid,Washington,,,https://dnr.illinois.gov/parks/park.pyramid.html
Illinois,Ramsey Lake,Fayette,"Ramsey Lake Road - Intersection of 2900 N Rd & 700E Rd, Ramsey, IL 62080",,https://dnr.illinois.gov/parks/park.ramseylake.html
Illinois,Randolph County,Randolph,"4301 South Lake Drive, Chester, IL 62233",,https://dnr.illinois.gov/parks/park.randolphcounty.html
Illinois,Ray Norbut,Pike,,,https://dnr.illinois.gov/parks/park.raynorbut.html
Illinois,Red Hills,Lawrence,"3571 Ranger Lane, Sumner, IL 62466",,https://dnr.illinois.gov/parks/park.redhills.html
Illinois,Rend Lake,Franklin,,,https://dnr.illinois.gov/parks/park.rend-lake.html
Illinois,Rice Lake,Knox,,,https://dnr.illinois.gov/parks/park.ricelake.html
Illinois,Richard M. Donnelley - DePue State Fish & Wildlife Area,Bureau,,,https://dnr.illinois.gov/parks/park.donnelleydepue.html
Illinois,Rock Cut,Winnebago,"7223 West Lane Road, Loves Park, IL 61111",,https://dnr.illinois.gov/parks/park.rockcut.html
Illinois,Rock Island Trail,Peoria,,,https://dnr.illinois.gov/parks/park.rockislandtrail.html
Illinois,Sahara Woods,Saline,,,https://dnr.illinois.gov/parks/park.saharawoods.html
Illinois,Saline County,Saline,,,https://dnr.illinois.gov/parks/park.salinecounty.html
Illinois,Sam Dale Lake,Wayne,,,https://dnr.illinois.gov/parks/park.samdalelake.html
Illinois,Sam Parr,Jasper,,,https://dnr.illinois.gov/parks/park.samparr.html
Illinois,Sand Ridge,"Mason, Macon","P.O. Box 111, 25799E County Road 2300N, Forest City, IL 61532",,https://dnr.illinois.gov/parks/park.sandridge.html
Illinois,Sanganois,Cass,,,https://dnr.illinois.gov/parks/park.sanganois.html
Illinois,Sangchris Lake,Christian,"98998 Casacade Road, Rochester, IL 62563",,https://dnr.illinois.gov/parks/park.sangchrislake.html
Illinois,Shabbona Lake,DeKalb,"4201 Shabbona Grove Road (office), Shabbona, IL 60550",,https://dnr.illinois.gov/parks/park.shabbonalake.html
Illinois,Shelbyville,Shelby,,,https://dnr.illinois.gov/parks/park.shelbyville.html
Illinois,Sielbeck Forest SNA,Massac,,,https://dnr.illinois.gov/parks/park.sielbeckforest.html
Illinois,Siloam Springs,"Adams, Brown","938 East 3003rd Lane, Clayton, IL 62324",,https://dnr.illinois.gov/parks/park.siloamsprings.html
Illinois,Silver Springs,Kendall,,,https://dnr.illinois.gov/parks/park.silversprings.html
Illinois,Snakeden Hollow,Knox,,,https://dnr.illinois.gov/parks/park.snakedenhollow.html
Illinois,Spitler Woods,Macon,"705 Spitler Park Drive, Mt. Zion, IL 62549",,https://dnr.illinois.gov/parks/park.spitlerwoods.html
Illinois,Spring Lake,DuPage,,,https://dnr.illinois.gov/parks/park.springlake.html
Illinois,Starved Rock,LaSalle,"2570 East 950th Road, Oglesby, IL 61348",Yes,https://dnr.illinois.gov/parks/park.starvedrock.html
Illinois,Stephen A. Forbes,Marion,"6924 Omega Road, Kinmundy, IL 62854",,https://dnr.illinois.gov/parks/park.stephenaforbes.html
Illinois,Ten Mile Creek,DeWitt,,,https://dnr.illinois.gov/parks/park.tenmilecreek.html
Illinois,Trail of Tears,Union,"3240 State Forest Road, Jonesboro, IL 62952",,https://dnr.illinois.gov/parks/park.trailoftears.html
Illinois,Tunnel Hill,"Saline, Johnson, Pulaski, Williamson",,,https://dnr.illinois.gov/parks/park.tunnelhill.html
Illinois,Turkey Bluffs,Randolph,,,https://dnr.illinois.gov/parks/park.turkey-bluffs.html
Illinois,Union County,Union,,,https://dnr.illinois.gov/parks/park.unioncounty.html
Illinois,Volo Bog,Lake,,,https://dnr.illinois.gov/parks/park.volobog.html
Illinois,Walnut Point,Douglas,"2331 East CR 370 N, Oakland, IL 61943",,https://dnr.illinois.gov/parks/park.walnutpoint.html
Illinois,Washington County,Washington,"18500 Conservation Drive, Nashville, IL 62263",,https://dnr.illinois.gov/parks/park.washingtoncounty.html
Illinois,Wayne Fitzgerrell,Franklin,"11094 Ranger Road, Whittington, IL 62897",,https://dnr.illinois.gov/parks/park.waynefitzgerrell.html
Illinois,Weinberg-King,Schuyler,"P.O. Box 203, Augusta, IL 62311",,https://dnr.illinois.gov/parks/park.weinbergking.html
Illinois,Weldon Springs,"De Witt, DeWitt","4734 Weldon Springs Road, Clinton, IL 61727",,https://dnr.illinois.gov/parks/park.weldonsprings.html
Illinois,White Pines Forest,Ogle,"6712 West Pines Road, Mt. Morris, IL 61054",,https://dnr.illinois.gov/parks/park.whitepinesforest.html
Illinois,William G. Stratton,Grundy,,,https://dnr.illinois.gov/parks/park.williamgstratton.html
Illinois,William W. Powers,Cook,"12949 South Avenue O, Chicago, IL 60633",,https://dnr.illinois.gov/parks/park.williamwpowers.html
Illinois,Wolf Creek,Shelby,"1837 North Wolf Creek Road, Windsor, IL 61957",,https://dnr.illinois.gov/parks/park.wolfcreek.html
Illinois,Woodford,Woodford,,,https://dnr.illinois.gov/parks/park.woodford.html
Illinois,World Shooting and Recreational Complex,Randolph,,,https://dnr.illinois.gov/parks/park.world-shooting-and-recreational-complex.html
Indiana,Brown County State Park,Brown,,Yes,https://www.in.gov/dnr/state-parks/parks-lakes/brown-county-state-park
Indiana,Chain O' Lakes State Park,Noble,"2355 E. 75 S. Albion, IN 46701",Yes,https://www.in.gov/dnr/state-parks/parks-lakes/chain-o-lakes-state-park
Indiana,Charlestown State Park,Clark,"12500 Indiana 62 Charlestown, IN 47111",No,https://www.in.gov/dnr/state-parks/parks-lakes/charlestown-state-park
Indiana,Clifty Falls State Park,Jefferson,"1501 Green Road Madison, IN 47250",Yes,https://www.in.gov/dnr/state-parks/parks-lakes/clifty-falls-state-park
Indiana,Deam Lake State Recreation Area,Clark,"1217 Deam Lake Road Borden, IN 47106",Yes,https://www.in.gov/dnr/state-parks/parks-lakes/deam-lake-sra
Indiana,Falls of Ohio State Park,Clark,"201 W. Riverside Drive Clarksville, IN 47129",Yes,https://www.in.gov/dnr/state-parks/parks-lakes/falls-of-the-ohio-state-park
Indiana,Fort Harrison State Park,Marion,"5753 Glenn Road Indianapolis, IN 46216",Yes,https://www.in.gov/dnr/state-parks/parks-lakes/fort-harrison-state-park
Indiana,Harmonie State Park,Posey,"3451 Harmonie State Park Rd. New Harmony, IN 47631",Yes,https://www.in.gov/dnr/state-parks/parks-lakes/harmonie-state-park
Indiana,Indiana Dunes State Park,Porter,"1600 North 25 E. Chesterton, IN 46304",Yes,https://www.in.gov/dnr/state-parks/parks-lakes/indiana-dunes-state-park
Indiana,Interlake Off-Road State Recreation Area,Warrick,,,https://www.in.gov/dnr/state-parks/parks-lakes/interlake-state-recreation-area
Indiana,Lincoln State Park,Spencer,"216 Lincoln City, IN 47552",Yes,https://www.in.gov/dnr/state-parks/parks-lakes/lincoln-state-park
Indiana,McCormick's Creek State Park,Owen,"250 McCormick's Creek Park Road Spencer, IN 47460",Yes,https://www.in.gov/dnr/state-parks/parks-lakes/mccormicks-creek-state-park
Indiana,Mounds State Park,Madison,"4306 Mounds Road Anderson, IN 46017",Yes,https://www.in.gov/dnr/state-parks/parks-lakes/mounds-state-park
Indiana,O'Bannon Woods State Park,"Crawford, Harrison","7234 Old Forest Road SW Corydon, IN 47112",Yes,https://www.in.gov/dnr/state-parks/parks-lakes/obannon-woods-state-park
Indiana,Ouabache State Park,Wells,"4930 E. State Road 201 Bluffton, IN 46714",No,https://www.in.gov/dnr/state-parks/parks-lakes/ouabache-state-park
Indiana,Pokagon State Park / Trine State Recreation Area,Steuben,"450 Lane 100 Lake James Angola, IN 46703",Yes,https://www.in.gov/dnr/state-parks/parks-lakes/pokagon-state-parktrine-state-recreation-area
Indiana,Potato Creek State Park,St. Joseph,"25601 State Road 4, North Liberty, IN 46554",Yes,https://www.in.gov/dnr/state-parks/parks-lakes/potato-creek-state-park
Indiana,Prophetstown State Park,Tippecanoe,"4112 SR 225 E, West Lafayette, IN 47906",Yes,https://www.in.gov/dnr/state-parks/parks-lakes/prophetstown-state-park
Indiana,Redbird State Recreation Area,Greene,"15470 W County Road 350 N Dugger, IN 47848",No,https://www.in.gov/dnr/state-parks/parks-lakes/redbird-state-recreation-area
Indiana,Shades State Park,"Parke, Fountain, Montgomery","7751 S. 890 W. Waveland, IN 47989",No,https://www.in.gov/dnr/state-parks/parks-lakes/shades-state-park
Indiana,Shakamak State Park,"Greene, Clay, Sullivan","6265 W. State Road 48 Jasonville, IN 47438",No,https://www.in.gov/dnr/state-parks/parks-lakes/shakamak-state-park
Indiana,Spring Mill State Park,Lawrence,"3333 State Road 60 E. Mitchell, IN 47446",No,https://www.in.gov/dnr/state-parks/parks-lakes/spring-mill-state-park
Indiana,Starve Hollow State Recreation Area,Jackson,"4345 S. County Road 275 W. Vallonia, IN 47281",Yes,https://www.in.gov/dnr/state-parks/parks-lakes/starve-hollow-sra
Indiana,Summit Lake State Park,Henry,"5993 N. Messick Road New Castle, IN 47362",No,https://www.in.gov/dnr/state-parks/parks-lakes/summit-lake-state-park
Indiana,Tippecanoe River State Park,Pulaski,"4200 N. U.S. 35 Winamac, IN 46996",No,https://www.in.gov/dnr/state-parks/parks-lakes/tippecanoe-river-state-park
Indiana,Turkey Run State Park,Parke,"8121 E. Park Road Marshall, IN 47859",No,https://www.in.gov/dnr/state-parks/parks-lakes/turkey-run-state-park
Indiana,Versailles State Park,Ripley,"1387 U.S. 50 East Versailles, IN 47042",No,https://www.in.gov/dnr/state-parks/parks-lakes/versailles-state-park
Indiana,Whitewater Memorial State Park,Union,"1418 S. State Road 101 Liberty, IN 47353",No,https://www.in.gov/dnr/state-parks/parks-lakes/whitewater-memorial-state-park
Iowa,Ambrose Call State Park,Kossuth,"2007 Call Park Dr Algona, IA 50511",No,https://www.iowadnr.gov/places-go/state-parks/all-parks/ambrose-call-state-park
Iowa,Backbone State Park,Delaware,"1347 129th St Dundee, IA 52038",No,https://www.iowadnr.gov/places-go/state-parks/all-parks/backbone-state-park
Iowa,Badger Creek State Recreation Area,Madison,,No,https://www.iowadnr.gov/places-go/state-parks/all-parks/badger-creek-state-recreation-area
Iowa,Banner Lakes Summerset State Park,Warren,"13084 Elk Horn St Carlisle, IA 50047",No,https://www.iowadnr.gov/places-go/state-parks/all-parks/banner-lakes-summerset-state-park
Iowa,Beeds Lake State Park,Franklin,"1422 165th St Hampton, IA 50441",No,https://www.iowadnr.gov/places-go/state-parks/all-parks/beeds-lake-state-park
Iowa,Bellevue State Park,Jackson,"21466 429th Ave Bellevue, IA 52031",No,https://www.iowadnr.gov/places-go/state-parks/all-parks/bellevue-state-park
Iowa,Big Creek State Park,Polk,"8794 NW 125th Ave Polk City, IA 50226",No,https://www.iowadnr.gov/places-go/state-parks/all-parks/big-creek-state-park
Iowa,Black Hawk State Park,Sac,"228 S Blossom St Lake View, IA 51450",No,https://www.iowadnr.gov/places-go/state-parks/all-parks/black-hawk-state-park
Iowa,Blackburn State Park,Crawford,"1291 Cemetery Rd Thurman, IA 51654",No,https://www.iowadnr.gov/places-go/state-parks/all-parks/blackburn-state-park
Iowa,Brushy Creek State Recreation Area,Webster,"2802 Brushy Creek Rd Lehigh, IA 50557",No,https://www.iowadnr.gov/places-go/state-parks/all-parks/brushy-creek-state-recreation-area
Iowa,Cedar Rock State Park,Buchanan,"2611 Quasqueton Diagonal Blvd Buch Co Hwy W-35 Independence, IA 50644",Yes,https://www.iowadnr.gov/places-go/state-parks/all-parks/cedar-rock-state-park
Iowa,Clear Lake State Park,Cerro Gordo,"6490 S Shore Dr Clear Lake, IA 50428",No,https://www.iowadnr.gov/places-go/state-parks/all-parks/clear-lake-state-park
Iowa,Dolliver Memorial State Park,Webster,"2757 Dolliver Park Ave Lehigh, IA 50557",No,https://www.iowadnr.gov/places-go/state-parks/all-parks/dolliver-memorial-state-park
Iowa,Elinor Bedell State Park,Dickinson,"1619 260th Ave Spirit Lake, IA 51360",No,https://www.iowadnr.gov/places-go/state-parks/all-parks/elinor-bedell-state-park
Iowa,Elk Rock State Park,Marion,"811 146th Avenue Knoxville, IA 50138",No,https://www.iowadnr.gov/places-go/state-parks/all-parks/elk-rock-state-park
Iowa,Emerson Bay State Recreation Area,Dickinson,"3100 Emerson St West Okoboji, IA 51351",No,https://www.iowadnr.gov/places-go/state-parks/all-parks/emerson-bay-state-recreation-area
Iowa,Fairport State Recreation Area,Muscatine,"3280 IA-22 Muscatine, IA 52761",No,https://www.iowadnr.gov/places-go/state-parks/all-parks/fairport-state-recreation-area
Iowa,Fort Atkinson State Preserve,Winneshiek,"303 2nd Street Fort Atkinson, IA 52144",No,https://www.iowadnr.gov/places-go/state-parks/all-parks/fort-atkinson-state-preserve
Iowa,Fort Defiance State Park,Emmet,"1730 360th Ave Estherville, IA 51334",No,https://www.iowadnr.gov/places-go/state-parks/all-parks/fort-defiance-state-park
Iowa,Geode State Park,Henry,"3333 Racine Ave Danville, IA 52623",No,https://www.iowadnr.gov/places-go/state-parks/all-parks/geode-state-park
Iowa,George Wyth State Park,Black Hawk,"3659 Wyth Road Waterloo, IA 50703",No,https://www.iowadnr.gov/places-go/state-parks/all-parks/george-wyth-state-park
Iowa,Green Valley State Park,Union,"1480 130th St Creston, IA 50801",No,https://www.iowadnr.gov/places-go/state-parks/all-parks/green-valley-state-park
Iowa,Gull Point State Park,Dickinson,,No,https://www.iowadnr.gov/places-go/state-parks/all-parks/gull-point-state-park
Iowa,Honey Creek State Park,Appanoose,"12194 Honey Creek Pl Moravia, IA 52571",No,https://www.iowadnr.gov/places-go/state-parks/all-parks/honey-creek-state-park
Iowa,Lacey Keosauqua State Park,Van Buren,"22895 Lacey Trail Keosauqua, IA 52565",No,https://www.iowadnr.gov/places-go/state-parks/all-parks/lacey-keosauqua-state-park
Iowa,Lake Ahquabi State Park,Warren,"16510 118th Avenue Indianola, IA 50125",No,https://www.iowadnr.gov/places-go/state-parks/all-parks/lake-ahquabi-state-park
Iowa,Lake Anita State Park,Cass,"55111 750th St Anita, IA 50020",No,https://www.iowadnr.gov/places-go/state-parks/all-parks/lake-anita-state-park
Iowa,Lake Darling State Park,Washington,"111 Lake Darling Road Brighton, IA 52540",No,https://www.iowadnr.gov/places-go/state-parks/all-parks/lake-darling-state-park
Iowa,Lake Keomah State Park,Mahaska,"2720 Keomah Lane Oskaloosa, IA 52577",No,https://www.iowadnr.gov/places-go/state-parks/all-parks/lake-keomah-state-park
Iowa,Lake Macbride State Park,Johnson,"3525 Highway 382 NE Solon, IA 52333",No,https://www.iowadnr.gov/places-go/state-parks/all-parks/lake-macbride-state-park
Iowa,Lake Manawa State Park,Pottawattamie,"1100 S Shore Drive Council Bluffs, IA 51501",No,https://www.iowadnr.gov/places-go/state-parks/all-parks/lake-manawa-state-park
Iowa,Lake Three Fires State Park,Taylor,"2303 Lake Road Bedford, IA 50833",No,https://www.iowadnr.gov/places-go/state-parks/all-parks/lake-three-fires-state-park
Iowa,Lake Wapello State Park,Davis,"15356 Campground Road Drakesville, IA 52552",No,https://www.iowadnr.gov/places-go/state-parks/all-parks/lake-wapello-state-park
Iowa,Ledges State Park,Boone,"1515 P Ave. Madrid, IA 50156",No,https://www.iowadnr.gov/places-go/state-parks/all-parks/ledges-state-park
Iowa,Lewis and Clark State Park,Monona,"21914 Park Loop Onawa, IA 51040",No,https://www.iowadnr.gov/places-go/state-parks/all-parks/lewis-and-clark-state-park
Iowa,Lower Gar State Recreation Area,Dickinson,"647 Dam Rd Arnolds Park, IA 51331",No,https://www.iowadnr.gov/places-go/state-parks/all-parks/lower-gar-state-recreation-area
Iowa,Maquoketa Caves State Park,Jackson,"9688 Caves Rd. Maquoketa, IA 52060",Yes,https://www.iowadnr.gov/places-go/state-parks/all-parks/maquoketa-caves-state-park
Iowa,Marble Beach State Recreation Area,Dickinson,"12320 240th Ave Spirit Lake, IA 51360",No,https://www.iowadnr.gov/places-go/state-parks/all-parks/marble-beach-state-recreation-area
Iowa,McIntosh Woods State Park,Cerro Gordo,"1200 East Lake Street Ventura, IA 50482",No,https://www.iowadnr.gov/places-go/state-parks/all-parks/mcintosh-woods-state-park
Iowa,Mines Spain State Recreation Area,Dubuque,"8991 Bellevue Heights Dubuque, IA 52003",Yes,https://www.iowadnr.gov/places-go/state-parks/all-parks/mines-spain-state-recreation-area
Iowa,Mini Wakan State Park,Dickinson,"24490 100th Street Spirit Lake, IA 51360",No,https://www.iowadnr.gov/places-go/state-parks/all-parks/mini-wakan-state-park
Iowa,Nine Eagles State Park,Decatur,"23678 Dale Miller Road Davis City, IA 50065",No,https://www.iowadnr.gov/places-go/state-parks/all-parks/nine-eagles-state-park
Iowa,Okamanpedan State Park,Emmet,"5118 Tuttle Lake Road Dolliver, IA 50531",No,https://www.iowadnr.gov/places-go/state-parks/all-parks/okamanpedan-state-park
Iowa,Palisades Kepler State Park,Linn,"700 Kepler Dr Mount Vernon, IA 52314",No,https://www.iowadnr.gov/places-go/state-parks/all-parks/palisades-kepler-state-park
Iowa,Pikes Peak State Park,Clayton,"32264 Pikes Peak Rd McGregor, IA 52157",No,https://www.iowadnr.gov/places-go/state-parks/all-parks/pikes-peak-state-park
Iowa,Pikes Point State Park,Dickinson,"15973 213th Ave Spirit Lake, IA 51360",No,https://www.iowadnr.gov/places-go/state-parks/all-parks/pikes-point-state-park
Iowa,Pilot Knob State Park,Hancock,"2148 340th Street Forest City, IA 50436",No,https://www.iowadnr.gov/places-go/state-parks/all-parks/pilot-knob-state-park
Iowa,Pine Lake State Park,Hardin,,No,https://www.iowadnr.gov/places-go/state-parks/all-parks/pine-lake-state-park
Iowa,Pleasant Creek State Recreation Area,Linn,"4530 McClintock Lane Palo, IA 52324",No,https://www.iowadnr.gov/places-go/state-parks/all-parks/pleasant-creek-state-recreation-area
Iowa,Prairie Rose State Park,Shelby,"680 Road M47 Harlan, IA 51537",No,https://www.iowadnr.gov/places-go/state-parks/all-parks/prairie-rose-state-park
Iowa,Preparation Canyon State Park,Monona,"206 Polk Street, P.O. Box 158 Pisgah, IA 51564",No,https://www.iowadnr.gov/places-go/state-parks/all-parks/preparation-canyon-state-park
Iowa,Red Haw State Park,Lucas,"24550 US-34 Chariton, IA 50049",No,https://www.iowadnr.gov/places-go/state-parks/all-parks/red-haw-state-park
Iowa,Rice Lake State Park,Winnebago,"43000 235th Ave Lake Mills, IA 50450",No,https://www.iowadnr.gov/places-go/state-parks/all-parks/rice-lake-state-park
Iowa,Rock Creek State Park,Jasper,"5627 Rock Creek East Kellogg, IA 50135",No,https://www.iowadnr.gov/places-go/state-parks/all-parks/rock-creek-state-park
Iowa,Springbrook State Park,Guthrie,"2437 160th Road Guthrie Center, IA 50115",No,https://www.iowadnr.gov/places-go/state-parks/all-parks/springbrook-state-park
Iowa,Stone State Park,Woodbury,"5001 Talbot Road Sioux City, IA 51103",Yes,https://www.iowadnr.gov/places-go/state-parks/all-parks/stone-state-park
Iowa,Templar State Recreation Area,Dickinson,"13185 Templar Dr S. Spirit Lake, IA 51360",No,https://www.iowadnr.gov/places-go/state-parks/all-parks/templar-state-recreation-area
Iowa,Trappers Bay State Park,Dickinson,"309 Trapper's Bay Road Lake Park, IA 51347",No,https://www.iowadnr.gov/places-go/state-parks/all-parks/trappers-bay-state-park
Iowa,Twin Lakes State Park,Calhoun,"6685 Twin Lakes Road Rockwell City, IA 50579",No,https://www.iowadnr.gov/places-go/state-parks/all-parks/twin-lakes-state-park
Iowa,Union Grove State Park,Tama,"1215 220th Street Gladbrook, IA 50635",No,https://www.iowadnr.gov/places-go/state-parks/all-parks/union-grove-state-park
Iowa,Viking Lake State Park,Montgomery,"2780 Viking Lake Road Stanton, IA 51573",No,https://www.iowadnr.gov/places-go/state-parks/all-parks/viking-lake-state-park
Iowa,Volga River State Recreation Area,Fayette,"10255 Ivy Road Fayette, IA 52142",No,https://www.iowadnr.gov/places-go/state-parks/all-parks/volga-river-state-recreation-area
Iowa,Walnut Woods State Park,Polk,"3155 Walnut Woods Dr West Des Moines, IA 50265",No,https://www.iowadnr.gov/places-go/state-parks/all-parks/walnut-woods-state-park
Iowa,Wapsipinicon State Park,Jones,,No,https://www.iowadnr.gov/places-go/state-parks/all-parks/wapsipinicon-state-park
Iowa,Waubonsie State Park,Fremont,"2585 Waubonsie Park Road Hamburg, IA 51640",No,https://www.iowadnr.gov/places-go/state-parks/all-parks/waubonsie-state-park
Iowa,Wildcat Den State Park,Muscatine,"1884 Wildcat Den Road Muscatine, IA 52761",No,https://www.iowadnr.gov/places-go/state-parks/all-parks/wildcat-den-state-park
Iowa,Wilson Island State Recreation Area,"Pottawattamie, Harrison","32801 Campground Lane Missouri Valley, IA 51555",No,https://www.iowadnr.gov/places-go/state-parks/all-parks/wilson-island-state-recreation-area
Kansas,Cedar Bluff State Park,"Trego, Ellis",,,https://www.ksoutdoors.gov/about-kdwp/where-we-work/state-parks/cedar-bluff
Kansas,Cheney State Park,Kingman,,,https://www.ksoutdoors.gov/about-kdwp/where-we-work/state-parks/cheney
Kansas,Clinton State Park,Douglas,,,https://www.ksoutdoors.gov/about-kdwp/where-we-work/state-parks/clinton
Kansas,Crawford State Park,Crawford,,,https://www.ksoutdoors.gov/about-kdwp/where-we-work/state-parks/crawford
Kansas,Cross Timbers State Park,Woodson,,,https://www.ksoutdoors.gov/about-kdwp/where-we-work/state-parks/cross-timbers
Kansas,Eisenhower State Park,Osage,,,https://www.ksoutdoors.gov/about-kdwp/where-we-work/state-parks/eisenhower
Kansas,El Dorado State Park,Butler,,,https://www.ksoutdoors.gov/about-kdwp/where-we-work/state-parks/el-dorado
Kansas,Elk City State Park,Montgomery,,,https://www.ksoutdoors.gov/about-kdwp/where-we-work/state-parks/elk-city
Kansas,Fall River State Park,Greenwood,,,https://www.ksoutdoors.gov/about-kdwp/where-we-work/state-parks/fall-river
Kansas,Flint Hills Trail State Park,Morris,,,https://www.ksoutdoors.gov/about-kdwp/where-we-work/state-parks/flint-hills-trail
Kansas,Glen Elder State Park,Mitchell,,,https://www.ksoutdoors.gov/about-kdwp/where-we-work/state-parks/glen-elder
Kansas,Hillsdale State Park,Miami,,,https://www.ksoutdoors.gov/about-kdwp/where-we-work/state-parks/hillsdale
Kansas,Historic Lake Scott State Park,Scott,,,https://www.ksoutdoors.gov/about-kdwp/where-we-work/state-parks/historic-lake-scott
Kansas,Kanopolis State Park,Ellsworth,,,https://www.ksoutdoors.gov/about-kdwp/where-we-work/state-parks/kanopolis
Kansas,Kaw River State Park,Shawnee,,,https://www.ksoutdoors.gov/about-kdwp/where-we-work/state-parks/kaw-river
Kansas,Lehigh Portland State Park,Allen,,,https://www.ksoutdoors.gov/about-kdwp/where-we-work/state-parks/lehigh-portland-state-park
Kansas,Little Jerusalem Badlands State Park,Logan,,,https://www.ksoutdoors.gov/about-kdwp/where-we-work/state-parks/little-jerusalem-badlands
Kansas,Lovewell State Park,Lincoln,,,https://www.ksoutdoors.gov/about-kdwp/where-we-work/state-parks/lovewell
Kansas,Meade State Park,Meade,,,https://www.ksoutdoors.gov/about-kdwp/where-we-work/state-parks/meade
Kansas,Milford State Park,Geary,,,https://www.ksoutdoors.gov/about-kdwp/where-we-work/state-parks/milford
Kansas,Mushroom Rock State Park,Ellsworth,,,https://www.ksoutdoors.gov/about-kdwp/where-we-work/state-parks/mushroom-rock
Kansas,Perry State Park,Jefferson,,,https://www.ksoutdoors.gov/about-kdwp/where-we-work/state-parks/perry
Kansas,Pomona State Park,Osage,,,https://www.ksoutdoors.gov/about-kdwp/where-we-work/state-parks/pomona
Kansas,Prairie Dog State Park,Norton,,,https://www.ksoutdoors.gov/about-kdwp/where-we-work/state-parks/prairie-dog
Kansas,Prairie Spirit Trail State Park,Franklin,,,https://www.ksoutdoors.gov/about-kdwp/where-we-work/state-parks/prairie-spirit-trail
Kansas,Sand Hills State Park,Reno,,,https://www.ksoutdoors.gov/about-kdwp/where-we-work/state-parks/sand-hills
Kansas,Tuttle Creek State Park,Pottawatomie,,,https://www.ksoutdoors.gov/about-kdwp/where-we-work/state-parks/tuttle-creek
Kansas,Webster State Park,Rooks,,,https://www.ksoutdoors.gov/about-kdwp/where-we-work/state-parks/webster-state-park
Kansas,Wilson State Park,Russell,,,https://www.ksoutdoors.gov/about-kdwp/where-we-work/state-parks/wilson
Kentucky,Barren River Lake State Resort Park,Barren,"1149 State Park Road, Lucas, KY 42156",No,https://parks.ky.gov/explore/barren-river-lake-state-resort-park-7781
Kentucky,Big Bone Lick State Historic Site,Boone,"3380 Beaver Road, Union, KY 41091",No,https://parks.ky.gov/explore/big-bone-lick-state-historic-site-7807
Kentucky,Blue Licks Battlefield State Resort Park,Robertson,"10299 Maysville Rd., Carlisle, KY 40311",No,https://parks.ky.gov/explore/blue-licks-battlefield-state-resort-park-7782
Kentucky,Breaks Interstate Park,Pike,"627 Commission Circle, Breaks, KY 24607",No,https://parks.ky.gov/explore/breaks-interstate-park-7829
Kentucky,Buckhorn Lake State Resort Park,Perry,"4441 Ky Hwy. 1833, Buckhorn, KY 41721",No,https://parks.ky.gov/explore/buckhorn-lake-state-resort-park-7784
Kentucky,Carr Creek State Park,Knott,"2086 Smithboro Rd., HWY 15, Sassafras, KY 41759",No,https://parks.ky.gov/explore/carr-creek-state-park-7808
Kentucky,Carter Caves State Resort Park,Carter,,,https://parks.ky.gov/explore/carter-caves-state-resort-park-7785
Kentucky,Columbus-Belmont State Park,Hickman,"350 Park Road, Columbus, KY 42032",No,https://parks.ky.gov/explore/columbus-belmont-state-park-7809
Kentucky,Cumberland Falls State Resort Park,Whitley,"7351 Highway 90, Corbin, KY 40701",No,https://parks.ky.gov/explore/cumberland-falls-state-resort-park-7786
Kentucky,Dale Hollow Lake State Resort Park,Cumberland,"5970 State Park Rd., Burkesville, KY 42717",No,https://parks.ky.gov/explore/dale-hollow-lake-state-resort-park-7787
Kentucky,Dawkins Line Rail Trail,Johnson,"Highway 825, Swamp Branch, KY 41240",No,https://parks.ky.gov/explore/dawkins-line-rail-trail-7831
Kentucky,Dr. Thomas Walker State Historic Site,Knox,"4929 KY 459, Barbourville, KY 40906",No,https://parks.ky.gov/explore/dr-thomas-walker-state-historic-site-7801
Kentucky,E.P. Tom Sawyer State Park,Jefferson,"3000 Freys Hill Rd., Louisville, KY 40241",No,https://parks.ky.gov/explore/e-p-tom-sawyer-state-park-7810
Kentucky,Fort Boonesborough State Park,Madison,"4375 Boonesboro Rd., Richmond, KY 40475",No,https://parks.ky.gov/explore/fort-boonesborough-state-park-7811
Kentucky,General Burnside Island State Park,Pulaski,"8801 S. HWY 27, Burnside, KY 42519",No,https://parks.ky.gov/explore/general-burnside-island-state-park-7812
Kentucky,General Butler State Resort Park,Carroll,"1608 Hwy. 227, Carrollton, KY 41008",No,https://parks.ky.gov/explore/general-butler-state-resort-park-7789
Kentucky,Grayson Lake State Park,Carter,"314 Grayson Lake State Park Rd., Olive Hill, KY 41164",No,https://parks.ky.gov/explore/grayson-lake-state-park-7813
Kentucky,Green River Lake State Park,Taylor,,No,https://parks.ky.gov/explore/green-river-lake-state-park-7814
Kentucky,Greenbo Lake State Resort Park,Greenup,"965 Lodge Road, Greenup, KY 41144",No,https://parks.ky.gov/explore/greenbo-lake-state-resort-park-7790
Kentucky,Isaac Shelby Cemetery State Historic Site,Lincoln,"6725 KY Hwy. 300, Junction City, KY 40484",No,https://parks.ky.gov/explore/isaac-shelby-cemetery-state-historic-site-7830
Kentucky,Jefferson Davis State Historic Site,Todd,"258 Pembroke-Fairview Rd., Fairview, KY 42221",No,https://parks.ky.gov/explore/jefferson-davis-state-historic-site-7802
Kentucky,Jenny Wiley State Resort Park,Floyd,"75 Theatre Ct., Prestonsburg, KY 41653",No,https://parks.ky.gov/explore/jenny-wiley-state-resort-park-7791
Kentucky,John James Audubon State Park,Henderson,"3100 US Hwy 41, Henderson, KY 42420",No,https://parks.ky.gov/explore/john-james-audubon-state-park-7815
Kentucky,Kenlake State Resort Park,Marshall,"542 Kenlake Rd., Hardin, KY 42048",No,https://parks.ky.gov/explore/kenlake-state-resort-park-7792
Kentucky,Kentucky Dam Village State Resort Park,Marshall,"166 Upper Village Drive, Gilbertsville, KY 42044",No,https://parks.ky.gov/explore/kentucky-dam-village-state-resort-park-7793
Kentucky,Kincaid Lake State Park,Pendleton,"749 Kincaid Park Rd., Falmouth, KY 41040",No,https://parks.ky.gov/explore/kincaid-lake-state-park-7816
Kentucky,Kingdom Come State Park,Harlan,"502 Park Rd., Cumberland, KY 40823",No,https://parks.ky.gov/explore/kingdom-come-state-park-7817
Kentucky,Lake Barkley State Resort Park,Trigg,"3500 State Park Rd., Cadiz, KY 42211",No,https://parks.ky.gov/explore/lake-barkley-state-resort-park-7794
Kentucky,Lake Cumberland State Resort Park,Russell,"5465 State Park Rd., Jamestown, KY 42629",No,https://parks.ky.gov/explore/lake-cumberland-state-resort-park-7795
Kentucky,Lake Malone State Park,Muhlenberg,"331 State Route 8001, Dunmor, KY 42339",No,https://parks.ky.gov/explore/lake-malone-state-park-7818
Kentucky,Lincoln Homestead State Park,Washington,"Lincoln Homestead State Park, Springfield, KY 40069",No,https://parks.ky.gov/explore/lincoln-homestead-state-park-7819
Kentucky,Mineral Mound State Park,Lyon,"48 Finch Ln., Eddyville, KY 42038",No,https://parks.ky.gov/explore/mineral-mound-state-park-7820
Kentucky,My Old Kentucky Home State Park,Nelson,"501 E. Stephen Foster Ave., Bardstown, KY 40004",No,https://parks.ky.gov/explore/my-old-kentucky-home-state-park-7821
Kentucky,Natural Bridge State Resort Park,"Powell, Wolfe","Natural Bridge State Resort Park, Slade, KY 40376",No,https://parks.ky.gov/explore/natural-bridge-state-resort-park-7796
Kentucky,Nolin Lake State Park,Edmonson,"2998 Brier Creek Road, Mammoth Cave, KY 42259",No,https://parks.ky.gov/explore/nolin-lake-state-park-7822
Kentucky,Old Fort Harrod State Park,Mercer,"100 S. College St., Harrodsburg, KY 40330",No,https://parks.ky.gov/explore/old-fort-harrod-state-park-7823
Kentucky,Paintsville Lake State Park,Johnson,"1551 KY 2275, Staffordsville, KY 41256",No,https://parks.ky.gov/explore/paintsville-lake-state-park-7824
Kentucky,Pennyrile Forest State Resort Park,Christian,"20781 Pennyrile Lodge Rd., Dawson Springs, KY 42408",No,https://parks.ky.gov/explore/pennyrile-forest-state-resort-park-7798
Kentucky,Perryville Battlefield State Historic Site,Boyle,"P.O. Box 296, Perryville, KY 40468",No,https://parks.ky.gov/explore/perryville-battlefield-state-historic-site-7804
Kentucky,Pine Mountain State Resort Park,Bell,"1050 State Park Road, Pineville, KY 40977",No,https://parks.ky.gov/explore/pine-mountain-state-resort-park-7799
Kentucky,Pine Mountain State Scenic Trail,Bell,"Breaks Interstate Park to US 23, Whitesburg, KY 41858",No,https://parks.ky.gov/explore/pine-mountain-state-scenic-trail-7826
Kentucky,Rough River Dam State Resort Park,Grayson,"450 Lodge Rd., Falls of Rough, KY 40119",No,https://parks.ky.gov/explore/rough-river-dam-state-resort-park-7800
Kentucky,Waveland State Historic Site,Fayette,"225 Waveland Museum Ln., Lexington, KY 40514",No,https://parks.ky.gov/explore/waveland-state-historic-site-7805
Kentucky,Wickliffe Mounds State Historic Site,Ballard,"94 Green St., Wickliffe, KY 42087",No,https://parks.ky.gov/explore/wickliffe-mounds-state-historic-site-7806
Kentucky,Yatesville Lake State Park,Lawrence,"2667 Pleasant Ridge Road, Louisa, KY 41230",No,https://parks.ky.gov/explore/yatesville-lake-state-park-7828
Louisiana,Audubon State Historic Site,West Feliciana,,,https://www.lastateparks.com/audubon-state-historic-site
Louisiana,Bayou Segnette State Park,Jefferson,,,https://www.lastateparks.com/bayou-segnette-state-park
Louisiana,Bogue Chitto State Park,Washington,,,https://www.lastateparks.com/bogue-chitto-state-park
Louisiana,Centenary State Historic Site,East Feliciana,,,https://www.lastateparks.com/centenary-state-historic-site
Louisiana,Chemin-A-Haut State Park,Morehouse,,,https://www.lastateparks.com/chemin-a-haut-state-park
Louisiana,Chicot State Park,Evangeline,,,https://www.lastateparks.com/chicot-state-park
Louisiana,Cypremort Point State Park,St. Mary,,,https://www.lastateparks.com/cypremort-point-state-park
Louisiana,Fairview-Riverside State Park,St. Tammany,,,https://www.lastateparks.com/fairview-riverside-state-park
Louisiana,Fontainebleau State Park,St. Tammany,,,https://www.lastateparks.com/fontainebleau-state-park
Louisiana,Fort Pike State Historic Site,Orleans,,,https://www.lastateparks.com/fort-pike-state-historic-site
Louisiana,Fort St. Jean Baptiste State Historic Site,Natchitoches,,,https://www.lastateparks.com/fort-st-jean-baptiste-state-historic-site
Louisiana,Forts Randolph & Buhlow State Historic Site,Rapides,,,https://www.lastateparks.com/forts-randolph-buhlow-state-historic-site
Louisiana,Jimmie Davis State Park,Jackson,,,https://www.lastateparks.com/jimmie-davis-state-park
Louisiana,Lake Bistineau State Park,Webster,,,https://www.lastateparks.com/lake-bistineau-state-park
Louisiana,Lake Bruin State Park,Tensas,,,https://www.lastateparks.com/lake-bruin-state-park
Louisiana,Lake Claiborne State Park,Claiborne,,,https://www.lastateparks.com/lake-claiborne-state-park
Louisiana,Lake D'Arbonne State Park,Union,,,https://www.lastateparks.com/lake-darbonne-state-park
Louisiana,Lake Fausse Pointe State Park,Iberia,,,https://www.lastateparks.com/lake-fausse-pointe-state-park
Louisiana,Locust Grove State Historic Site,West Feliciana,,,https://www.lastateparks.com/locust-grove-state-historic-site
Louisiana,Longfellow-Evangeline State Historic Site,St. Martin,,,https://www.lastateparks.com/longfellow-evangeline-state-historic-site
Louisiana,Los Adaes State Historic Site,Natchitoches,,,https://www.lastateparks.com/los-adaes-state-historic-site
Louisiana,Louisiana State Arboretum State Preservation Area,Evangeline,,,https://www.lastateparks.com/louisiana-state-arboretum
Louisiana,Mansfield State Historic Site,DeSoto,,,https://www.lastateparks.com/mansfield-state-historic-site
Louisiana,North Toledo Bend State Park,Sabine,,,https://www.lastateparks.com/north-toledo-bend-state-park
Louisiana,Palmetto Island State Park,Vermilion,,,https://www.lastateparks.com/palmetto-island-state-park
Louisiana,Plaquemine Lock State Historic Site,Iberville,,,https://www.lastateparks.com/plaquemine-lock-state-historic-site
Louisiana,Port Hudson State Historic Site,East Feliciana,,,https://www.lastateparks.com/port-hudson-state-historic-site
Louisiana,Poverty Point Reservoir State Park,Richland,,,https://www.lastateparks.com/poverty-point-reservoir-state-park
Louisiana,Poverty Point World Heritage Site,West Carroll,,,https://www.lastateparks.com/poverty-point-world-heritage-site
Louisiana,Rebel State Historic Site,Natchitoches,,,https://www.lastateparks.com/rebel-state-historic-site
Louisiana,Rosedown Plantation State Historic Site,West Feliciana,,,https://www.lastateparks.com/rosedown-plantation-state-historic-site
Louisiana,Sam Houston Jones State Park,Calcasieu,,,https://www.lastateparks.com/sam-houston-jones-state-park
Louisiana,South Toledo Bend State Park,Sabine,,,https://www.lastateparks.com/south-toledo-bend-state-park
Louisiana,St. Bernard State Park,St. Bernard,,,https://www.lastateparks.com/st-bernard-state-park
Louisiana,Tickfaw State Park,Livingston,,,https://www.lastateparks.com/tickfaw-state-park
Louisiana,Winter Quarters State Historic Site,Tensas,,,https://www.lastateparks.com/winter-quarters-state-historic-site
Maine,Allagash Wilderness Waterway,Aroostook,,No,https://www.maine.gov/cgi-bin/online/doc/parksearch/details.pl?park_id=2
Maine,Amherst Mountains Community Forest,Hancock,"106 Hogan Rd. Suite 5 Bangor, ME 04401",No,https://www.maine.gov/cgi-bin/online/doc/parksearch/details.pl?park_id=103
Maine,Androscoggin Riverlands,Androscoggin,,No,https://www.maine.gov/cgi-bin/online/doc/parksearch/details.pl?park_id=98
Maine,Aroostook State Park,Aroostook,"87 State Park Road Presque Isle, ME 04769",No,https://www.maine.gov/cgi-bin/online/doc/parksearch/details.pl?park_id=7
Maine,Aroostook Valley Trail,Aroostook,,No,https://www.maine.gov/cgi-bin/online/doc/parksearch/details.pl?park_id=77
Maine,Bald Mountain Public Land,Washington,,No,https://www.maine.gov/cgi-bin/online/doc/parksearch/details.pl?park_id=41
Maine,Bangor & Aroostook Trail,Aroostook,,No,https://www.maine.gov/cgi-bin/online/doc/parksearch/details.pl?park_id=96
Maine,Baxter State Park,Piscataquis,,No,https://www.maine.gov/cgi-bin/online/doc/parksearch/details.pl?park_id=BSP
Maine,Bible Point State Historic Site,Aroostook,,No,https://www.maine.gov/cgi-bin/online/doc/parksearch/details.pl?park_id=81
Maine,Bigelow Preserve Public Land,Somerset,,No,https://www.maine.gov/cgi-bin/online/doc/parksearch/details.pl?park_id=42
Maine,Birch Point State Park,Knox,,No,https://www.maine.gov/cgi-bin/online/doc/parksearch/details.pl?park_id=72
Maine,Bradbury Mountain State Park,Cumberland,"528 Hallowell Road Pownal, ME 04069",No,https://www.maine.gov/cgi-bin/online/doc/parksearch/details.pl?park_id=12
Maine,Camden Hills State Park,Knox,"280 Belfast Road Camden, ME 04843",No,https://www.maine.gov/cgi-bin/online/doc/parksearch/details.pl?park_id=14
Maine,Chain of Ponds Public Land,Franklin,,No,https://www.maine.gov/cgi-bin/online/doc/parksearch/details.pl?park_id=82
Maine,Chamberlain Lake Public Land,Piscataquis,,No,https://www.maine.gov/cgi-bin/online/doc/parksearch/details.pl?park_id=43
Maine,Cobscook Bay State Park,Washington,"40 South Edmunds Road Edmunds Twp, ME 04628",No,https://www.maine.gov/cgi-bin/online/doc/parksearch/details.pl?park_id=15
Maine,Colburn House State Historic Site,Kennebec,,No,https://www.maine.gov/cgi-bin/online/doc/parksearch/details.pl?park_id=85
Maine,Colonial Pemaquid State Historic Site (Ft. William Henry),Lincoln,"117 New Harbor, ME 04554",No,https://www.maine.gov/cgi-bin/online/doc/parksearch/details.pl?park_id=39
Maine,Crescent Beach State Park,Cumberland,"7 Tower Drive Cape Elizabeth, ME 04107",No,https://www.maine.gov/cgi-bin/online/doc/parksearch/details.pl?park_id=4
Maine,Cutler Coast Public Land,Washington,,No,https://www.maine.gov/cgi-bin/online/doc/parksearch/details.pl?park_id=44
Maine,Damariscotta Lake State Park,Lincoln,"8 State Park Road Jefferson, ME 04348",No,https://www.maine.gov/cgi-bin/online/doc/parksearch/details.pl?park_id=5
Maine,Dead River Public Land,Androscoggin,,No,https://www.maine.gov/cgi-bin/online/doc/parksearch/details.pl?park_id=45
Maine,Deboullie Public Land,Aroostook,"16 DC, Ashland, ME 04732",No,https://www.maine.gov/cgi-bin/online/doc/parksearch/details.pl?park_id=46
Maine,Dodge Point Public Land,Hancock,,No,https://www.maine.gov/cgi-bin/online/doc/parksearch/details.pl?park_id=47
Maine,Donnell Pond Public Land,Hancock,,No,https://www.maine.gov/cgi-bin/online/doc/parksearch/details.pl?park_id=48
Maine,Down East Sunrise Trail,Hancock,,No,https://www.maine.gov/cgi-bin/online/doc/parksearch/details.pl?park_id=94
Maine,Duck Lake Public Land,Penobscot,,No,https://www.maine.gov/cgi-bin/online/doc/parksearch/details.pl?park_id=49
Maine,Eagle Island State Historic Site,Cumberland,"161 S. Harpswell, ME 04079",No,https://www.maine.gov/cgi-bin/online/doc/parksearch/details.pl?park_id=6
Maine,Eagle Lake Public Land,Aroostook,,No,https://www.maine.gov/cgi-bin/online/doc/parksearch/details.pl?park_id=50
Maine,Ferry Beach State Park,York,"95 Bayview Road Saco, ME 04072",Yes,https://www.maine.gov/cgi-bin/online/doc/parksearch/details.pl?park_id=8
Maine,Fort Baldwin State Historic Site,Sagadahoc,"10 Perkins Farm Lane Phippsburg, ME 04562",No,https://www.maine.gov/cgi-bin/online/doc/parksearch/details.pl?park_id=86
Maine,Fort Edgecomb State Historic Site,Lincoln,"66 Fort Road Edgecomb, ME 04556",No,https://www.maine.gov/cgi-bin/online/doc/parksearch/details.pl?park_id=32
Maine,Fort Halifax State Historic Site,Kennebec,,No,https://www.maine.gov/cgi-bin/online/doc/parksearch/details.pl?park_id=53
Maine,Fort Kent State Historic Site,Aroostook,"87 State Park Road Presque Isle, ME 04769",No,https://www.maine.gov/cgi-bin/online/doc/parksearch/details.pl?park_id=56
Maine,Fort Knox State Historic Site,Waldo,"711 Fort Knox Rd. Prospect, ME 04981",No,https://www.maine.gov/cgi-bin/online/doc/parksearch/details.pl?park_id=37
Maine,Fort McClary State Historic Site,York,,No,https://www.maine.gov/cgi-bin/online/doc/parksearch/details.pl?park_id=38
Maine,Fort O'Brien State Historic Site,Washington,"40 South Edmunds Rd. Edmunds Township, ME 04628",No,https://www.maine.gov/cgi-bin/online/doc/parksearch/details.pl?park_id=61
Maine,Fort Point State Park,Waldo,,No,https://www.maine.gov/cgi-bin/online/doc/parksearch/details.pl?park_id=33
Maine,Fort Popham State Historic Site,Sagadahoc,"10 Perkins Farm Land Phippsburg, ME 04562",No,https://www.maine.gov/cgi-bin/online/doc/parksearch/details.pl?park_id=40
Maine,Four Ponds Public Land,Franklin,,No,https://www.maine.gov/cgi-bin/online/doc/parksearch/details.pl?park_id=51
Maine,Four Seasons Adventure Trail,Aroostook,,No,https://www.maine.gov/cgi-bin/online/doc/parksearch/details.pl?park_id=95
Maine,Gero Island Public Land,Piscataquis,,No,https://www.maine.gov/cgi-bin/online/doc/parksearch/details.pl?park_id=52
Maine,Grafton Notch State Park,Oxford,"1941 Bear River Road Newry, ME 04261",No,https://www.maine.gov/cgi-bin/online/doc/parksearch/details.pl?park_id=1
Maine,Great Heath Public Land,York,,No,https://www.maine.gov/cgi-bin/online/doc/parksearch/details.pl?park_id=54
Maine,Holbrook Island Sanctuary,Hancock,,No,https://www.maine.gov/cgi-bin/online/doc/parksearch/details.pl?park_id=9
Maine,Holeb Public Land,Somerset,,No,https://www.maine.gov/cgi-bin/online/doc/parksearch/details.pl?park_id=55
Maine,Katahdin Iron Works,Piscataquis,,No,https://www.maine.gov/cgi-bin/online/doc/parksearch/details.pl?park_id=36
Maine,Kennebec Highlands Public Land,Kennebec,,No,https://www.maine.gov/cgi-bin/online/doc/parksearch/details.pl?park_id=101
Maine,Kennebec Valley Trail,Somerset,,No,https://www.maine.gov/cgi-bin/online/doc/parksearch/details.pl?park_id=74
Maine,Lagrange to Medford Trail,Penobscot,,No,https://www.maine.gov/cgi-bin/online/doc/parksearch/details.pl?park_id=79
Maine,Lake St. George State Park,Waldo,"278 Belfast Augusta Rd. Liberty, ME 04949",No,https://www.maine.gov/cgi-bin/online/doc/parksearch/details.pl?park_id=27
Maine,Lamoine State Park,Hancock,"23 State Park Road Lamoine, ME 04605",No,https://www.maine.gov/cgi-bin/online/doc/parksearch/details.pl?park_id=16
Maine,Lily Bay State Park,Piscataquis,"13 Myrle's Way Greenville, ME 04441",No,https://www.maine.gov/cgi-bin/online/doc/parksearch/details.pl?park_id=17
Maine,Little Moose Public Land,Piscataquis,,No,https://www.maine.gov/cgi-bin/online/doc/parksearch/details.pl?park_id=70
Maine,Machias River Corridor,Washington,,No,https://www.maine.gov/cgi-bin/online/doc/parksearch/details.pl?park_id=90
Maine,Mackworth Island,Cumberland,"528 Hallowell Road Pownal, ME 04069",No,https://www.maine.gov/cgi-bin/online/doc/parksearch/details.pl?park_id=57
Maine,Mahoosuc Public Land,Oxford,,No,https://www.maine.gov/cgi-bin/online/doc/parksearch/details.pl?park_id=58
Maine,Moose Point State Park,Waldo,"310 West Main Street Searsport, ME 04974",No,https://www.maine.gov/cgi-bin/online/doc/parksearch/details.pl?park_id=19
Maine,Moosehead Lake Public Land,Piscataquis,,No,https://www.maine.gov/cgi-bin/online/doc/parksearch/details.pl?park_id=59
Maine,Mount Kineo State Park,Piscataquis,"106 Hogan Road, Suite 7 Bangor, ME 04401",No,https://www.maine.gov/cgi-bin/online/doc/parksearch/details.pl?park_id=99
Maine,Mt. Blue State Park,Franklin,"299 Center Hill Road Weld, ME 04285",Yes,https://www.maine.gov/cgi-bin/online/doc/parksearch/details.pl?park_id=18
Maine,Nahmakanta Public Land,Piscataquis,"106 Hogan Road, Suite 5 Bangor, ME 04401",No,https://www.maine.gov/cgi-bin/online/doc/parksearch/details.pl?park_id=60
Maine,Owls Head State Park,Knox,"280 Belfast Road Camden, ME 04843",No,https://www.maine.gov/cgi-bin/online/doc/parksearch/details.pl?park_id=92
Maine,Peaks-Kenny State Park,Piscataquis,"401 State Park Road Dover-Foxcroft, ME 04426",Yes,https://www.maine.gov/cgi-bin/online/doc/parksearch/details.pl?park_id=20
Maine,Penobscot Narrows Observatory,Waldo,"711 Fort Knox Rd. Prospect, ME 04981",No,https://www.maine.gov/cgi-bin/online/doc/parksearch/details.pl?park_id=89
Maine,Penobscot River Corridor,"Piscataquis, Penobscot",,No,https://www.maine.gov/cgi-bin/online/doc/parksearch/details.pl?park_id=84
Maine,Pineland Public Land,Cumberland,,No,https://www.maine.gov/cgi-bin/online/doc/parksearch/details.pl?park_id=62
Maine,Popham Beach State Park,Sagadahoc,"10 Perkins Farm Lane Phippsburg, ME 04562",No,https://www.maine.gov/cgi-bin/online/doc/parksearch/details.pl?park_id=22
Maine,Quoddy Head State Park,Washington,"973 South Lubec Rd. Lubec, ME 04652",Yes,https://www.maine.gov/cgi-bin/online/doc/parksearch/details.pl?park_id=10
Maine,Range Pond State Park,Androscoggin,,No,https://www.maine.gov/cgi-bin/online/doc/parksearch/details.pl?park_id=11
Maine,Rangeley Lake State Park,Franklin,"32 Box 5000 Rangeley, ME 04970",No,https://www.maine.gov/cgi-bin/online/doc/parksearch/details.pl?park_id=25
Maine,Reid State Park,Sagadahoc,"375 Seguinland Road Georgetown, ME 04548",No,https://www.maine.gov/cgi-bin/online/doc/parksearch/details.pl?park_id=13
Maine,Richardson Public Land,Oxford,,No,https://www.maine.gov/cgi-bin/online/doc/parksearch/details.pl?park_id=63
Maine,Rocky Lake Public Land,Washington,"106 Hogan Road, Suite 5 Bangor, ME 04401",No,https://www.maine.gov/cgi-bin/online/doc/parksearch/details.pl?park_id=64
Maine,Roque Bluffs State Park,Washington,"145 Schoppee Point Road Roque Bluffs, ME 04654",No,https://www.maine.gov/cgi-bin/online/doc/parksearch/details.pl?park_id=23
Maine,Round Pond Public Land,Oxford,,No,https://www.maine.gov/cgi-bin/online/doc/parksearch/details.pl?park_id=65
Maine,Scarborough Beach State Park,Cumberland,"414 Blackpoint Road Scarborough, ME 04074",No,https://www.maine.gov/cgi-bin/online/doc/parksearch/details.pl?park_id=87
Maine,Scopan Public Land,Aroostook,,No,https://www.maine.gov/cgi-bin/online/doc/parksearch/details.pl?park_id=69
Maine,Scraggly Lake Public Land,Penobscot,,No,https://www.maine.gov/cgi-bin/online/doc/parksearch/details.pl?park_id=66
Maine,Sebago Lake State Park,Cumberland,"11 Park Access Road Casco, ME 04015",No,https://www.maine.gov/cgi-bin/online/doc/parksearch/details.pl?park_id=26
Maine,Seboeis Public Land,Piscataquis,,No,https://www.maine.gov/cgi-bin/online/doc/parksearch/details.pl?park_id=67
Maine,Shackford Head State Park,Washington,"40 South Edmunds Road Edmunds Township, ME 04628",No,https://www.maine.gov/cgi-bin/online/doc/parksearch/details.pl?park_id=68
Maine,Sherman to Patten Trail,"Aroostook, Penobscot",,No,https://www.maine.gov/cgi-bin/online/doc/parksearch/details.pl?park_id=97
Maine,Southern Bangor & Aroostook Trail,Aroostook,,No,https://www.maine.gov/cgi-bin/online/doc/parksearch/details.pl?park_id=75
Maine,St. John Valley Heritage Trail,Aroostook,,No,https://www.maine.gov/cgi-bin/online/doc/parksearch/details.pl?park_id=78
Maine,Storer Garrison State Historic Site,York,"1099 Post Rd Route 1 Wells, ME 04090",No,https://www.maine.gov/cgi-bin/online/doc/parksearch/details.pl?park_id=91
Maine,Swan Lake State Park,Waldo,,No,https://www.maine.gov/cgi-bin/online/doc/parksearch/details.pl?park_id=24
Maine,Swans Falls Campground,Oxford,,No,https://www.maine.gov/cgi-bin/online/doc/parksearch/details.pl?park_id=88
Maine,Talking Brook Public Land,Cumberland,,No,https://www.maine.gov/cgi-bin/online/doc/parksearch/details.pl?park_id=102
Maine,Telos Public Land,Piscataquis,,No,https://www.maine.gov/cgi-bin/online/doc/parksearch/details.pl?park_id=71
Maine,Two Lights State Park,Cumberland,"7 Tower Dr. Cape Elizabeth, ME 04107",No,https://www.maine.gov/cgi-bin/online/doc/parksearch/details.pl?park_id=28
Maine,Vaughan Woods Memorial State Park,York,"28 Oldfields Road S. Berwick, ME 03908",No,https://www.maine.gov/cgi-bin/online/doc/parksearch/details.pl?park_id=29
Maine,Warren Island State Park,Waldo,,No,https://www.maine.gov/cgi-bin/online/doc/parksearch/details.pl?park_id=30
Maine,Wassataquoik Public Land,Penobscot,,No,https://www.maine.gov/cgi-bin/online/doc/parksearch/details.pl?park_id=35
Maine,Whaleback Shell Midden,Lincoln,"333 / 3 Round Top Ln Damariscotta, ME 04543",No,https://www.maine.gov/cgi-bin/online/doc/parksearch/details.pl?park_id=80
Maine,Whistle Stop Trail,Androscoggin,,No,https://www.maine.gov/cgi-bin/online/doc/parksearch/details.pl?park_id=76
Maine,Wolfe's Neck Woods State Park,Cumberland,"426 Wolfe Neck Road Freeport, ME 04032",No,https://www.maine.gov/cgi-bin/online/doc/parksearch/details.pl?park_id=31
Maryland,Assateague State Park,Worcester,"7307 Stephen Decatur Highway, Berlin, MD 21811",Yes,https://dnr.maryland.gov/publiclands/Pages/eastern/assateague.aspx
Maryland,Big Run State Park,Garrett,"10368 Savage River Road Swanton, MD 21561",No,https://dnr.maryland.gov/publiclands/Pages/western/bigrun.aspx
Maryland,Bill Burton Fishing Pier State Park,"Talbot, Dorchester","29761 Bolingbroke Point Drive Trappe, MD 21673",No,https://dnr.maryland.gov/publiclands/Pages/eastern/choptankpier.aspx
Maryland,Calvert Cliffs State Park,Calvert,"11704 Fenno Road Upper Marlboro, MD 20772",No,https://dnr.maryland.gov/publiclands/Pages/southern/calvertcliffs.aspx
Maryland,Casselman River Bridge State Park,Garrett,"10240 National Pike Grantsville, MD 21536",No,https://dnr.maryland.gov/publiclands/Pages/western/casselman.aspx
Maryland,Cedarville State Forest,Prince George's,"10201 Bee Oak Road Brandywine, MD 20613",No,https://dnr.maryland.gov/publiclands/Pages/southern/cedarville.aspx
Maryland,Chapel Point State Park,Charles,"2750 Sweden Point Road Marbury, MD 20658",No,https://dnr.maryland.gov/publiclands/Pages/southern/chapelpoint.aspx
Maryland,Chapman State Park,Charles,"3452 Ferry Place, Indian Head, MD 20640",No,https://dnr.maryland.gov/publiclands/Pages/southern/chapman.aspx
Maryland,Cunningham Falls State Park,Frederick,"14274 William Houck Dr, Thurmont, MD 21788",Yes,https://dnr.maryland.gov/publiclands/Pages/western/cunningham.aspx
Maryland,Cypress Branch State Park,Kent,"10803 Galena Road Millington, MD 21651",No,https://dnr.maryland.gov/publiclands/Pages/eastern/cypressbranch.aspx
Maryland,Dans Mountain State Park,Allegany,"349 Headquarters Lane Grantsville, MD 21536",No,https://dnr.maryland.gov/publiclands/Pages/western/dansmountain.aspx
Maryland,Deep Creek Lake NRMA,Garrett,"73 Brant Road, Swanton, MD 21561",Yes,https://dnr.maryland.gov/publiclands/Pages/western/deepcreeknrma.aspx
Maryland,Deep Creek Lake State Park,Garrett,,Yes,https://dnr.maryland.gov/publiclands/Pages/western/deepcreek.aspx
Maryland,Elk Neck State Park,Cecil,"4395 Turkey Point Rd North East, MD 21901",No,https://dnr.maryland.gov/publiclands/Pages/central/elkneck.aspx
Maryland,Fair Hill Natural Resources Management Area,Cecil,"300 Tawes Drive Elkton, MD 21921",No,https://dnr.maryland.gov/publiclands/Pages/central/fairhill.aspx
Maryland,Fort Frederick State Park,Washington,,Yes,https://dnr.maryland.gov/publiclands/Pages/western/fortfrederick.aspx
Maryland,Gambrill State Park,Frederick,"8602 Gambrill Park Road Frederick, MD 21702",Yes,https://dnr.maryland.gov/publiclands/Pages/western/gambrill.aspx
Maryland,Gathland State Park,Washington,"900 Arnoldstown Road Jefferson, MD 21755",No,https://dnr.maryland.gov/publiclands/Pages/western/gathland.aspx
Maryland,Greenbrier State Park,Washington,,Yes,https://dnr.maryland.gov/publiclands/Pages/western/greenbrier.aspx
Maryland,Greenwell State Park,St. Mary's,"25420 Rosedale Manor Lane Hollywood, MD 20636",No,https://dnr.maryland.gov/publiclands/Pages/southern/greenwell.aspx
Maryland,Gunpowder Falls State Park,Baltimore,"2840 Dalton Bevard Road, Baldwin, MD 21013",Yes,https://dnr.maryland.gov/publiclands/Pages/central/gunpowder.aspx
Maryland,Gunpowder Falls State Park: Torrey C. Brown Rail Trail,"Baltimore, Harford","2813 Jerusalem Road Kingsville, MD 21087",No,https://dnr.maryland.gov/publiclands/Pages/central/tcb.aspx
Maryland,Harriet Tubman Underground Railroad,Dorchester,"4068 Golden Hill Road Church Creek, MD 21622",Yes,https://dnr.maryland.gov/publiclands/Pages/eastern/tubman.aspx
Maryland,Hart-Miller Island State Park,Baltimore,"2813 Jerusalem Rd. P.O. Box 480 Kingsville, MD 21087",No,https://dnr.maryland.gov/publiclands/Pages/central/hartmiller.aspx
Maryland,Helen Avalynne Tawes Garden,Anne Arundel,,No,https://dnr.maryland.gov/publiclands/Pages/southern/tawesgarden.aspx
Maryland,Herrington Manor State Park,Garrett,"222 Herrington Lane Oakland, MD 21550",No,https://dnr.maryland.gov/publiclands/Pages/western/herrington.aspx
Maryland,Janes Island State Park,Somerset,"26280 Alfred J. Lawson Drive Crisfield, MD 21817",Yes,https://dnr.maryland.gov/publiclands/Pages/eastern/janesisland.aspx
Maryland,Martinak State Park,Caroline,"13450 Cherry Lane, Ridgely, MD 21660",No,https://dnr.maryland.gov/publiclands/Pages/eastern/martinak.aspx
Maryland,Merkle NRMA and Visitor Center,Prince George's,"11704 Fenno Road Upper Marlboro, MD 20772",Yes,https://dnr.maryland.gov/publiclands/Pages/southern/merkle.aspx
Maryland,Monocacy NRMA,Frederick,,No,https://dnr.maryland.gov/publiclands/Pages/western/monocacy.aspx
Maryland,Morgan Run,Carroll,,No,https://dnr.maryland.gov/publiclands/Pages/central/morganrun.aspx
Maryland,New Germany State Park,Garrett,,Yes,https://dnr.maryland.gov/publiclands/Pages/western/newgermany.aspx
Maryland,Newtowne Neck State Park,St. Mary's,"20600 Newtowne Neck Road Leonardtown, MD 20650",No,https://dnr.maryland.gov/publiclands/Pages/southern/newtowne.aspx
Maryland,North Point State Park,Baltimore,"8400 North Point Road Edgemere, MD 21219",Yes,https://dnr.maryland.gov/publiclands/Pages/central/northpoint.aspx
Maryland,Palmer State Park,Harford,"3209 Forge Hill Road Street, MD 21154",No,https://dnr.maryland.gov/publiclands/Pages/central/palmer.aspx
Maryland,Patapsco Valley State Park,"Howard, Anne Arundel, Baltimore","5120 South Street Baltimore, MD 21227",Yes,https://dnr.maryland.gov/publiclands/Pages/central/patapsco.aspx
Maryland,Patuxent River,"Montgomery, Howard",,Yes,https://dnr.maryland.gov/publiclands/Pages/central/patuxentriver.aspx
Maryland,Pocomoke River,Worcester,"3461 Worcester Hwy, Snow Hill, MD 21863",Yes,https://dnr.maryland.gov/publiclands/Pages/eastern/pocomokeriver.aspx
Maryland,Point Lookout State Park,St. Mary's,,No,https://dnr.maryland.gov/publiclands/Pages/southern/pointlookout.aspx
Maryland,Rocks State Park,Harford,"3318 Rocks Chrome Hill Road Jarrettsville, MD 21084",No,https://dnr.maryland.gov/publiclands/Pages/central/rocks.aspx
Maryland,Rocky Gap State Park,Allegany,"12500 Pleasant Valley Road Flintstone, MD 21530",Yes,https://dnr.maryland.gov/publiclands/Pages/western/rockygap.aspx
Maryland,Rosaryville State Park,Prince George's,"7805 West Marlton Avenue Upper Marlboro, MD 20772",No,https://dnr.maryland.gov/publiclands/Pages/southern/rosaryville.aspx
Maryland,Sandy Point State Park,Anne Arundel,"1100 EAST COLLEGE PKWY ANNAPOLIS, MD 21409",Yes,https://dnr.maryland.gov/publiclands/Pages/southern/sandypoint.aspx
Maryland,Sang Run State Park,Garrett,"3735 Sang Run Road McHenry, MD 21541",No,https://dnr.maryland.gov/publiclands/Pages/western/sangrun.aspx
Maryland,Sassafras NRMA,"Kent, Cecil","13506 Turners Creek Road Kennedyville, MD 21645",Yes,https://dnr.maryland.gov/publiclands/Pages/eastern/sassafras.aspx
Maryland,Savage Highlands,Garrett,,No,https://dnr.maryland.gov/publiclands/Pages/western/savagehighlands.aspx
Maryland,Seneca Creek State Park,Montgomery,"17920 Germantown Park Dr., Germantown, MD 20874",No,https://dnr.maryland.gov/publiclands/Pages/central/seneca.aspx
Maryland,Smallwood State Park,Charles,"2750 Sweden Point Road Marbury, MD 20658",Yes,https://dnr.maryland.gov/publiclands/Pages/southern/smallwood.aspx
Maryland,Soldiers Delight Natural Environment Area,Baltimore,"5100 Deer Park Road Owings Mills, MD 21117",Yes,https://dnr.maryland.gov/publiclands/Pages/central/soldiersdelight.aspx
Maryland,South Mountain State Battlefield,Frederick,"6620 Zittlestown Road Middletown, MD 21769",No,https://dnr.maryland.gov/publiclands/Pages/western/southmountainbattlefield.aspx
Maryland,South Mountain State Park,"Washington, Frederick",,No,https://dnr.maryland.gov/publiclands/Pages/western/southmountain.aspx
Maryland,St. Clements Island State Park,St. Mary's,"11175 Point Lookout Rd. Scotland, MD 20687",No,https://dnr.maryland.gov/publiclands/Pages/southern/stclements.aspx
Maryland,St. Mary's River State Park,St. Mary's,"21250 Camp Cosoma Road Leonardtown, MD 20650",No,https://dnr.maryland.gov/publiclands/Pages/southern/stmarysriver.aspx
Maryland,Susquehanna State Park,"Harford, Cecil","4122 Wilkinson Road Havre de Grace, MD 21078",No,https://dnr.maryland.gov/publiclands/Pages/central/susquehanna.aspx
Maryland,Swallow Falls State Park,Garrett,"2470 Maple Glade Road Oakland, MD 21550",No,https://dnr.maryland.gov/publiclands/Pages/western/swallowfalls.aspx
Maryland,Tuckahoe State Park,Caroline,"13070 Crouse Mill Road Queen Anne, MD 21657",No,https://dnr.maryland.gov/publiclands/Pages/eastern/tuckahoe.aspx
Maryland,Washington Monument State Park,"Washington, Frederick","6620 Zittlestown Road Middletown, MD 21769",No,https://dnr.maryland.gov/publiclands/Pages/western/washington.aspx
Maryland,Western Maryland Rail Trail,Washington,,No,https://dnr.maryland.gov/publiclands/Pages/western/wmrt.aspx
Maryland,Wetipquin Creek State Park,Wicomico,,No,https://dnr.maryland.gov/publiclands/Pages/eastern/wetipquin.aspx
Maryland,Woodmont NRMA,Washington,"11761 Woodmont Rd. Hancock, MD 21750",No,https://dnr.maryland.gov/publiclands/Pages/western/woodmont.aspx
Maryland,Wye Island NRMA,Queen Anne's,"632 Wye Island Road Queenstown, MD 21658",No,https://dnr.maryland.gov/publiclands/Pages/eastern/wyeisland.aspx
Maryland,Wye Oak State Park,Talbot,"13070 Crouse Mill Road Queen Anne, MD 21657",No,https://dnr.maryland.gov/publiclands/Pages/eastern/wyeoak.aspx
Maryland,Youghiogheny Wild River Natural Environmental Area,Garrett,,No,https://dnr.maryland.gov/publiclands/Pages/western/youghiogheny.aspx
Massachusetts,Ames Nowell State Park,Plymouth,,,https://www.mass.gov/locations/ames-nowell-state-park
Massachusetts,Ashland State Park,Middlesex,"156 West Union St, Ashland, MA 01721",No,https://www.mass.gov/locations/ashland-state-park
Massachusetts,Beartown State Forest,Berkshire,"69 Blue Hill Road, Monterey, MA 01245",No,https://www.mass.gov/locations/beartown-state-forest
Massachusetts,Blackstone River and Canal Heritage State Park,Worcester,"287 Oak St. , Uxbridge, MA 01569",Yes,https://www.mass.gov/locations/blackstone-river-and-canal-heritage-state-park
Massachusetts,Blue Hills Reservation,Norfolk,"725 Hillside Street, Milton, MA 02186",Yes,https://www.mass.gov/locations/blue-hills-reservation
Massachusetts,Borderland State Park,Norfolk,"259 Massapoag Ave., North Easton, MA 02356",No,https://www.mass.gov/locations/borderland-state-park
Massachusetts,Bradley Palmer State Park,Essex,"40 Asbury St, Topsfield, MA 01983",No,https://www.mass.gov/locations/bradley-palmer-state-park
Massachusetts,Breakheart Reservation,Essex,"177 Forest St., Saugus, MA 01906",Yes,https://www.mass.gov/locations/breakheart-reservation
Massachusetts,Brimfield State Forest,Hampden,"86 Dearth Hill Rd. Brimfield, MA 01010",No,https://www.mass.gov/locations/brimfield-state-forest
Massachusetts,Callahan State Park,Middlesex,"1048 Edmands Rd, Framingham, MA 01701",No,https://www.mass.gov/locations/callahan-state-park
Massachusetts,Chester-Blandford State Forest,Hampden,"800 US-20, Chester, MA 01011",No,https://www.mass.gov/locations/chester-blandford-state-forest
Massachusetts,Chicopee Memorial State Park,Hampden,"570 Burnett Rd., Chicopee, MA 01020",No,https://www.mass.gov/locations/chicopee-memorial-state-park
Massachusetts,Clarksburg State Park,Berkshire,"1199 Middle Rd, Clarksburg, MA 01247",Yes,https://www.mass.gov/locations/clarksburg-state-park
Massachusetts,Cochituate State Park,Middlesex,"43 Commonwealth Road, Natick, MA 01760",No,https://www.mass.gov/locations/cochituate-state-park
Massachusetts,Daughters of the American Revolution (DAR) State Forest,Hampshire,"78 Cape St., Goshen, MA 01032",No,https://www.mass.gov/locations/dar-state-forest
Massachusetts,Demarest Lloyd State Park,Bristol,"115 Barneys Joy Road, Dartmouth, MA 02748",No,https://www.mass.gov/locations/demarest-lloyd-state-park
Massachusetts,Douglas State Forest,Worcester,"107 Wallum Lake Road, Douglas, MA 01516",No,https://www.mass.gov/locations/douglas-state-forest
Massachusetts,Dunn State Park,Worcester,"289 Pearl St., Gardner, MA 01440",No,https://www.mass.gov/locations/dunn-state-park
Massachusetts,Elm Bank Reservation,Norfolk,"900 Washington St., Wellesley, MA 02482",No,https://www.mass.gov/locations/elm-bank-reservation
Massachusetts,Erving State Forest,Franklin,"94 Laurel Lake Road, Warwick, MA 01378",No,https://www.mass.gov/locations/erving-state-forest
Massachusetts,F. Gilbert Hills State Forest,Norfolk,"45 Mill Street, Foxborough, MA 02035",No,https://www.mass.gov/locations/f-gilbert-hills-state-forest
Massachusetts,Fall River Heritage State Park,Bristol,,,https://www.mass.gov/locations/fall-river-heritage-state-park
Massachusetts,Federated Women's Club State Forest,Worcester,,,https://www.mass.gov/locations/federated-womens-club-state-forest
Massachusetts,Freetown-Fall River State Forest,Bristol,"110 Slab Bridge Road, Assonet, MA 02702",No,https://www.mass.gov/locations/freetown-fall-river-state-forest
Massachusetts,Georgetown-Rowley State Forest,Essex,,,https://www.mass.gov/locations/georgetown-rowley-state-forest
Massachusetts,Granville State Forest,Hampden,"323 West Hartland Road, Granville, MA 01034",No,https://www.mass.gov/locations/granville-state-forest
Massachusetts,Great Brook Farm State Park,Middlesex,"165 North Road, Carlisle, MA 01741",No,https://www.mass.gov/locations/great-brook-farm-state-park
Massachusetts,Halibut Point State Park,Essex,"4 Gott Avenue, Rockport, MA 01966",Yes,https://www.mass.gov/locations/halibut-point-state-park
Massachusetts,Hampton Ponds State Park,Hampden,"1048 North Road, Hampton Ponds, Westfield, MA 01085",No,https://www.mass.gov/locations/hampton-ponds-state-park
Massachusetts,Harold Parker State Forest,Essex,"305 Middleton Road, North Andover, MA 01845",No,https://www.mass.gov/locations/harold-parker-state-forest
Massachusetts,Holyoke Heritage State Park,Hampden,"221 Appleton St., Holyoke, MA 01040",Yes,https://www.mass.gov/locations/holyoke-heritage-state-park
Massachusetts,Hopkinton State Park,Middlesex,"164 Cedar St., Hopkinton, MA 01748",No,https://www.mass.gov/locations/hopkinton-state-park
Massachusetts,Horseneck Beach State Reservation,Bristol,"5 John Reed Road, Westport, MA 02791",No,https://www.mass.gov/locations/horseneck-beach-state-reservation
Massachusetts,Kenneth Dubuque Memorial State Forest,Franklin,"466 W. Hawley Road, Plainfield, MA 01070",No,https://www.mass.gov/locations/kenneth-dubuque-memorial-state-forest
Massachusetts,Lake Dennison Recreation Area,Worcester,"86 Winchendon Road, Baldwinville, MA 01436",No,https://www.mass.gov/locations/lake-dennison-recreation-area
Massachusetts,Leominster State Forest,Worcester,"1 Fitchburg Road, Westminster, MA 01473",No,https://www.mass.gov/locations/leominster-state-forest
Massachusetts,Lowell Heritage State Park,Middlesex,"160 Pawtucket Boulevard, Lowell, MA 01854",No,https://www.mass.gov/locations/lowell-heritage-state-park
Massachusetts,Manuel F. Correllus State Forest,Dukes,,,https://www.mass.gov/locations/manuel-f-correllus-state-forest
Massachusetts,Massasoit State Park,Bristol,"1361 Middleboro Ave., East Taunton, MA 02718",No,https://www.mass.gov/locations/massasoit-state-park
Massachusetts,Maudslay State Park,Essex,"74 Curzon Mill Road, Newburyport, MA 01950",No,https://www.mass.gov/locations/maudslay-state-park
Massachusetts,Middlesex Fells Reservation,Middlesex,"4 Woodland Road, Stoneham, MA 02180",No,https://www.mass.gov/locations/middlesex-fells-reservation
Massachusetts,Mohawk Trail State Forest,Franklin,,,https://www.mass.gov/locations/mohawk-trail-state-forest
Massachusetts,Monroe State Forest,Franklin,"Dunbar Brook Trail Head River Road, Florida, MA 01247",No,https://www.mass.gov/locations/monroe-state-forest
Massachusetts,Moore State Park,Worcester,"1 Sawmill Road, Paxton, MA 01612",No,https://www.mass.gov/locations/moore-state-park
Massachusetts,Mount Everett State Reservation,Berkshire,"143 East St., Mt. Washington, MA 01258",No,https://www.mass.gov/locations/mount-everett-state-reservation
Massachusetts,Mount Grace State Forest,Franklin,"78 Winchester Road, Warwick, MA 01378",No,https://www.mass.gov/locations/mount-grace-state-forest
Massachusetts,Mount Greylock State Reservation,Berkshire,"30 Rockwell Road, Lanesborough, MA 01237",Yes,https://www.mass.gov/locations/mount-greylock-state-reservation
Massachusetts,Mount Holyoke Range State Park,Hampshire,"81 Batchelor St, Granby, MA 01033",Yes,https://www.mass.gov/locations/mount-holyoke-range-state-park
Massachusetts,Mount Sugarloaf State Reservation,Franklin,"300 Sugarloaf St., South Deerfield, MA 01373",No,https://www.mass.gov/locations/mount-sugarloaf-state-reservation
Massachusetts,Mount Tom State Reservation,Hampden,"125 Reservation Road, Holyoke, MA 01040",Yes,https://www.mass.gov/locations/mount-tom-state-reservation
Massachusetts,Mount Washington State Forest,Berkshire,"545 East St., Mount Washington, MA 01258",No,https://www.mass.gov/locations/mount-washington-state-forest
Massachusetts,Myles Standish State Forest,Plymouth,"194 Cranberry Rd., Carver, MA 02330",No,https://www.mass.gov/locations/myles-standish-state-forest
Massachusetts,Nantasket Beach Reservation,Plymouth,"212 Nantasket Ave., Hull, MA 02045",No,https://www.mass.gov/locations/nantasket-beach-reservation
Massachusetts,Natural Bridge State Park,Berkshire,,,https://www.mass.gov/locations/natural-bridge-state-park
Massachusetts,Nickerson State Park,Barnstable,"3488 Main St., Brewster, MA 02631",No,https://www.mass.gov/locations/nickerson-state-park
Massachusetts,October Mountain State Forest,Berkshire,"317 Woodland Road, Lee, MA 01238",No,https://www.mass.gov/locations/october-mountain-state-forest
Massachusetts,Otter River State Forest,Worcester,"86 Winchendon Road, Baldwinville, MA 01436",No,https://www.mass.gov/locations/otter-river-state-forest
Massachusetts,Pearl Hill State Park,Middlesex,"105 New Fitchburg Road, West Townsend, MA 01474",No,https://www.mass.gov/locations/pearl-hill-state-park
Massachusetts,Pilgrim Memorial State Park,Plymouth,"79 Water St., Plymouth, MA 02360",No,https://www.mass.gov/locations/pilgrim-memorial-state-park
Massachusetts,Pittsfield State Forest,Berkshire,"1041 Cascade St., Pittsfield, MA 01201",No,https://www.mass.gov/locations/pittsfield-state-forest
Massachusetts,Purgatory Chasm State Reservation,Worcester,"198 Purgatory Rd. , Sutton, MA 01590",No,https://www.mass.gov/locations/purgatory-chasm-state-reservation
Massachusetts,Quinsigamond State Park,Worcester,"10 N. Lake Ave., Worcester, MA 01612",No,https://www.mass.gov/locations/quinsigamond-state-park
Massachusetts,Revere Beach Reservation,Suffolk,,,https://www.mass.gov/locations/revere-beach-reservation
Massachusetts,Robinson State Park,Hampden,"428 North St., Feeding Hills, MA 01030",No,https://www.mass.gov/locations/robinson-state-park
Massachusetts,Roxbury Heritage State Park,Suffolk,"183 Roxbury Street, John Eliot Square, Boston, MA 02119",No,https://www.mass.gov/locations/roxbury-heritage-state-park
Massachusetts,Rutland State Park,Worcester,"49 Whitehall Road, Rutland, MA 01543",No,https://www.mass.gov/locations/rutland-state-park
Massachusetts,Salisbury Beach State Reservation,Essex,,,https://www.mass.gov/locations/salisbury-beach-state-reservation
Massachusetts,Sandy Point State Reservation,Essex,,,https://www.mass.gov/locations/sandy-point-state-reservation
Massachusetts,Savoy Mountain State Forest,Berkshire,"260 Central Shaft Road, Florida, MA 01247",No,https://www.mass.gov/locations/savoy-mountain-state-forest
Massachusetts,Scusset Beach State Reservation,Barnstable,"20 Scusset Beach Road, Sagamore, MA 02562",Yes,https://www.mass.gov/locations/scusset-beach-state-reservation
Massachusetts,Shawme-Crowell State Forest,Barnstable,"42 Main St., Sandwich, MA 02563",Yes,https://www.mass.gov/locations/shawme-crowell-state-forest
Massachusetts,Skinner State Park,Hampshire,"10 Skinner State Park Road, Hadley, MA 01035",No,https://www.mass.gov/locations/skinner-state-park
Massachusetts,South Cape Beach State Park,Barnstable,"668 Great Oak Road, Mashpee, MA 02649",No,https://www.mass.gov/locations/south-cape-beach-state-park
Massachusetts,Spencer State Forest,Worcester,"51 Howe Road, Spencer, MA 01562",No,https://www.mass.gov/locations/spencer-state-forest
Massachusetts,Tolland State Forest,Hampden,"410 Tolland Road, East Otis, MA 01029",No,https://www.mass.gov/locations/tolland-state-forest
Massachusetts,Upton State Forest,Worcester,"205 Westboro Road, Upton, MA 01568",No,https://www.mass.gov/locations/upton-state-forest
Massachusetts,Wachusett Mountain State Reservation,Worcester,"345 Mountain Road, Princeton, MA 01541",Yes,https://www.mass.gov/locations/wachusett-mountain-state-reservation
Massachusetts,Wahconah Falls State Park,Berkshire,"68 Wahconah Falls Road, Dalton, MA 01226",No,https://www.mass.gov/locations/wahconah-falls-state-park
Massachusetts,Walden Pond State Reservation,Middlesex,"915 Walden St., Concord, MA 01742",Yes,https://www.mass.gov/locations/walden-pond-state-reservation
Massachusetts,Watson Pond State Park,Bristol,"1644 Bay St., Taunton, MA 02780",No,https://www.mass.gov/locations/watson-pond-state-park
Massachusetts,Wells State Park,Worcester,"159 Walker Pond Road, Sturbridge, MA 01566",Yes,https://www.mass.gov/locations/wells-state-park
Massachusetts,Wendell State Forest,Franklin,"392 Wendell Rd, Millers Falls, MA 01349",Yes,https://www.mass.gov/locations/wendell-state-forest
Massachusetts,Western Gateway Heritage State Park,Berkshire,"9 Furnace St., Building 4, North Adams, MA 01247",Yes,https://www.mass.gov/locations/western-gateway-heritage-state-park
Massachusetts,Whitehall State Park,Middlesex,"300 Wood St., Hopkinton, MA 01748",No,https://www.mass.gov/locations/whitehall-state-park
Massachusetts,Willard Brook State Forest,Middlesex,"599 Main St on RT 119, West Townsend, MA 01474",No,https://www.mass.gov/locations/willard-brook-state-forest
Massachusetts,Windsor State Forest,Berkshire,,,https://www.mass.gov/locations/windsor-state-forest
Massachusetts,Wompatuck State Park,Plymouth,"204 Union St., Hingham, MA 02043",Yes,https://www.mass.gov/locations/wompatuck-state-park
Massachusetts,Wrentham State Forest,Norfolk,"690 Taunton St, Wrentham, MA 02093",No,https://www.mass.gov/locations/wrentham-state-forest
Michigan,Agate Falls Scenic Site,Ontonagon,,,https://www.michigan.gov/recsearch/parks/agatefalls
Michigan,Algonac State Park,St. Clair,"8970 River Road, Clay Twp, MI 48001",No,https://www.michigan.gov/recsearch/parks/algonac
Michigan,Aloha State Park,Cheboygan,"4347 Third Street, Cheboygan, Michigan",,https://www.michigan.gov/recsearch/parks/aloha
Michigan,Bald Mountain Recreation Area,Oakland,"3361 S. Lapeer Road Orion Charter Township, MI 48360",No,https://www.michigan.gov/recsearch/parks/baldmtn
Michigan,Baraga State Park,Baraga,"1300 US-41 South, Baraga, Michigan",,https://www.michigan.gov/recsearch/parks/baraga
Michigan,Bass River Recreation Area,Ottawa,,,https://www.michigan.gov/recsearch/parks/bassriver
Michigan,Bay City State Park,Bay,"3582 State Park Dr., Bay City, Michigan",,https://www.michigan.gov/recsearch/parks/baycity
Michigan,Belle Isle Park,Wayne,"99 Pleasure Drive, Detroit, Michigan",,https://www.michigan.gov/recsearch/parks/belleisle
Michigan,Bewabic State Park,Iron,"720 Idlewild Road, Crystal Falls, Michigan",,https://www.michigan.gov/recsearch/parks/bewabic
Michigan,Bond Falls Scenic Site,Ontonagon,,,https://www.michigan.gov/recsearch/parks/bondfalls
Michigan,Brighton Recreation Area,Livingston,"5210 Bishop Lake Rd, Brighton, Michigan",,https://www.michigan.gov/recsearch/parks/brighton
Michigan,Brimley State Park,Chippewa,"9200 W. 6 Mile Road, Brimely, Michigan",,https://www.michigan.gov/recsearch/parks/brimley
Michigan,Burt Lake State Park,Cheboygan,"6635 State Park Dr., Indian River, Michigan",,https://www.michigan.gov/recsearch/parks/burtlake
Michigan,Cambridge Junction Historic State Park,Lenawee,,,https://www.michigan.gov/recsearch/parks/cambridge
Michigan,Cheboygan State Park,Cheboygan,"4490 Beach Rd, Cheboygan, Michigan",,https://www.michigan.gov/recsearch/parks/cheboygan
Michigan,Clear Lake State Park,Montmorency,"20500 M- 33 North, Atlanta, Michigan",,https://www.michigan.gov/recsearch/parks/clearlake
Michigan,Coldwater Lake State Park,Branch,,,https://www.michigan.gov/recsearch/parks/coldwater
Michigan,Craig Lake State Park,Baraga,"851 County Road AKE, Champion, Michigan",,https://www.michigan.gov/recsearch/parks/craiglake
Michigan,Dodge 4 State Park,Oakland,"4250 Parkway Drive, Waterford, Michigan",,https://www.michigan.gov/recsearch/parks/dodge4
Michigan,Duck Lake State Park,Muskegon,"3560 Memorial Drive, North Muskegon, Michigan",,https://www.michigan.gov/recsearch/parks/ducklake
Michigan,Fayette Historic State Park,Delta,"4785 II Road, Garden, Michigan",,https://www.michigan.gov/recsearch/parks/fayette
Michigan,Fishermans Island State Park,Charlevoix,"16480 Bells Bay Rd, Charlevoix, Michigan",,https://www.michigan.gov/recsearch/parks/fishermans
Michigan,Flint State Park,Genesee,,,https://www.michigan.gov/recsearch/parks/flint
Michigan,Fort Custer Recreation Area,Kalamazoo,"5163 Fort Custer Drive, Augusta, Michigan",,https://www.michigan.gov/recsearch/parks/fortcuster
Michigan,Fort Wilkins Historic State Park,Keweenaw,"15223 U.S. Highway 41, Copper Harbor, Michigan",,https://www.michigan.gov/recsearch/parks/fortwilkins
Michigan,Fred Meijer White Pine Trail State Park,Ionia,,,https://www.michigan.gov/recsearch/parks/fredmeijerwhitepine
Michigan,Grand Haven State Park,Ottawa,"1001 Harbor Avenue, Grand Haven, Michigan",,https://www.michigan.gov/recsearch/parks/grandhaven
Michigan,Grand Mere State Park,Berrien,,,https://www.michigan.gov/recsearch/parks/grandmere
Michigan,Harrisville State Park,Alcona,"248 State Park Rd, PO Box 326, Harrisville, Michigan",,https://www.michigan.gov/recsearch/parks/harrisville
Michigan,Hartwick Pines State Park,Crawford,"3612 State Park Dr, Grayling, Michigan",,https://www.michigan.gov/recsearch/parks/hartwick
Michigan,Hayes State Park,Lenawee,"1220 Wamplers Lake Road, Onsted, Michigan",,https://www.michigan.gov/recsearch/parks/hayes
Michigan,Highland Recreation Area,Oakland,"5200 Highland Road, White Lake, Michigan",,https://www.michigan.gov/recsearch/parks/highland
Michigan,Hoeft State Park,Presque Isle,"5001 US-23 North, Rogers City, Michigan",,https://www.michigan.gov/recsearch/parks/hoeft
Michigan,Hoffmaster State Park,Muskegon,"6585 Lake Harbor Road, Muskegon, Michigan",,https://www.michigan.gov/recsearch/parks/hoffmaster
Michigan,Holland State Park,Ottawa,"2215 Ottawa Beach Road, Holland, Michigan",,https://www.michigan.gov/recsearch/parks/holland
Michigan,Holly Recreation Area,Oakland,"8100 Grange Hall Road, Holly, Michigan",,https://www.michigan.gov/recsearch/parks/holly
Michigan,Indian Lake State Park,Schoolcraft,"8970 W County Road 442, Manistique, Michigan",,https://www.michigan.gov/recsearch/parks/indianlake
Michigan,Interlochen State Park,Grand Traverse,"4167 M-137, Interlochen, Michigan",,https://www.michigan.gov/recsearch/parks/interlochen
Michigan,Ionia State Recreation Area,Ionia,,,https://www.michigan.gov/recsearch/parks/ionia
Michigan,Island Lake Recreation Area,Oakland,"12950 E. Grand River Ave., Brighton, Michigan",,https://www.michigan.gov/recsearch/parks/islandlake
Michigan,J.W. Wells State Park,Menominee,,,https://www.michigan.gov/recsearch/parks/jwwells
Michigan,Kal-Haven Trail State Park,Van Buren,,,https://www.michigan.gov/recsearch/parks/kalhaven
Michigan,Keith J. Charters Traverse City State Park,Grand Traverse,,,https://www.michigan.gov/recsearch/parks/traversecity
Michigan,Lake Gogebic State Park,Gogebic,"N 9995 State, Hwy M-64, Marenisco, Michigan",,https://www.michigan.gov/recsearch/parks/lakegogebic
Michigan,Lake Hudson Recreation Area,Lenawee,"5505 Morey Highway, Clayton, Michigan",,https://www.michigan.gov/recsearch/parks/lakehudson
Michigan,Lakeport State Park,St. Clair,"7605 Lakeshore Road, Lakeport, Michigan",,https://www.michigan.gov/recsearch/parks/lakeport
Michigan,Laughing Whitefish Falls State Park,Alger,,,https://www.michigan.gov/recsearch/parks/laughingwhitefish
Michigan,Leelanau State Park,Leelanau,"15310 N. Lighthouse Point Rd., Northport, Michigan",,https://www.michigan.gov/recsearch/parks/leelanau
Michigan,Lime Island State Recreation Area,Chippewa,"9200 West 6 Mile Rd, Brimley, Michigan",,https://www.michigan.gov/recsearch/parks/limeisland
Michigan,Little Presque Isle,Marquette,,,https://www.michigan.gov/recsearch/parks/littlepresque
Michigan,Ludington State Park,Mason,"8800 W. M-116, Ludington, Michigan",,https://www.michigan.gov/recsearch/parks/ludington
Michigan,Maybury State Park,Wayne,"49601 Eight Mile Road, Northville, Michigan",,https://www.michigan.gov/recsearch/parks/maybury
Michigan,McLain State Park,Houghton,"18350 Highway M-203, Hancock, Michigan",,https://www.michigan.gov/recsearch/parks/mclain
Michigan,Mears State Park,Oceana,"400 West Lowell Street, Pentwater, Michigan",,https://www.michigan.gov/recsearch/parks/mears
Michigan,Menominee River State Recreation Area,Iron,,,https://www.michigan.gov/recsearch/parks/menominee
Michigan,Meridian-Baseline State Park,"Jackson, Ingham",,,https://www.michigan.gov/recsearch/parks/meridian
Michigan,Metamora-Hadley Recreation Area,Lapeer,"3871 Herd Road, Metamora, Michigan",,https://www.michigan.gov/recsearch/parks/metamora
Michigan,Mike Levine Lakelands Trail State Park,Livingston,,,https://www.michigan.gov/recsearch/parks/mikelevinelakelands
Michigan,Mitchell State Park,Wexford,"6093 E. M-115, Cadillac, Michigan",,https://www.michigan.gov/recsearch/parks/mitchell
Michigan,Muskallonge Lake State Park,Luce,"29705 County Road 407, Newberry, Michigan",,https://www.michigan.gov/recsearch/parks/muskallonge
Michigan,Muskegon State Park,Muskegon,"3560 Memorial Drive, North Muskegon, Michigan",,https://www.michigan.gov/recsearch/parks/muskegon
Michigan,Negwegon State Park,Alcona,"248 State Park Rd, PO Box 326, Harrisville, Michigan",,https://www.michigan.gov/recsearch/parks/negwegon
Michigan,Newaygo State Park,Newaygo,"2793 Beech Street, Newaygo, Michigan",,https://www.michigan.gov/recsearch/parks/newaygo
Michigan,North Higgins Lake State Park,Crawford,"11747 N. Higgins Lake Drive, Roscommon, Michigan",,https://www.michigan.gov/recsearch/parks/northhiggins
Michigan,Old Mission State Park,Grand Traverse,,,https://www.michigan.gov/recsearch/parks/oldmission
Michigan,Onaway State Park,Presque Isle,"3622 N M211, Onaway, Michigan",,https://www.michigan.gov/recsearch/parks/onaway
Michigan,Orchard Beach State Park,Manistee,"2064 N. Lakeshore Rd., Manistee, Michigan",,https://www.michigan.gov/recsearch/parks/orchardbeach
Michigan,Ortonville Recreation Area,Lapeer,,,https://www.michigan.gov/recsearch/parks/ortonville
Michigan,Otsego Lake State Park,Otsego,"7136 Old 27 S., Gaylord, Michigan",,https://www.michigan.gov/recsearch/parks/otsego
Michigan,Palms Book State Park,Schoolcraft,,,https://www.michigan.gov/recsearch/parks/palmsbook
Michigan,Petoskey State Park,Emmet,"2475 M-119 Hwy., Petoskey, Michigan",,https://www.michigan.gov/recsearch/parks/petoskey
Michigan,Pinckney Recreation Area,Washtenaw,"21237 Kaiser Road, Gregory, MI 48137",No,https://www.michigan.gov/recsearch/parks/pinckney
Michigan,Pontiac Lake Recreation Area,Oakland,"3480 Teggerdine Rd., White Lake, Michigan",,https://www.michigan.gov/recsearch/parks/pontiaclake
Michigan,Porcupine Mountains Wilderness State Park,Ontonagon,"33303 Headquarters Road, Ontonagon, Michigan",,https://www.michigan.gov/recsearch/parks/porkies
Michigan,Port Crescent State Park,Huron,"1775 Port Austin Road, Port Austin, Michigan",,https://www.michigan.gov/recsearch/parks/portcrescent
Michigan,Proud Lake Recreation Area,Oakland,"3500 Wixom Road, Commerce Twp., Michigan",,https://www.michigan.gov/recsearch/parks/proudlake
Michigan,Rifle River Recreation Area,Arenac,"2550 E. Rose City Rd., Lupton, Michigan",,https://www.michigan.gov/recsearch/parks/rifleriver
Michigan,Rockport Recreation Area,Alpena,,,https://www.michigan.gov/recsearch/parks/rockport
Michigan,Sanilac Petroglyphs Historic State Park,Sanilac,,,https://www.michigan.gov/recsearch/parks/sanilac
Michigan,Saugatuck Dunes State Park,Allegan,"3834 66th Street, Holland, Michigan",,https://www.michigan.gov/recsearch/parks/saugatuck
Michigan,Seven Lakes State Park,Oakland,"14390 Fish Lake Road, Holly, Michigan",,https://www.michigan.gov/recsearch/parks/sevenlakes
Michigan,Silver Lake State Park,Oceana,,,https://www.michigan.gov/recsearch/parks/silverlake
Michigan,Sleeper State Park,Huron,"6573 State Park Road, Caseville, Michigan",,https://www.michigan.gov/recsearch/parks/sleeper
Michigan,Sleepy Hollow State Park,Clinton,"7835 E. Price Road, Laingsburg, Michigan",,https://www.michigan.gov/recsearch/parks/sleepyhollow
Michigan,South Higgins Lake State Park,Roscommon,"106 State Park Drive, Roscommon, Michigan",,https://www.michigan.gov/recsearch/parks/southhiggins
Michigan,Sterling State Park,Monroe,"2800 State Park Road, Monroe, Michigan",,https://www.michigan.gov/recsearch/parks/sterling
Michigan,Straits State Park,Mackinac,"720 Church Street, St. Ignace, Michigan",,https://www.michigan.gov/recsearch/parks/straits
Michigan,Sturgeon Point State Park,Alcona,,,https://www.michigan.gov/recsearch/parks/sturgeonpoint
Michigan,Tahquamenon Falls State Park,Chippewa,"6999 N. Lower Campground Lane, Paradise, MI 49768",Yes,https://www.michigan.gov/recsearch/parks/tahquamenonfalls
Michigan,Tawas Point State Park,Iosco,"686 Tawas Beach Road, East Tawas, Michigan",,https://www.michigan.gov/recsearch/parks/tawaspoint
Michigan,Thompsons Harbor State Park,Presque Isle,,,https://www.michigan.gov/recsearch/parks/thompsonsharbor
Michigan,Tippy Dam Recreation Area,Manistee,"1500 Dilling Road, Brethren, Michigan",,https://www.michigan.gov/recsearch/parks/tippydam
Michigan,Twin Lakes State Park,Houghton,"32650 N. Hwy M-26, Toivola, Michigan",,https://www.michigan.gov/recsearch/parks/twinlakes
Michigan,Van Buren State Park,Van Buren,"23960 Ruggles Road, S. Haven, Michigan",,https://www.michigan.gov/recsearch/parks/vanburen
Michigan,Van Buren Trail State Park,Van Buren,,,https://www.michigan.gov/recsearch/parks/vanburentrail
Michigan,Van Riper State Park,Marquette,"851 County Road AKE, Champion, Michigan",,https://www.michigan.gov/recsearch/parks/vanriper
Michigan,Wagner Falls Scenic Site,Alger,,,https://www.michigan.gov/recsearch/parks/wagnerfalls
Michigan,Warren Dunes State Park,Berrien,"12032 Red Arrow Highway, Sawyer, Michigan",,https://www.michigan.gov/recsearch/parks/warrendunes
Michigan,Warren Woods State Park,Berrien,,,https://www.michigan.gov/recsearch/parks/warrenwoods
Michigan,Waterloo Recreation Area,Jackson,,,https://www.michigan.gov/recsearch/parks/waterloo
Michigan,Watkins Lake State Park and County Preserve,Jackson,,,https://www.michigan.gov/recsearch/parks/watkinslake
Michigan,Wetzel State Recreation Area,Macomb,,,https://www.michigan.gov/recsearch/parks/wetzel
Michigan,Wilderness State Park,Emmet,"903 Wilderness Park Drive, Carp Lake, Michigan",,https://www.michigan.gov/recsearch/parks/wilderness
Michigan,William Field Memorial Hart-Montague Trail State Park,"Muskegon, Oceana",,,https://www.michigan.gov/recsearch/parks/williamhartmontague
Michigan,William G. Milliken State Park and Harbor,Wayne,,,https://www.michigan.gov/recsearch/parks/williammilliken
Michigan,Wilson State Park,Clare,"910 N. First Street, Harrison, Michigan",,https://www.michigan.gov/recsearch/parks/wilson
Michigan,Yankee Springs Recreation Area,Barry,"2104 South Briggs Road, Middleville, Michigan",,https://www.michigan.gov/recsearch/parks/yankeesprings
Michigan,Young State Park,Charlevoix,"2280 Boyne City Road, Boyne City, Michigan",,https://www.michigan.gov/recsearch/parks/young
Minnesota,Afton State Park,Washington,"6959 Peller Avenue South, Hastings, MN 55033",No,https://www.dnr.state.mn.us/state_parks/park.html?id=spk00100
Minnesota,Banning State Park,Pine,"61101 Banning Park Road, Sandstone, MN 55072",No,https://www.dnr.state.mn.us/state_parks/park.html?id=spk00103
Minnesota,Bear Head Lake State Park,St. Louis,"9301 Bear Head State Park Road, Ely, MN 55731",No,https://www.dnr.state.mn.us/state_parks/park.html?id=spk00109
Minnesota,Beaver Creek Valley State Park,Houston,"15954 County Road 1, Caledonia, MN 55921",No,https://www.dnr.state.mn.us/state_parks/park.html?id=spk00112
Minnesota,Big Stone Lake State Park,Big Stone,"35889 Meadowbrook State Park Road, Ortonville, MN 56278",No,https://www.dnr.state.mn.us/state_parks/park.html?id=spk00115
Minnesota,Blue Mounds State Park,Rock,"1410 161st Street, Luverne, MN 56156",No,https://www.dnr.state.mn.us/state_parks/park.html?id=spk00121
Minnesota,Buffalo River State Park,Clay,"565 155th Street S., Glyndon, MN 56547",No,https://www.dnr.state.mn.us/state_parks/park.html?id=spk00124
Minnesota,Camden State Park,Lyon,"1897 Camden Park Road, Lynd, MN 56157",No,https://www.dnr.state.mn.us/state_parks/park.html?id=spk00127
Minnesota,Carley State Park,Wabasha,"Wabasha County Rd 4, Plainview, MN 55964",No,https://www.dnr.state.mn.us/state_parks/park.html?id=spk00130
Minnesota,Cascade River State Park,Cook,"3481 West Highway 61, Lutsen, MN 55612",No,https://www.dnr.state.mn.us/state_parks/park.html?id=spk00133
Minnesota,Charles A. Lindbergh State Park,Morrison,"1615 Lindbergh Drive South, Little Falls, MN 56345",No,https://www.dnr.state.mn.us/state_parks/park.html?id=spk00136
Minnesota,Crow Wing State Park,"Crow Wing, Cass, Morrison","3124 State Park Road, Brainerd, MN 56401",No,https://www.dnr.state.mn.us/state_parks/park.html?id=spk00139
Minnesota,Father Hennepin State Park,Mille Lacs,"41294 Father Hennepin Road, Isle, MN 56342",No,https://www.dnr.state.mn.us/state_parks/park.html?id=spk00142
Minnesota,Flandrau State Park,Brown,"1300 Summit Avenue, New Ulm, MN 56073",No,https://www.dnr.state.mn.us/state_parks/park.html?id=spk00145
Minnesota,Forestville/Mystery Cave State Park,Fillmore,"21071 County 118, Preston, MN 55965",No,https://www.dnr.state.mn.us/state_parks/park.html?id=spk00148
Minnesota,Fort Ridgely State Park,"Nicollet, Renville","72158 County Road 30, Fairfax, MN 55332",No,https://www.dnr.state.mn.us/state_parks/park.html?id=spk00151
Minnesota,Fort Snelling State Park,Dakota,"101 Snelling Lake Rd, Saint Paul, MN 55111",No,https://www.dnr.state.mn.us/state_parks/park.html?id=spk00154
Minnesota,Franz Jevne State Park,Koochiching,"State Hwy 11, Birchdale, MN 56629",No,https://www.dnr.state.mn.us/state_parks/park.html?id=spk00157
Minnesota,Frontenac State Park,Goodhue,"29223 County 28 Boulevard, Frontenac, MN 55026",No,https://www.dnr.state.mn.us/state_parks/park.html?id=spk00160
Minnesota,George H. Crosby Manitou State Park,Lake,"7616 Lake Country Rd, Finland, MN 55603",No,https://www.dnr.state.mn.us/state_parks/park.html?id=spk00163
Minnesota,Glacial Lakes State Park,Pope,"25022 County Road 41, Starbuck, MN 56381",No,https://www.dnr.state.mn.us/state_parks/park.html?id=spk00166
Minnesota,Glendalough State Park,Otter Tail,"24869 Whitetail Lane, Battle Lake, MN 56515",No,https://www.dnr.state.mn.us/state_parks/park.html?id=spk00167
Minnesota,Gooseberry Falls State Park,Lake,"3206 Highway 61, Two Harbors, MN 55616",No,https://www.dnr.state.mn.us/state_parks/park.html?id=spk00172
Minnesota,Grand Portage State Park,Cook,"9393 E. Hwy 61, Grand Portage, MN 55605",No,https://www.dnr.state.mn.us/state_parks/park.html?id=spk00173
Minnesota,Great River Bluffs State Park,Winona,"43605 Kipp Drive, Winona, MN 55987",No,https://www.dnr.state.mn.us/state_parks/park.html?id=spk00244
Minnesota,Hayes Lake State Park,Roseau,"48990 County Road 4, Roseau, MN 56751",No,https://www.dnr.state.mn.us/state_parks/park.html?id=spk00174
Minnesota,Hill Annex Mine State Park,Itasca,"880 Gary St, Calumet, MN 55716",No,https://www.dnr.state.mn.us/state_parks/park.html?id=spk00176
Minnesota,Interstate State Park,Chisago,"307 Milltown Road, Taylors Falls, MN 55084",No,https://www.dnr.state.mn.us/state_parks/park.html?id=spk00178
Minnesota,Itasca State Park,"Clearwater, Becker, Hubbard","36750 Main Park Drive, Park Rapids, MN 56470",No,https://www.dnr.state.mn.us/state_parks/park.html?id=spk00181
Minnesota,Jay Cooke State Park,Carlton,"780 Highway 210, Carlton, MN 55718",No,https://www.dnr.state.mn.us/state_parks/park.html?id=spk00187
Minnesota,John A. Latsch State Park,Winona,"US Hwy 61, Winona, MN 55987",No,https://www.dnr.state.mn.us/state_parks/park.html?id=spk00177
Minnesota,Judge C.R. Magney State Park,Cook,"4051 East Highway 61, Grand Marais, MN 55604",No,https://www.dnr.state.mn.us/state_parks/park.html?id=spk00193
Minnesota,Kilen Woods State Park,Jackson,"50200 860th Street, Lakefield, MN 56150",No,https://www.dnr.state.mn.us/state_parks/park.html?id=spk00196
Minnesota,Lac qui Parle State Park,"Lac qui Parle, Chippewa","14047 20th Street NM, Watson, MN 56295",No,https://www.dnr.state.mn.us/state_parks/park.html?id=spk00197
Minnesota,Lake Bemidji State Park,Beltrami,"3401 State Park Road NE, Bemidji, MN 56601",No,https://www.dnr.state.mn.us/state_parks/park.html?id=spk00205
Minnesota,Lake Bronson State Park,Kittson,"3793 230th St, Lake Bronson, MN 56734",No,https://www.dnr.state.mn.us/state_parks/park.html?id=spk00208
Minnesota,Lake Carlos State Park,Douglas,"2601 County Road 38 NE, Carlos, MN 56319",No,https://www.dnr.state.mn.us/state_parks/park.html?id=spk00211
Minnesota,Lake Louise State Park,Mower,"12385 766th Ave, Le Roy, MN 55951",No,https://www.dnr.state.mn.us/state_parks/park.html?id=spk00214
Minnesota,Lake Maria State Park,Wright,"11411 Clementa Avenue NW, Monticello, MN 55362",No,https://www.dnr.state.mn.us/state_parks/park.html?id=spk00217
Minnesota,Lake Shetek State Park,Murray,"163 State Park Road, Currie, MN 56123",No,https://www.dnr.state.mn.us/state_parks/park.html?id=spk00220
Minnesota,Lake Vermilion-Soudan Underground Mine State Park,St. Louis,"1302 McKinley Park Rd (Soudan Mine), Soudan, MN 55782",No,https://www.dnr.state.mn.us/state_parks/park.html?id=spk00285
Minnesota,Maplewood State Park,Otter Tail,"39721 Park Entrance Road, Pelican Rapids, MN 56572",No,https://www.dnr.state.mn.us/state_parks/park.html?id=spk00229
Minnesota,McCarthy Beach State Park,St. Louis,"7622 McCarthy Beach Road, Side Lake, MN 55781",No,https://www.dnr.state.mn.us/state_parks/park.html?id=spk00226
Minnesota,Mille Lacs Kathio State Park,Mille Lacs,"15066 Kathio State Park Road, Onamia, MN 56359",No,https://www.dnr.state.mn.us/state_parks/park.html?id=spk00232
Minnesota,Minneopa State Park,Blue Earth,"54497 Gadwall Road, Mankato, MN 56001",No,https://www.dnr.state.mn.us/state_parks/park.html?id=spk00235
Minnesota,Monson Lake State Park,Swift,"1690 15th Street NE, Sunburg, MN 56289",No,https://www.dnr.state.mn.us/state_parks/park.html?id=spk00238
Minnesota,Moose Lake State Park,Carlton,"4252 County Rd 137, Moose Lake, MN 55767",No,https://www.dnr.state.mn.us/state_parks/park.html?id=spk00239
Minnesota,Myre-Big Island State Park,Freeborn,"19499 780th Avenue, Albert Lea, MN 56007",No,https://www.dnr.state.mn.us/state_parks/park.html?id=spk00175
Minnesota,Nerstrand Big Woods State Park,Rice,"9700 170th Street East, Nerstrand, MN 55053",No,https://www.dnr.state.mn.us/state_parks/park.html?id=spk00241
Minnesota,Old Mill State Park,Marshall,"33489 240th Avenue NW, Argyle, MN 56713",No,https://www.dnr.state.mn.us/state_parks/park.html?id=spk00247
Minnesota,Rice Lake State Park,"Steele, Dodge","8485 Rose Street, Owatonna, MN 55060",No,https://www.dnr.state.mn.us/state_parks/park.html?id=spk00250
Minnesota,Sakatah Lake State Park,"Le Sueur, Rice","50499 Sakatah Lake State Park Road, Waterville, MN 56096",No,https://www.dnr.state.mn.us/state_parks/park.html?id=spk00256
Minnesota,Savanna Portage State Park,"Aitkin, St. Louis","55626 Lake Place, McGregor, MN 55760",No,https://www.dnr.state.mn.us/state_parks/park.html?id=spk00259
Minnesota,Scenic State Park,Itasca,"56956 Scenic Highway 7, Bigfork, MN 56628",No,https://www.dnr.state.mn.us/state_parks/park.html?id=spk00262
Minnesota,Schoolcraft State Park,"Itasca, Cass","9042 Schoolcraft Lane NE, Deer River, MN 56636",No,https://www.dnr.state.mn.us/state_parks/park.html?id=spk00263
Minnesota,Sibley State Park,Kandiyohi,"800 Sibley Park Road NE, New London, MN 56273",No,https://www.dnr.state.mn.us/state_parks/park.html?id=spk00265
Minnesota,Split Rock Creek State Park,Pipestone,"336 50th Avenue, Jasper, MN 56144",No,https://www.dnr.state.mn.us/state_parks/park.html?id=spk00267
Minnesota,Split Rock Lighthouse State Park,Lake,"3755 Split Rock Lighthouse Road, Two Harbors, MN 55616",No,https://www.dnr.state.mn.us/state_parks/park.html?id=spk00266
Minnesota,St. Croix State Park,Pine,"30065 St Croix Park Road, Hinckley, MN 55037",No,https://www.dnr.state.mn.us/state_parks/park.html?id=spk00253
Minnesota,Temperance River State Park,Cook,"7620 W Hwy 61, Schroeder, MN 55613",No,https://www.dnr.state.mn.us/state_parks/park.html?id=spk00268
Minnesota,Tettegouche State Park,Lake,"5702 Highway 61, Silver Bay, MN 55614",No,https://www.dnr.state.mn.us/state_parks/park.html?id=spk00269
Minnesota,Upper Sioux Agency State Park,Yellow Medicine,,No,https://www.dnr.state.mn.us/state_parks/park.html?id=spk00277
Minnesota,Whitewater State Park,Winona,"19041 Highway 74, Altura, MN 55910",No,https://www.dnr.state.mn.us/state_parks/park.html?id=spk00280
Minnesota,Wild River State Park,Chisago,"39797 Park Trail, Center City, MN 55012",No,https://www.dnr.state.mn.us/state_parks/park.html?id=spk00254
Minnesota,William O'Brien State Park,Washington,"16821 O'Brien Trail North, Marine On Saint Croix, MN 55047",No,https://www.dnr.state.mn.us/state_parks/park.html?id=spk00283
Minnesota,Zippel Bay State Park,Lake of the Woods,"3684 54th Avenue NW, Williams, MN 56686",No,https://www.dnr.state.mn.us/state_parks/park.html?id=spk00284
Mississippi,Bob M Dearing Natchez State Park,Adams,"230B Wickcliff Natchez, MS 39120",No,https://www.mdwfp.com/parks-destinations/park/bob-m-dearing-natchez-state-park
Mississippi,Buccaneer State Park,Hancock,"1150 South Beach Boulevard Waveland, MS 39576",No,https://www.mdwfp.com/parks-destinations/park/buccaneer-state-park
Mississippi,Clark Creek State Park,Wilkinson,"366 Fort Adams Pond Road Woodville, MS 39669",No,https://www.mdwfp.com/parks-destinations/park/clark-creek-state-park
Mississippi,Clarkco State Park,Clarke,"380 Clarkco Road Quitman, MS 39355",No,https://www.mdwfp.com/parks-destinations/park/clarkco-state-park
Mississippi,George P Cossar State Park,Yalobusha,"165 County Road 170 Oakland, MS 38948",No,https://www.mdwfp.com/parks-destinations/park/george-p-cossar-state-park
Mississippi,Golden Memorial State Park,Scott,"2104 Damascus Road Walnut Grove, MS 39180",No,https://www.mdwfp.com/parks-destinations/park/golden-memorial-state-park
Mississippi,Great River Road State Park,Bolivar,"101 State Park Road Rosedale, MS 38769",No,https://www.mdwfp.com/parks-destinations/park/great-river-road-state-park
Mississippi,Hugh White State Park,Grenada,"3170 State Park Road P.O. Box 725 Grenada, MS 38902",No,https://www.mdwfp.com/parks-destinations/park/hugh-white-state-park
Mississippi,John W Kyle State Park,Panola,"4235 State Park Road Sardis, MS 38666",No,https://www.mdwfp.com/parks-destinations/park/john-w-kyle-state-park
Mississippi,Jp Coleman State Park,Hinds,"613 CR 321 Iuka, MS 38852",Yes,https://www.mdwfp.com/parks-destinations/park/jp-coleman-state-park
Mississippi,Lake Lincoln State Park,Lincoln,"2573 Sunset Road NE Wesson, MS 39191",No,https://www.mdwfp.com/parks-destinations/park/lake-lincoln-state-park
Mississippi,Lake Lowndes State Park,Lowndes,"3319 Lake Lowndes Road Columbus, MS 39702",No,https://www.mdwfp.com/parks-destinations/park/lake-lowndes-state-park
Mississippi,Lefleurs Bluff State Park,Hinds,"3315 Lakeland Terrace Jackson, MS 39216",No,https://www.mdwfp.com/parks-destinations/park/lefleurs-bluff-state-park
Mississippi,Legion State Park,Winston,"635 Legion State Park Road Louisville, MS 39339",No,https://www.mdwfp.com/parks-destinations/park/legion-state-park
Mississippi,Leroy Percy State Park,Washington,"1400 Hwy 12W Hollandale, MS 38748",No,https://www.mdwfp.com/parks-destinations/park/leroy-percy-state-park
Mississippi,Paul B Johnson State Park,Forrest,"319 Geiger Lake Road Hattiesburg, MS 39401",Yes,https://www.mdwfp.com/parks-destinations/park/paul-b-johnson-state-park
Mississippi,Percy Quin State Park,Pike,"2036 Percy Quin Drive McComb, MS 39648",Yes,https://www.mdwfp.com/parks-destinations/park/percy-quin-state-park
Mississippi,Roosevelt State Park,Scott,"2149 MS-13 Morton, MS 39117",Yes,https://www.mdwfp.com/parks-destinations/park/roosevelt-state-park
Mississippi,Tishomingo State Park,Tishomingo,"105 County Road 90 Tishomingo, MS 38873",No,https://www.mdwfp.com/parks-destinations/park/tishomingo-state-park
Mississippi,Tombigbee State Park,Lee,"264 Cabin Drive Tupelo, MS 38804",Yes,https://www.mdwfp.com/parks-destinations/park/tombigbee-state-park
Mississippi,Trace State Park,Pontotoc,"2139 Faulkner Road Belden, MS 38826",No,https://www.mdwfp.com/parks-destinations/park/trace-state-park
Mississippi,Wall Doxey State Park,Marshall,"3946 Hwy 7 South Holly Springs, MS 38635",No,https://www.mdwfp.com/parks-destinations/park/wall-doxey-state-park
Missouri,Annie and Abel Van Meter State Park,Saline,"32146 N. Highway 122 Miami, MO 65344",No,https://mostateparks.com/park/annie-and-abel-van-meter-state-park
Missouri,Arrow Rock State Historic Site,Saline,"39521 Visitor Center Drive Arrow Rock, MO 65320",Yes,https://mostateparks.com/historic-site/arrow-rock-state-historic-site
Missouri,Battle Athens State Historic Site,Clark,"12378 Athens State Park Road Revere, MO 63465",No,https://mostateparks.com/historic-site/battle-athens-state-historic-site
Missouri,Battle Carthage State Historic Site,Jasper,"1111 E. Chestnut Carthage, MO 64836",No,https://mostateparks.com/historic-site/battle-carthage-state-historic-site
Missouri,Battle Island Mound State Historic Site,Bates,"4837 NW County Road 1002 Butler, MO 64730",No,https://mostateparks.com/historic-site/battle-island-mound-state-historic-site
Missouri,Battle Lexington State Historic Site,Lafayette,"1101 Delaware Lexington, MO 64067",No,https://mostateparks.com/historic-site/battle-lexington-state-historic-site
Missouri,Battle Pilot Knob State Historic Site,Iron,"118 E. Maple Pilot Knob, MO 63663",Yes,https://mostateparks.com/historic-site/battle-pilot-knob-state-historic-site
Missouri,Bennett Spring State Park,Dallas,"26250 Highway 64A Lebanon, MO 65536",Yes,https://mostateparks.com/park/bennett-spring-state-park
Missouri,Big Lake State Park,Holt,"204 Lake Shore Drive Craig, MO 64437",No,https://mostateparks.com/park/big-lake-state-park
Missouri,Big Oak Tree State Park,Mississippi,"13640 S. Highway 102 East Prairie, MO 63845",No,https://mostateparks.com/park/big-oak-tree-state-park
Missouri,Big Sugar Creek State Park,McDonald,"6727 Big Sugar Creek Road Pineville, MO 64856",No,https://mostateparks.com/park/big-sugar-creek-state-park
Missouri,Bollinger Mill State Historic Site,Cape Girardeau,"113 Bollinger Mill Road Burfordville, MO 63739",No,https://mostateparks.com/historic-site/bollinger-mill-state-historic-site
Missouri,Boones Lick State Historic Site,Howard,"C/O Arrow Rock SHS, PO Box 1, Arrow Rock, MO 65320",No,https://mostateparks.com/historic-site/boones-lick-state-historic-site
Missouri,Bothwell Lodge State Historic Site,Pettis,"19349 Bothwell State Park Road Sedalia, MO 65301",No,https://mostateparks.com/historic-site/bothwell-lodge-state-historic-site
Missouri,Bryant Creek State Park,Douglas,"1204 Private Drive 3422 Ava, MO 65208",No,https://mostateparks.com/park/bryant-creek-state-park
Missouri,Castlewood State Park,St. Louis,"1401 Kiefer Creek Road Ballwin, MO 63021",No,https://mostateparks.com/park/castlewood-state-park
Missouri,Clark's Hill/Norton State Historic Site,Boone,"C/O Rock Bridge Memorial SP, 5901 South Highway 163, Columbia, MO 65203",,https://mostateparks.com/historic-site/clarks-hillnorton-state-historic-site
Missouri,Confederate Memorial State Historic Site,Lafayette,"211 W. First St. Higginsville, MO 64037",No,https://mostateparks.com/historic-site/confederate-memorial-state-historic-site
Missouri,Crowder State Park,Grundy,"76 NW Highway 128 Trenton, MO 64683",No,https://mostateparks.com/park/crowder-state-park
Missouri,Cuivre River State Park,Lincoln,"678 State Route 147 Troy, MO 63379",Yes,https://mostateparks.com/park/cuivre-river-state-park
Missouri,Current River State Park,Shannon,"11053 County Road 19D Salem, MO 65560",No,https://mostateparks.com/park/current-river-state-park
Missouri,Deutschheim State Historic Site,Gasconade,"109 W Second Street, Hermann, MO 65041",,https://mostateparks.com/historic-site/deutschheim-state-historic-site
Missouri,Dillard Mill State Historic Site,Crawford,"142 Dillard Mill Road Davisville, MO 65456",No,https://mostateparks.com/historic-site/dillard-mill-state-historic-site
Missouri,Don Robinson State Park,Jefferson,"9275 Byrnesville Road Cedar Hill, MO 63016",No,https://mostateparks.com/park/don-robinson-state-park
Missouri,Dr Edmund Babler Memorial State Park,Saint Louis,"800 Guy Park Drive Wildwood, MO 63005",Yes,https://mostateparks.com/park/dr-edmund-babler-memorial-state-park
Missouri,Echo Bluff State Park,Shannon,"35244 Echo Bluff Drive Eminence, MO 65466",No,https://mostateparks.com/park/echo-bluff-state-park
Missouri,Edward Ted and Pat Jones Confluence Point State Park,Saint Charles,"1000 Riverlands Way West Alton, MO 63386",No,https://mostateparks.com/park/edward-ted-and-pat-jones-confluence-point-state-park
Missouri,Elephant Rocks State Park,Iron,"7406 Highway 21 Belleview, MO 63623",No,https://mostateparks.com/park/elephant-rocks-state-park
Missouri,Eleven Point State Park,Oregon,"Hwy Y Rt 1 Box 1267, Alton, MO 65606",,https://mostateparks.com/park/eleven-point-state-park
Missouri,Felix Valle House State Historic Site,Ste. Genevieve,"198 Merchant St. P.O. Box 89 Ste. Genevieve, MO 63670",No,https://mostateparks.com/historic-site/felix-valle-house-state-historic-site
Missouri,Finger Lakes,Boone,"1505 E. Peabody Road Columbia, MO 65202",No,https://mostateparks.com/park/finger-lakes
Missouri,First Missouri State Capitol State Historic Site,St. Charles,"200 S. Main St. St. Charles, MO 63301",No,https://mostateparks.com/historic-site/first-missouri-state-capitol-state-historic-site
Missouri,Gen John J Pershing Boyhood Home State Historic Site,Linn,"905 Pershing Way Laclede, MO 64651",No,https://mostateparks.com/historic-site/gen-john-j-pershing-boyhood-home-state-historic-site
Missouri,Gov Daniel Dunklins Grave State Historic Site,Jefferson,"104 Dunklin Drive Herculaneum, MO 63048",No,https://mostateparks.com/historic-site/gov-daniel-dunklins-grave-state-historic-site
Missouri,Graham Cave State Park,Montgomery,"217 Highway TT Danville, MO 63361",No,https://mostateparks.com/park/graham-cave-state-park
Missouri,Grand Gulf State Park,Oregon,"Route 3, Box 3554, Thayer, MO 65791",,https://mostateparks.com/park/grand-gulf-state-park
Missouri,Ha Ha Tonka State Park,Camden,"1491 State Road D Camdenton, MO 65020",No,https://mostateparks.com/park/ha-ha-tonka-state-park
Missouri,Harry S Truman Birthplace State Historic Site,Barton,"1009 Truman Lamar, MO 64759",No,https://mostateparks.com/historic-site/harry-s-truman-birthplace-state-historic-site
Missouri,Hawn,Ste. Genevieve,"12096 Park Drive Ste. Genevieve, MO 63670",No,https://mostateparks.com/park/hawn
Missouri,Hunter Dawson State Historic Site,New Madrid,"312 Dawson Road New Madrid, MO 63869",No,https://mostateparks.com/historic-site/hunter-dawson-state-historic-site
Missouri,Iliniwek Village State Historic Site,Clark,"22569 County Road 188 Alexandria, MO 63430",No,https://mostateparks.com/historic-site/iliniwek-village-state-historic-site
Missouri,Jay Nixon Backcountry,Reynolds,,,https://mostateparks.com/park/jay-nixon-backcountry
Missouri,Jewell Cemetery State Historic Site,Boone,"C/O Rock Bridge Memorial SP, 5901 South Highway 163, Columbia, MO 65203",,https://mostateparks.com/historic-site/jewell-cemetery-state-historic-site
Missouri,Johnsons Shut Ins State Park,Reynolds,"148 Taum Sauk Trail Middle Brook, MO 63656",No,https://mostateparks.com/park/johnsons-shut-ins-state-park
Missouri,Katy Trail State Park,St. Charles,"C/O Rock Bridge Memorial SP, 5901 South Highway 163, Columbia, MO 65203",,https://mostateparks.com/park/katy-trail-state-park
Missouri,Knob Noster State Park,Johnson,"873 SE 10 Knob Noster, MO 65336",No,https://mostateparks.com/park/knob-noster-state-park
Missouri,Lake Ozarks State Park,Camden,"403 Highway 134 Brumley, MO 65017",No,https://mostateparks.com/park/lake-ozarks-state-park
Missouri,Lake Wappapello State Park,Wayne,"8005 State Highway 172 Williamsville, MO 63967",No,https://mostateparks.com/park/lake-wappapello-state-park
Missouri,Lewis and Clark State Park,Buchanan,"801 Lakecrest Blvd. Rushville, MO 64484",No,https://mostateparks.com/park/lewis-and-clark-state-park
Missouri,Locust Creek Covered Bridge State Historic Site,Linn,"16597 Dart Road Meadville, MO 64659",No,https://mostateparks.com/historic-site/locust-creek-covered-bridge-state-historic-site
Missouri,Long Branch State Park,Macon,"28615 Visitor Center Road Macon, MO 63552",No,https://mostateparks.com/park/long-branch-state-park
Missouri,Mark Twain Birthplace State Historic Site,Monroe,"37352 Shrine Road Florida, MO 65283",No,https://mostateparks.com/historic-site/mark-twain-birthplace-state-historic-site
Missouri,Mark Twain State Park,Monroe,"37352 Shrine Road Florida, MO 65283",No,https://mostateparks.com/park/mark-twain-state-park
Missouri,Mastodon State Historic Site,Jefferson,"1050 Charles J. Becker Drive Imperial, MO 63052",No,https://mostateparks.com/historic-site/mastodon-state-historic-site
Missouri,Meramec State Park,"Franklin, Crawford, Washington","115 Meramec Park Drive Sullivan, MO 63080",Yes,https://mostateparks.com/park/meramec-state-park
Missouri,Missouri Mines State Historic Site,St. Francois,"4000 State Highway 32 P.O. Box 492 Park Hills, MO 63601",No,https://mostateparks.com/historic-site/missouri-mines-state-historic-site
Missouri,Missouri State Museum,Cole,"201 W. Capitol Ave. Jefferson City, MO 65101",No,https://mostateparks.com/historic-site/missouri-state-museum
Missouri,Montauk State Park,Dent,"345 County Road 6670 Salem, MO 65560",No,https://mostateparks.com/park/montauk-state-park
Missouri,Morris State Park,Dunklin,"C/O Hunter-Dawson SHS, PO Box 308, New Madrid, MO 63869",,https://mostateparks.com/park/morris-state-park
Missouri,Nathan and Olive Boone Homestead State Historic Site,Greene,"7850 N. State Highway V Ash Grove, MO 65604",No,https://mostateparks.com/historic-site/nathan-and-olive-boone-homestead-state-historic-site
Missouri,Onondaga Cave State Park,Crawford,"7556 Highway H Leasburg, MO 65535",No,https://mostateparks.com/park/onondaga-cave-state-park
Missouri,Osage Village State Historic Site,Vernon,"C/O Nathan Boone SHS, 7850 N State Hwy V, Ash Grove, MO 65604",,https://mostateparks.com/historic-site/osage-village-state-historic-site
Missouri,Pershing State Park,Linn,"29277 Highway 130 Laclede, MO 64651",No,https://mostateparks.com/park/pershing-state-park
Missouri,Pomme de Terre State Park,Hickory,"23451 Park Entrance Road Pittsburg, MO 65724",No,https://mostateparks.com/park/pomme-de-terre-state-park
Missouri,Prairie State Park,Barton,"128 NW 150th Lane Mindenmines, MO 64769",No,https://mostateparks.com/park/prairie-state-park
Missouri,Roaring River State Park,Barry,"12716 Farm Road 2239 Cassville, MO 65625",Yes,https://mostateparks.com/park/roaring-river-state-park
Missouri,Robertsville State Park,Franklin,"902 State Park Drive Robertsville, MO 63072",No,https://mostateparks.com/park/robertsville-state-park
Missouri,Rock Bridge Memorial State Park,Boone,"5901 S. Highway 163 Columbia, MO 65203",No,https://mostateparks.com/park/rock-bridge-memorial-state-park
Missouri,Rock Island Trail State Park,Henry,,,https://mostateparks.com/park/rock-island-trail-state-park
Missouri,Route 66 State Park,St. Louis,"97 North Outer Road, Suite 1 Eureka, MO 63025",Yes,https://mostateparks.com/park/route-66-state-park
Missouri,Sam Baker State Park,Wayne,"5580 State Highway 143 Patterson, MO 63956",Yes,https://mostateparks.com/park/sam-baker-state-park
Missouri,Sandy Creek Covered Bridge State Historic Site,Jefferson,"9090 Old Lemay Ferry Road Hillsboro, MO 63050",No,https://mostateparks.com/historic-site/sandy-creek-covered-bridge-state-historic-site
Missouri,Sappington African American Cemetery State Historic Site,Saline,"C/O Arrow Rock SHS, PO Box 1, Arrow Rock, MO 65320",,https://mostateparks.com/historic-site/sappington-african-american-cemetery-state-historic-site
Missouri,Sappington Cemetery State Historic Site,Saline,"C/O Arrow Rock SHS, PO Box 1, Arrow Rock, MO 65320",,https://mostateparks.com/historic-site/sappington-cemetery-state-historic-site
Missouri,Scott Joplin House State Historic Site,St. Louis city,"2658 Delmar Blvd. St. Louis, MO 63103",No,https://mostateparks.com/historic-site/scott-joplin-house-state-historic-site
Missouri,Shepherd Hills State Park,Taney,,,https://mostateparks.com/park/shepherd-hills-state-park
Missouri,St Francois State Park,St. Francois,"8920 U.S. Highway 67 N. Bonne Terre, MO 63628",No,https://mostateparks.com/park/st-francois-state-park
Missouri,St Joe State Park,St. Francois,"2800 Pimville Road Park Hills, MO 63601",No,https://mostateparks.com/park/st-joe-state-park
Missouri,Stockton State Park,Cedar,"19100 S. Highway 215 Dadeville, MO 65635",No,https://mostateparks.com/park/stockton-state-park
Missouri,Table Rock State Park,"Taney, Stone","5272 State Highway 165 Branson, MO 65616",No,https://mostateparks.com/park/table-rock-state-park
Missouri,Taum Sauk Mountain State Park,Iron,"C/O Johnson's Shut-Ins State Park, Middle Brook, MO 63656",,https://mostateparks.com/park/taum-sauk-mountain-state-park
Missouri,Thomas Hart Benton Home and Studio State Historic Site,Jackson,"3616 Belleview Kansas City, MO 64111",No,https://mostateparks.com/historic-site/thomas-hart-benton-home-and-studio-state-historic-site
Missouri,Thousand Hills State Park,Adair,"20431 State Highway 157 Kirksville, MO 63501",No,https://mostateparks.com/park/thousand-hills-state-park
Missouri,Towosahgy State Historic Site,Mississippi,"502 East Prairie, MO 63845",No,https://mostateparks.com/historic-site/towosahgy-state-historic-site
Missouri,Trail Tears State Park,Cape Girardeau,"429 Moccasin Springs Jackson, MO 63755",Yes,https://mostateparks.com/park/trail-tears-state-park
Missouri,Truman Park,Saint Louis,"28761 State Park Road W. Warsaw, MO 65355",No,https://mostateparks.com/park/truman-park
Missouri,Union Covered Bridge State Historic Site,Monroe,"20700 Monroe County Road 962 Paris, MO 65275",No,https://mostateparks.com/historic-site/union-covered-bridge-state-historic-site
Missouri,Wakonda State Park,Lewis,"32836 State Park Road La Grange, MO 63448",No,https://mostateparks.com/park/wakonda-state-park
Missouri,Wallace State Park,Clinton,"10621 NE Highway 121 Cameron, MO 64429",No,https://mostateparks.com/park/wallace-state-park
Missouri,Washington State Park,Washington,"13041 State Highway 104 De Soto, MO 63020",No,https://mostateparks.com/park/washington-state-park
Missouri,Watkins Mill State Park,Clay,"26600 Park Road N. Lawson, MO 64062",No,https://mostateparks.com/park/watkins-mill-state-park
Missouri,Watkins Woolen Mill State Historic Site,Clay,"26600 Park Road N. Lawson, MO 64062",Yes,https://mostateparks.com/historic-site/watkins-woolen-mill-state-historic-site
Missouri,Weston Bend State Park,Platte,"16600 Highway 45 N. Weston, MO 64098",No,https://mostateparks.com/park/weston-bend-state-park
Montana,Ackley Lake State Park,Judith Basin,"989 Ackley Lake Rd. Hobson, MT 59452",No,https://fwp.mt.gov/stateparks/ackley-lake
Montana,Anaconda Smoke Stack State Park,Deer Lodge,"100 Smelter Road Anaconda, MT 59711",No,https://fwp.mt.gov/stateparks/anaconda-smoke-stack
Montana,Bannack State Park,Beaverhead,"721 Bannack Rd Dillon, MT 59725",Yes,https://fwp.mt.gov/stateparks/bannack
Montana,Beaverhead Rock State Park,Madison,"4200 Bannack Rd Dillon, MT 59725",No,https://fwp.mt.gov/stateparks/beaverhead-rock
Montana,Beavertail Hill State Park,Missoula,"29895 Bonita Station Road Clinton, MT 59825",No,https://fwp.mt.gov/stateparks/beavertail-hill
Montana,Black Sandy State Park,Lewis and Clark,"6563 Hauser Dam Road Helena, MT 59602",No,https://fwp.mt.gov/stateparks/black-sandy
Montana,Brush Lake State Park,Sheridan,"6 Headquarters 1 Airport Rd Glasgow, MT 59230",No,https://fwp.mt.gov/stateparks/brush-lake
Montana,Chief Plenty Coups State Park,Big Horn,"100 1 Edgar/Pryor Road Pryor, MT 59066",Yes,https://fwp.mt.gov/stateparks/chief-plenty-coups
Montana,Clark's Lookout State Park,Beaverhead,"4200 Bannack Rd Dillon, MT 59725",No,https://fwp.mt.gov/stateparks/clarks-lookout
Montana,Cooney State Park,Carbon,"86 Lake Shore Road Roberts, MT 59070",No,https://fwp.mt.gov/stateparks/cooney
Montana,Council Grove State Park,Missoula,"11249 Mullan Road Missoula, MT 59808",No,https://fwp.mt.gov/stateparks/council-grove
Montana,Elkhorn State Park,Jefferson,"3 Headquarters 1400 South 19th Avenue Bozeman, MT 59718",No,https://fwp.mt.gov/stateparks/elkhorn
Montana,Fish Creek State Park,Mineral,"3201 Spurgin Rd Missoula, MT 59804",No,https://fwp.mt.gov/stateparks/fish-creek
Montana,Fort Owen State Park,Ravalli,"99 Fort Owen Ranch Rd. Stevensville, MT 59870",No,https://fwp.mt.gov/stateparks/fort-owen
Montana,Frenchtown Pond State Park,Missoula,"18401 Frenchtown Frontage Road Frenchtown, MT 59834",No,https://fwp.mt.gov/stateparks/frenchtown-pond
Montana,Giant Springs State Park,Cascade,"4803 Giant Springs Rd Great Falls, MT 59405",No,https://fwp.mt.gov/stateparks/giant-springs
Montana,Granite Ghost Town State Park,Granite,"347 Granite Road Phillipsburg, MT 59858",No,https://fwp.mt.gov/stateparks/granite-ghost-town
Montana,Greycliff Prairie Dog Town State Park,Sweet Grass,"2300 Lake Elmo Road Billings, MT 59105",No,https://fwp.mt.gov/stateparks/greycliff-prairie-dog-town
Montana,Lake Elmo State Park,Yellowstone,"2300 Lake Elmo Drive Billings, MT 59105",No,https://fwp.mt.gov/stateparks/lake-elmo
Montana,Lake Mary Ronan State Park,Lake,"300 Lone Pine Rd Kalispell, MT 59901",No,https://fwp.mt.gov/stateparks/lake-mary-ronan
Montana,Les Mason State Park,Flathead,"150 E. Lakeshore Ct. Whitefish, MT 59937",No,https://fwp.mt.gov/stateparks/les-mason
Montana,Lewis & Clark Caverns State Park,Jefferson,"25 Lewis and Clark Caverns Rd. Whitehall, MT 59759",Yes,https://fwp.mt.gov/stateparks/lewis-and-clark-caverns
Montana,Logan State Park,Lincoln,"77518 US HWY 2 Libby, MT 59923",No,https://fwp.mt.gov/stateparks/logan
Montana,Lone Pine State Park,Flathead,"300 Lone Pine Rd Kalispell, MT 59901",Yes,https://fwp.mt.gov/stateparks/lone-pine
Montana,Lost Creek State Park,Deer Lodge,"5750 Lost Creek Road Anaconda, MT 59711",No,https://fwp.mt.gov/stateparks/lost-creek
Montana,Madison Buffalo Jump State Park,Gallatin,"1585 Trident Road Three Forks, MT 59752",No,https://fwp.mt.gov/stateparks/madison-buffalo-jump
Montana,Makoshika State Park,Dawson,"1301 Snyder Avenue Glendive, MT 59330",Yes,https://fwp.mt.gov/stateparks/makoshika
Montana,Medicine Rocks State Park,Carter,"1141 MT-7 Ekalaka, MT 59324",No,https://fwp.mt.gov/stateparks/medicine-rocks
Montana,Milltown State Park,Missoula,,No,https://fwp.mt.gov/stateparks/milltown
Montana,Missouri Headwaters State Park,Gallatin,"1585 Trident Road Three Forks, MT 59752",No,https://fwp.mt.gov/stateparks/missouri-headwaters
Montana,Painted Rocks State Park,Ravalli,"8809 West Fork Road Darby, MT 59829",No,https://fwp.mt.gov/stateparks/painted-rocks
Montana,Pictograph Cave State Park,Yellowstone,"3401 Coburn Road Billings, MT 59101",Yes,https://fwp.mt.gov/stateparks/pictograph-cave
Montana,Pirogue Island State Park,Custer,"352 I-94 Business Loop PO Box 1630 Miles City, MT 59301",No,https://fwp.mt.gov/stateparks/pirogue-island
Montana,Placid Lake State Park,Missoula,"5001 N. Placid Lake Road Seeley Lake, MT 59868",No,https://fwp.mt.gov/stateparks/placid-lake
Montana,Rosebud Battlefield State Park,Big Horn,,No,https://fwp.mt.gov/stateparks/rosebud-battlefield
Montana,Salmon Lake State Park,Missoula,"2329 Hwy. 83 N. Seeley Lake, MT 59868",No,https://fwp.mt.gov/stateparks/salmon-lake
Montana,Sluice Boxes State Park,Cascade,"38 Evans Riceville Rd. Belt, MT 59412",No,https://fwp.mt.gov/stateparks/sluice-boxes
Montana,Smith River State Park,Meagher,"791 Clear Range Road White Sulphur Springs, MT 59645",No,https://fwp.mt.gov/stateparks/smith-river
Montana,Somers Beach State Park,Flathead,"1 Headquarters 490 North Meridian Road Kalispell, MT 59901",No,https://fwp.mt.gov/stateparks/somers-beach
Montana,Spring Meadow Lake State Park,Lewis and Clark,"2715 Country Club Drive Helena, MT 59601",No,https://fwp.mt.gov/stateparks/spring-meadow-state-park
Montana,Thompson Chain Of Lakes State Park,Lincoln,"1 Headquarters 490 N Meridian Rd Kalispell, MT 59901",No,https://fwp.mt.gov/stateparks/thompson-chain-of-lakes
Montana,Thompson Falls State Park,Sanders,"2220 Blue Slide Rd. Thompson Falls, MT 59873",No,https://fwp.mt.gov/stateparks/thompson-falls
Montana,Tongue River Reservoir State Park,Big Horn,"292 Campers Point Decker, MT 59025",No,https://fwp.mt.gov/stateparks/tongue-river-reservoir
Montana,Tower Rock State Park,Cascade,"2325 Old US Highway 91 Cascade, MT 59421",No,https://fwp.mt.gov/stateparks/tower-rock
Montana,Travelers' Rest State Park,Missoula,"6717 Highway 12 W Lolo, MT 59847",Yes,https://fwp.mt.gov/stateparks/travelers-rest
Montana,Whitefish Lake State Park,Flathead,"1615 W. Lakeshore Whitefish, MT 59937",No,https://fwp.mt.gov/stateparks/whitefish-lake
Nebraska,Alexandria State Recreation Area,Jefferson,"56010 718th Road Alexandria, NE 68303",No,https://outdoornebraska.gov/location/alexandria/
Nebraska,Arbor Lodge State Historical Park,Otoe,"2600 Arbor Avenue Nebraska City, NE 68410",No,https://outdoornebraska.gov/location/arbor-lodge/
Nebraska,Ash Hollow State Historical Park,Garden,"4265 U.S. Highway 26, P.O. Box 70 Lewellen, NE 69147",Yes,https://outdoornebraska.gov/location/ash-hollow/
Nebraska,Ashfall Fossil Beds State Historical Park,Antelope,"86930 517th Avenue Royal, NE 68773",Yes,https://outdoornebraska.gov/location/ashfall-fossil-beds/
Nebraska,Blue River State Recreation Area,Seward,,No,https://outdoornebraska.gov/location/blue-river/
Nebraska,Bluestem State Recreation Area,Lancaster,"5800 W. Sprague Road Martell, NE 68404",No,https://outdoornebraska.gov/location/bluestem/
Nebraska,Bowring Ranch State Historical Park,Cherry,"90468 State Highway 61 Merriman, NE 69218",Yes,https://outdoornebraska.gov/location/bowring-ranch/
Nebraska,Box Butte Reservoir State Recreation Area,Dawes,,No,https://outdoornebraska.gov/location/box-butte-reservoir/
Nebraska,Branched Oak State Recreation Area,Lancaster,"12000 West Branched Oak Road Raymond, NE 68428",No,https://outdoornebraska.gov/location/branched-oak/
Nebraska,Bridgeport State Recreation Area,Morrill,"100 Recreation Road Bridgeport, NE 69336",Yes,https://outdoornebraska.gov/location/bridgeport/
Nebraska,Buffalo Bill Ranch State Historical Park,Lincoln,"2921 Scouts Rest Ranch Rd North Platte, NE 69101",No,https://outdoornebraska.gov/location/buffalo-bill-ranch/
Nebraska,Buffalo Bill State Recreation Area,Lincoln,"2921 Scouts Rest Ranch Road North Platte, NE 69101",No,https://outdoornebraska.gov/location/buffalo-bill/
Nebraska,Calamus Reservoir State Recreation Area,Loup,"42285 York Point Rd Burwell, NE 68823",No,https://outdoornebraska.gov/location/calamus-reservoir/
Nebraska,Chadron State Park,Dawes,"15951 Hwy 385 Chadron, NE 69337",Yes,https://outdoornebraska.gov/location/chadron/
Nebraska,Cheyenne State Recreation Area,Cheyenne,"11479 Nebraska Highway 11 Wood River, NE 68883",No,https://outdoornebraska.gov/location/cheyenne/
Nebraska,Conestoga State Recreation Area,Lancaster,"9799 W. Pioneers Blvd. Denton, NE 68339",No,https://outdoornebraska.gov/location/conestoga/
Nebraska,Cottonwood Lake State Recreation Area,Cherry,"33850 US Highway 20 Merriman, NE 69218",Yes,https://outdoornebraska.gov/location/cottonwood-lake/
Nebraska,Danish Alps State Recreation Area,Dakota,"1260 200th St. Hubbard, NE 68741",No,https://outdoornebraska.gov/location/danish-alps/
Nebraska,Dead Timber State Recreation Area,Dodge,"250 County Road and 12 Boulevard Scriber, NE 68507",No,https://outdoornebraska.gov/location/dead-timber/
Nebraska,Enders Reservoir State Recreation Area,Chase,"73122 388 Ave. Enders, NE 69027",No,https://outdoornebraska.gov/location/enders-reservoir/
Nebraska,Eugene T. Mahoney State Park,Cass,"28500 W. Park Highway Ashland, NE 68003",Yes,https://outdoornebraska.gov/location/eugene-t-mahoney/
Nebraska,Fort Atkinson State Historical Park,Washington,,Yes,https://outdoornebraska.gov/location/fort-atkinson/
Nebraska,Fort Hartsuff State Historical Park,Valley,"82034 Fort Ave. Burwell, NE 68823",No,https://outdoornebraska.gov/location/fort-hartsuff/
Nebraska,Fort Kearny State Historical Park,Richardson,"1020 V Rd. Kearney, NE 68847",Yes,https://outdoornebraska.gov/location/fort-kearny-shp/
Nebraska,Fort Kearny State Recreation Area,Buffalo,"2199 30 Rd. Kearney, NE 68847",Yes,https://outdoornebraska.gov/location/fort-kearny-sra/
Nebraska,Fort Robinson State Park,Dawes,"3200 Hwy. 20 Crawford, NE 69339",Yes,https://outdoornebraska.gov/location/fort-robinson/
Nebraska,Fremont Lakes State Recreation Area,Dodge,"4349 W. State Lakes Rd. Fremont, NE 68025",No,https://outdoornebraska.gov/location/fremont-lakes/
Nebraska,Gallagher Canyon State Recreation Area,Dawson,"1 East Park Dr. 25A Elwood, NE 68937",No,https://outdoornebraska.gov/location/gallagher-canyon/
Nebraska,Indian Cave State Park,Richardson,"65296 720 Rd. Shubert, NE 68437",No,https://outdoornebraska.gov/location/indian-cave/
Nebraska,Johnson Lake State Recreation Area,Gosper,"1 East Park Dr. 25A Elwood, NE 68937",No,https://outdoornebraska.gov/location/johnson-lake/
Nebraska,Keller Park State Recreation Area,Brown,,No,https://outdoornebraska.gov/location/keller-park/
Nebraska,Lake Maloney State Recreation Area,Lincoln,"301 East State Farm Rd. North Platte, NE 69101",No,https://outdoornebraska.gov/location/lake-maloney/
Nebraska,Lake McConaughy State Recreation Area,Keith,"1475 Highway 61N Ogallala, NE 69153",Yes,https://outdoornebraska.gov/location/lake-mcconaughy/
Nebraska,Lake Minatare State Recreation Area,Scotts Bluff,"290415 The Point Road Minatare, NE 69356",Yes,https://outdoornebraska.gov/location/lake-minatare/
Nebraska,Lake Ogallala State Recreation Area,Keith,"160 Central District Dr. Keystone, NE 69144",Yes,https://outdoornebraska.gov/location/lake-ogallala/
Nebraska,Lewis and Clark State Recreation Area,Knox,"54731 897 Rd. Crofton, NE 68730",No,https://outdoornebraska.gov/location/lewis-and-clark/
Nebraska,Long Pine State Recreation Area,Brown,"87770 Willow Ridge Ave. Long Pine, NE 69217",No,https://outdoornebraska.gov/location/long-pine/
Nebraska,Louisville State Recreation Area,Cass,"15810 Hwy. 50 Louisville, NE 68037",Yes,https://outdoornebraska.gov/location/louisville/
Nebraska,Medicine Creek State Recreation Area,Furnas,"40611 Rd 728 Cambridge, NE 69022",No,https://outdoornebraska.gov/location/medicine-creek/
Nebraska,Memphis State Recreation Area,Saunders,"799 County Road D Memphis, NE 68042",No,https://outdoornebraska.gov/location/memphis/
Nebraska,Merritt Reservoir State Recreation Area,Cherry,"88292 State Highway 97 Valentine, NE 69201",No,https://outdoornebraska.gov/location/merritt-reservoir/
Nebraska,Midway State Recreation Area,Lancaster,,No,https://outdoornebraska.gov/location/midway/
Nebraska,Mormon Island State Recreation Area,Hall,"7425 South US Hwy 281 Doniphan, NE 68832",Yes,https://outdoornebraska.gov/location/mormon-island/
Nebraska,Niobrara State Park,Knox,"89261 522 Ave. Niobrara, NE 68760",No,https://outdoornebraska.gov/location/niobrara/
Nebraska,North Loup State Recreation Area,Howard,"1755 US Highway 281 Saint Paul, NE 68873",No,https://outdoornebraska.gov/location/north-loup/
Nebraska,Olive Creek State Recreation Area,Lancaster,"24100 SW. 100th St. Hallam, NE 68368",No,https://outdoornebraska.gov/location/olive-creek/
Nebraska,Pawnee State Recreation Area,Lancaster,"3900 NW 105th St Lincoln, NE 68524",No,https://outdoornebraska.gov/location/pawnee/
Nebraska,Pelican Point State Recreation Area,Burt,"699 County Road KL Tekamah, NE 68061",No,https://outdoornebraska.gov/location/pelican-point/
Nebraska,Phillips Canyon State Recreation Area,Keith,"75000 US-283 Elwood, NE 68937",No,https://outdoornebraska.gov/location/middle-phillips-canyon/
Nebraska,Platte River State Park,Cass,"14421 346th Street Louisville, NE 68037",Yes,https://outdoornebraska.gov/location/platte-river/
Nebraska,Ponca State Park,Dixon,"88090 Spur 26E Ponca, NE 68770",Yes,https://outdoornebraska.gov/location/ponca/
Nebraska,Red Willow Reservoir State Recreation Area,Frontier,"72718 Trail 2 McCook, NE 69001",No,https://outdoornebraska.gov/location/red-willow-reservoir/
Nebraska,Riverview Marina State Recreation Area,Dakota,"1560 N. 4th St. Nebraska City, NE 68410",No,https://outdoornebraska.gov/location/riverview-marina/
Nebraska,Rock Creek Lake State Recreation Area,Dundy,"73122 338 Ave. Enders, NE 69027",No,https://outdoornebraska.gov/location/rock-creek/
Nebraska,Rock Creek Station State Historical Park,Jefferson,"57426 710th Rd. Fairbury, NE 68352",Yes,https://outdoornebraska.gov/location/rock-creek-station-shp/
Nebraska,Rock Creek Station State Recreation Area,Jefferson,"70960 574 Ave. Fairbury, NE 68352",Yes,https://outdoornebraska.gov/location/rock-creek-station-sra/
Nebraska,Rockford Lake State Recreation Area,Gage,,No,https://outdoornebraska.gov/location/rockford-lake/
Nebraska,Sandy Channel State Recreation Area,Buffalo,"150 S. Highway 183 Elm Creek, NE 68836",No,https://outdoornebraska.gov/location/sandy-channel/
Nebraska,Schramm Park State Recreation Area,Sarpy,"21502 West Hwy 31 Gretna, NE 68028",Yes,https://outdoornebraska.gov/location/schramm-park/
Nebraska,Sherman Reservoir State Recreation Area,Sherman,"79025 Sherman Dam Rd. Ste. 1 Loup City, NE 68853",No,https://outdoornebraska.gov/location/sherman-reservoir/
Nebraska,Smith Falls State Park,Cherry,"90159 Smith Falls Rd. Valentine, NE 69201",Yes,https://outdoornebraska.gov/location/smith-falls/
Nebraska,Stagecoach State Recreation Area,Lancaster,"5398 Panama Road Hickman, NE 68372",No,https://outdoornebraska.gov/location/stagecoach/
Nebraska,Summit Lake State Recreation Area,Burt,"2787 County Road G Tekamah, NE 68061",No,https://outdoornebraska.gov/location/summit-lake/
Nebraska,Sutherland Reservoir State Recreation Area,Lincoln,,No,https://outdoornebraska.gov/location/sutherland-reservoir/
Nebraska,Swanson Reservoir State Recreation Area,Hitchcock,"36166 Road 44B Trenton, NE 68044",No,https://outdoornebraska.gov/location/swanson-reservoir/
Nebraska,Two Rivers State Recreation Area,Douglas,"27702 F St Waterloo, NE 68069",No,https://outdoornebraska.gov/location/two-rivers/
Nebraska,Union Pacific State Recreation Area,Buffalo,"501 Odessa Rd. Kearney, NE 68845",No,https://outdoornebraska.gov/location/union-pacific/
Nebraska,Verdon State Recreation Area,Richardson,"64530 712 Rd. Verdon, NE 68457",No,https://outdoornebraska.gov/location/verdon/
Nebraska,Victoria Springs State Recreation Area,Custer,,No,https://outdoornebraska.gov/location/victoria-springs/
Nebraska,Wagon Train State Recreation Area,Lancaster,"1850 S. 110th St. Hickman, NE 68372",No,https://outdoornebraska.gov/location/wagon-train/
Nebraska,Walgren Lake State Recreation Area,Sheridan,"4175 540th Rd. Hay Springs, NE 69347",No,https://outdoornebraska.gov/location/walgren-lake/
Nebraska,War Axe State Recreation Area,Buffalo,"4601 Shelton Rd. Shelton, NE 68876",No,https://outdoornebraska.gov/location/war-axe/
Nebraska,Wildcat Hills State Recreation Area,Scotts Bluff,"210615 Highway 71 Gering, NE 69341",Yes,https://outdoornebraska.gov/location/wildcat-hills/
Nebraska,Willow Creek State Recreation Area,Pierce,"54876 852 Rd Pierce, NE 68767",No,https://outdoornebraska.gov/location/willow-creek/
Nebraska,Windmill State Recreation Area,Buffalo,"2625 Lowell Road Gibbon, NE 68840",No,https://outdoornebraska.gov/location/windmill/
Nevada,Beaver Dam State Park,Lincoln,"Beaver Dam Road, Caliente, NV 89008",No,https://parks.nv.gov/parks/beaver-dam
Nevada,Berlin-Ichthyosaur State Park,Nye,"Nv-844, Austin, NV 89310",No,https://parks.nv.gov/parks/berlin-ichthyosaur
Nevada,Big Bend of the Colorado State Recreation Area,Clark,"4220 So. Needles Hwy. #3 Laughlin, NV 89029",No,https://parks.nv.gov/parks/big-bend-of-the-colorado
Nevada,Cathedral Gorge State Park,Lincoln,"111 Cathedral Gorge State Park Road, Panaca, NV 89042",Yes,https://parks.nv.gov/parks/cathedral-gorge
Nevada,Cave Lake State Park,White Pine,"US Hwy 93- Success Summit, Ely, NV 89301",,https://parks.nv.gov/parks/cave-lake
Nevada,Cave Rock - Lake Tahoe Nevada State Park,Douglas,,,https://parks.nv.gov/parks/lake-tahoe-nevada-state-park-2
Nevada,Dayton State Park,Lyon,"825 US Hwy 50 East Dayton, NV 89403",No,https://parks.nv.gov/parks/dayton
Nevada,Echo Canyon State Park,Lincoln,"State Routes 322, Pioche, NV 89043",No,https://parks.nv.gov/parks/echo-canyon
Nevada,Elgin Schoolhouse State Historic Park,Lincoln,"P.O. Box 985, Caliente, NV 89008",No,https://parks.nv.gov/parks/elgin-schoolhouse
Nevada,Fort Churchill State Historic Park,Lyon,"10000 Hwy 95A Silver Springs, NV 89429",Yes,https://parks.nv.gov/parks/fort-churchill
Nevada,Ice Age Fossils State Park,Clark,"8660 N Decatur Blvd North Las Vegas, NV 89085",Yes,https://parks.nv.gov/parks/ice-age-fossils
Nevada,Kershaw-Ryan State Park,Lincoln,"9056 Kershaw Canyon Rd Caliente, NV 89008",No,https://parks.nv.gov/parks/kershaw-ryan
Nevada,Lahontan State Recreation Area,Churchill,"1971 Fir Ave Silver Springs, NV 89429",No,https://parks.nv.gov/parks/lahontan
Nevada,Mormon Station State Historic Park,Douglas,"2295 Main Street Genoa, NV 89411",No,https://parks.nv.gov/parks/mormon-station
Nevada,Nevada's Newest State Park,Lyon,"1235 Fort Churchill Rd Dayton, NV, NV 89403",No,https://parks.nv.gov/parks/neweststatepark
Nevada,Old Las Vegas State Historic Park,Clark,"500 E. Washington Ave. Las Vegas, NV 89101",Yes,https://parks.nv.gov/parks/old-las-vegas-mormon-fort
Nevada,Rye Patch State Recreation Area,Pershing,"2505 Rye Patch Reservoir Rd. Lovelock, NV 89419",No,https://parks.nv.gov/parks/rye-patch
Nevada,Sand Harbor - Lake Tahoe Nevada State Park,Washoe,"2005 Highway 28 Incline Village, NV 89450",Yes,https://parks.nv.gov/parks/lake-tahoe-nevada-state-park
Nevada,South Fork State Recreation Area,Elko,"353 Lower South Fork #8 Spring Creek, NV 89815",No,https://parks.nv.gov/parks/south-fork
Nevada,Spooner Lake - Lake Tahoe Nevada State Park,Douglas,"6116 Incline Village, NV 89452",No,https://parks.nv.gov/parks/spooner-lake
Nevada,Spring Mountain Ranch State Park,Clark,"6375 Hwy. 159 Blue Diamond, NV 89004",No,https://parks.nv.gov/parks/spring-mountain-ranch
Nevada,Spring Valley State Park,Lincoln,"74 Box 201 Pioche, NV 89043",No,https://parks.nv.gov/parks/spring-valley
Nevada,Valley of Fire State Park,Clark,"29450 Valley of Fire Rd Overton, NV 89040",Yes,https://parks.nv.gov/parks/valley-of-fire
Nevada,Van Sickle - Lake Tahoe Nevada State Park,Douglas,"30 Lake Pkwy South Lake Tahoe, NV 96150",No,https://parks.nv.gov/parks/lake-tahoe-nevada-state-park-3
Nevada,Walker River State Recreation Area,Lyon,"211 East Walker Road Yerington, NV 89447",Yes,https://parks.nv.gov/parks/walker-river
Nevada,Ward Charcoal Ovens State Historic Park,White Pine,"1696 Cave Valley Rd Ely, NV 89315",No,https://parks.nv.gov/parks/ward-charcoal-ovens
Nevada,Washoe Lake State Park,Washoe,"4855 Eastlake Blvd. Carson City, NV 89704",No,https://parks.nv.gov/parks/washoe-lake
Nevada,Wild Horse State Recreation Area,Elko,"31 Box 265 Elko, NV 89801",No,https://parks.nv.gov/parks/wild-horse
New Hampshire,Ahern State Park,Belknap,"43 Great Bay Lane, Laconia, NH 03246",No,https://www.nhstateparks.org/find-parks-trails/ahern-state-park
New Hampshire,Androscoggin Wayside Park,Coös,"1607 Berlin Rd, Errol, NH 03579",No,https://www.nhstateparks.org/find-parks-trails/androscoggin-wayside-park
New Hampshire,Bear Brook State Park,Merrimack,"12 Podunk Road, Allenstown, NH 03275",No,https://www.nhstateparks.org/find-parks-trails/bear-brook-state-park
New Hampshire,Beaver Brook Falls Wayside,Coos,"432 Route 145, Colebrook, NH 03576",No,https://www.nhstateparks.org/find-parks-trails/beaver-brook-falls-wayside
New Hampshire,Bedell Bridge State Historic Site,Grafton,"880 Meadow Lane, Haverhill, NH 03765",No,https://www.nhstateparks.org/find-parks-trails/bedell-bridge-state-historic-site
New Hampshire,Cannon Mountain Aerial Tramway,Grafton,,No,https://www.nhstateparks.org/find-parks-trails/cannon-mountain-aerial-tramway
New Hampshire,Cannon Mountain Ski Area,Grafton,,No,https://www.nhstateparks.org/find-parks-trails/cannon-mountain-ski-area
New Hampshire,Cardigan Mountain State Park,Grafton,"658 Cardigan Mountain Rd, Orange, NH 03741",No,https://www.nhstateparks.org/find-parks-trails/cardigan-mountain-state-park
New Hampshire,Cathedral Ledge State Park,Carroll,"579 Cathedral Ledge Road, Bartlett, NH 03812",No,https://www.nhstateparks.org/find-parks-trails/cathedral-ledge-state-park
New Hampshire,Chesterfield Gorge Natural Area,Cheshire,"1823 Route 9, Chesterfield, NH 03443",Yes,https://www.nhstateparks.org/find-parks-trails/chesterfield-gorge-natural-area
New Hampshire,Clough State Park,Hillsborough,"455 Clough Park Road, Weare, NH 03281",No,https://www.nhstateparks.org/find-parks-trails/clough-state-park
New Hampshire,Coleman State Park,Coos,"1166 Diamond Pond Road, Stewartstown, NH 03576",No,https://www.nhstateparks.org/find-parks-trails/coleman-state-park
New Hampshire,Connecticut Lakes Headwaters Working Forest,Coös,"439 River Road, Pittsburg, NH 03592",No,https://www.nhstateparks.org/find-parks-trails/connecticut-lakes-headwaters-working-forest
New Hampshire,Crawford Notch State Park,Carroll,,No,https://www.nhstateparks.org/find-parks-trails/crawford-notch-state-park
New Hampshire,Daniel Webster Birthplace,Merrimack,"131 North Road, Franklin, NH 03235",No,https://www.nhstateparks.org/find-parks-trails/daniel-webster-birthplace
New Hampshire,Deer Mountain Campground,Coos,"5309 North Main Street, Pittsburg, NH 03592",No,https://www.nhstateparks.org/find-parks-trails/deer-mountain-campground
New Hampshire,Dixville Notch State Park,"Coos, Coös","1212 West Route 26, Dixville, NH 03576",No,https://www.nhstateparks.org/find-parks-trails/dixville-notch-state-park
New Hampshire,Echo Lake Beach at Franconia Notch State Park,Grafton,"260 Tramway Dr, Franconia, NH 03580",No,https://www.nhstateparks.org/find-parks-trails/echo-lake-beach-at-franconia-notch-state-park
New Hampshire,Echo Lake State Park,Carroll,"68 Echo Lake Road, North Conway, NH 03860",No,https://www.nhstateparks.org/find-parks-trails/echo-lake-state-park
New Hampshire,Eisenhower Memorial Wayside,Coos,"3069 Route 302, Carroll, NH 03598",No,https://www.nhstateparks.org/find-parks-trails/eisenhower-memorial-wayside
New Hampshire,Ellacoya State Park,Belknap,"280 Scenic Drive, Gilford, NH 03249",No,https://www.nhstateparks.org/find-parks-trails/ellacoya-state-park
New Hampshire,Endicott Rock Historic Site,Belknap,"17 Endicott St, Laconia, NH 03246",No,https://www.nhstateparks.org/find-parks-trails/endicott-rock-historic-site
New Hampshire,Flume Gorge,Grafton,"852 Daniel Webster Hwy, Lincoln, NH 03251",Yes,https://www.nhstateparks.org/find-parks-trails/flume-gorge
New Hampshire,Forest Lake State Park,"Coos, Coös","397 Forest Lake Road, Dalton, NH 03598",No,https://www.nhstateparks.org/find-parks-trails/forest-lake-state-park
New Hampshire,Fort Constitution Historic Site,Rockingham,"25 Wentworth Road, New Castle, NH 03854",No,https://www.nhstateparks.org/find-parks-trails/fort-constitution-historic-site
New Hampshire,Fort Stark State Historic Site,Rockingham,"211 Wildrose Lane, New Castle, NH 03854",Yes,https://www.nhstateparks.org/find-parks-trails/fort-stark-state-historic-site
New Hampshire,Franconia Notch State Park,Grafton,,Yes,https://www.nhstateparks.org/find-parks-trails/franconia-notch-state-park
New Hampshire,Franklin Pierce Homestead Historic Site,Hillsborough,"301 2nd NH Turnpike, Hillsborough, NH 03244",No,https://www.nhstateparks.org/find-parks-trails/franklin-pierce-homestead-historic-site
New Hampshire,Gardner Memorial Wayside Park,Sullivan,"10 Route 4A, Springfield, NH 03284",No,https://www.nhstateparks.org/find-parks-trails/gardner-memorial-wayside-park
New Hampshire,Governor Wentworth Historic Site,Carroll,"56 Wentworth Farm Road, Wolfeboro, NH 03894",No,https://www.nhstateparks.org/find-parks-trails/governor-wentworth-historic-site
New Hampshire,Greenfield State Park,Hillsborough,"52 Campground Road, Greenfield, NH 03047",No,https://www.nhstateparks.org/find-parks-trails/greenfield-state-park
New Hampshire,Hampton Beach State Park,Rockingham,"160 Ocean Blvd, Hampton, NH 03842",Yes,https://www.nhstateparks.org/find-parks-trails/hampton-beach-state-park
New Hampshire,Hannah Duston Memorial Historic Site,Merrimack,"298 US Route 4, Boscawen, NH 03303",No,https://www.nhstateparks.org/find-parks-trails/hannah-duston-memorial-historic-site
New Hampshire,Jenness State Beach,Rockingham,"2280 Ocean Blvd, Rye, NH 03870",Yes,https://www.nhstateparks.org/find-parks-trails/jenness-state-beach
New Hampshire,Jericho Mountain State Park,Coos,"298 Jericho Lake Road, Berlin, NH 03570",Yes,https://www.nhstateparks.org/find-parks-trails/jericho-mountain-state-park
New Hampshire,Kingston State Park,Rockingham,"124 Main St, Kingston, NH 03848",No,https://www.nhstateparks.org/find-parks-trails/kingston-state-park
New Hampshire,Lafayette Place Campground at Franconia Notch State Park,Grafton,,No,https://www.nhstateparks.org/find-parks-trails/lafayette-place-campground-at-franconia-notch-stat
New Hampshire,Lake Francis State Park,"Coos, Coös","439 River Road, Pittsburg, NH 03592",No,https://www.nhstateparks.org/find-parks-trails/lake-francis-state-park
New Hampshire,Lake Tarleton State Park,Grafton,"949 Route 25C, Piermont, NH 03779",No,https://www.nhstateparks.org/find-parks-trails/lake-tarleton-state-park
New Hampshire,Livermore Falls Recreation Area,Grafton,"86 Livermore Road, Holderness, NH 03245",No,https://www.nhstateparks.org/find-parks-trails/livermore-falls-recreation-area
New Hampshire,Madison Boulder Natural Area,Carroll,"473 Boulder Rd, Madison, NH 03849",No,https://www.nhstateparks.org/find-parks-trails/madison-boulder-natural-area
New Hampshire,Milan Hill State Park,"Coos, Coös","72 Fire Tower Road, Milan, NH 03588",No,https://www.nhstateparks.org/find-parks-trails/milan-hill-state-park
New Hampshire,Miller State Park,Hillsborough,"13 Miller Park Road, Peterborough, NH 03458",No,https://www.nhstateparks.org/find-parks-trails/miller-state-park
New Hampshire,Mollidgewock State Park,"Coos, Coös","1437 Berlin Road, Errol, NH 03579",No,https://www.nhstateparks.org/find-parks-trails/mollidgewock-state-park
New Hampshire,Monadnock State Park,Cheshire,"169 Poole Road, Jaffrey, NH 03452",No,https://www.nhstateparks.org/find-parks-trails/monadnock-state-park
New Hampshire,Moose Brook State Park,Coos,"30 Jimtown Road, Gorham, NH 03581",No,https://www.nhstateparks.org/find-parks-trails/moose-brook-state-park
New Hampshire,Mt Sunapee State Park,Merrimack,"86 Beach Access Road , Newbury, NH 03255",No,https://www.nhstateparks.org/find-parks-trails/mt-sunapee-state-park
New Hampshire,Mt Washington State Park,"Coos, Coös","1598 Mt Washington Auto Road, Sargent's Purchase, NH 03589",Yes,https://www.nhstateparks.org/find-parks-trails/mt-washington-state-park
New Hampshire,Nansen Ski Jump State Historic Site,Coös,"83 Milan Road, Milan, NH 03588",No,https://www.nhstateparks.org/find-parks-trails/nansen-ski-jump-state-historic-site
New Hampshire,Nansen Wayside Park,Coös,"24 Milan Road, Milan, NH 03588",No,https://www.nhstateparks.org/find-parks-trails/nansen-wayside-park
New Hampshire,North Beach,Rockingham,"920 Ocean Blvd, Hampton, NH 03842",Yes,https://www.nhstateparks.org/find-parks-trails/north-beach
New Hampshire,North Hampton State Park,Rockingham,"27 Ocean Blvd, North Hampton, NH 03862",Yes,https://www.nhstateparks.org/find-parks-trails/north-hampton-state-park
New Hampshire,Northwood Meadows State Park,Rockingham,"755 First NH Turnpike, Northwood, NH 03261",No,https://www.nhstateparks.org/find-parks-trails/northwood-meadows-state-park
New Hampshire,Odiorne Point State Park,Rockingham,"570 Ocean Blvd, Rye, NH 03870",Yes,https://www.nhstateparks.org/find-parks-trails/odiorne-point-state-park
New Hampshire,Pawtuckaway State Park,Rockingham,"128 Mountain Rd., Nottingham, NH 03290",No,https://www.nhstateparks.org/find-parks-trails/pawtuckaway-state-park
New Hampshire,Pillsbury State Park,Sullivan,"100 Pillsbury State Park Road, Washington, NH 03280",No,https://www.nhstateparks.org/find-parks-trails/pillsbury-state-park
New Hampshire,Pisgah State Park,Cheshire,"520 Old Chesterfield Road, Winchester, NH 03470",No,https://www.nhstateparks.org/find-parks-trails/pisgah-state-park
New Hampshire,Rhododendron State Park,Cheshire,"424 Rockwood Pond Road, Fitzwilliam, NH 03447",No,https://www.nhstateparks.org/find-parks-trails/rhododendron-state-park
New Hampshire,Robert Frost Farm Historic Site,Rockingham,"122 Rockingham Road, Derry, NH 03038",No,https://www.nhstateparks.org/find-parks-trails/robert-frost-farm-historic-site
New Hampshire,Rollins State Park,Merrimack,"1066 Kearsage Mountain Road, Warner, NH 03278",No,https://www.nhstateparks.org/find-parks-trails/rollins-state-park
New Hampshire,Rye Harbor State Park,Rockingham,"1730 Ocean Blvd, Rye, NH 03870",Yes,https://www.nhstateparks.org/find-parks-trails/rye-harbor-state-park
New Hampshire,Sculptured Rocks Natural Area,Grafton,"251 Sculptured Rocks Road, Groton, NH 03241",No,https://www.nhstateparks.org/find-parks-trails/sculptured-rocks-natural-area
New Hampshire,Silver Lake State Park,Hillsborough,"138 Silver Lake Road, Hollis, NH 03049",No,https://www.nhstateparks.org/find-parks-trails/silver-lake-state-park
New Hampshire,South Beach Hampton Beach State Park,Rockingham,"8 State Park Rd, Hampton, NH 03842",Yes,https://www.nhstateparks.org/find-parks-trails/south-beach-hampton-beach-state-park
New Hampshire,Taylor Mill Historic Site,Rockingham,"236 Island Pond Road, Derry, NH 03038",No,https://www.nhstateparks.org/find-parks-trails/taylor-mill-historic-site
New Hampshire,Umbagog Lake State Park,Coos,"235 East Route 26 Cambridge, Errol, NH 03579",No,https://www.nhstateparks.org/find-parks-trails/umbagog-lake-state-park
New Hampshire,Wadleigh State Park,Merrimack,"78 Wadleigh State Park Road, Sutton, NH 03221",No,https://www.nhstateparks.org/find-parks-trails/wadleigh-state-park
New Hampshire,Wallis Sands State Park,Rockingham,"1050 Ocean Blvd, Rye, NH 03870",Yes,https://www.nhstateparks.org/find-parks-trails/wallis-sands-state-park
New Hampshire,Weeks State Park,Coös,"200 Weeks State Park Road, Lancaster, NH 03584",No,https://www.nhstateparks.org/find-parks-trails/weeks-state-park
New Hampshire,Wellington State Park,Grafton,"614 West Shore Road, Bristol, NH 03222",No,https://www.nhstateparks.org/find-parks-trails/wellington-state-park
New Hampshire,Wentworth Coolidge Mansion,Rockingham,"375 Little Harbor Rd, Portsmouth, NH 03801",No,https://www.nhstateparks.org/find-parks-trails/wentworth-coolidge-mansion
New Hampshire,Wentworth State Park,Carroll,"297 Governor John Wentworth Hwy, Wolfeboro, NH 03894",No,https://www.nhstateparks.org/find-parks-trails/wentworth-state-park
New Hampshire,White Island Historical Site,Rockingham,,No,https://www.nhstateparks.org/find-parks-trails/white-island-historical-site
New Hampshire,White Lake State Park,Carroll,"94 State Park Rd, Tamworth, NH 03886",No,https://www.nhstateparks.org/find-parks-trails/white-lake-state-park
New Hampshire,Winslow State Park,Merrimack,"475 Kearsarge Mountain Road, Wilmot, NH 03287",No,https://www.nhstateparks.org/find-parks-trails/winslow-state-park
New Jersey,Abram S. Hewitt State Forest,Passaic,,,https://dep.nj.gov/parksandforests/state-park/abram-s-hewitt-state-forest/
New Jersey,Allaire State Park,Monmouth,,,https://dep.nj.gov/parksandforests/state-park/allaire-state-park/
New Jersey,Allamuchy Mountain State Park,Warren,,,https://dep.nj.gov/parksandforests/state-park/allamuchy-mountain-state-park/
New Jersey,Atsion Recreation Area,Burlington,,,https://dep.nj.gov/parksandforests/state-park/atsion-recreation-area/
New Jersey,Barnegat Lighthouse State Park,Ocean,,,https://dep.nj.gov/parksandforests/state-park/barnegat-lighthouse-state-park/
New Jersey,Bass River State Forest,"Burlington, Ocean",,,https://dep.nj.gov/parksandforests/state-park/bass-river-state-forest/
New Jersey,Belleplain State Forest,Cape May,,,https://dep.nj.gov/parksandforests/state-park/belleplain-state-forest/
New Jersey,Brendan T. Byrne State Forest,Burlington,,,https://dep.nj.gov/parksandforests/state-park/brendan-t-byrne-state-forest/
New Jersey,Bulls Island Recreation Area,Hunterdon,,,https://dep.nj.gov/parksandforests/state-park/bulls-island-recreation-area/
New Jersey,Cape May Point State Park,Cape May,,,https://dep.nj.gov/parksandforests/state-park/cape-may-point-state-park/
New Jersey,Cheesequake State Park,Middlesex,,,https://dep.nj.gov/parksandforests/state-park/cheesequake-state-park/
New Jersey,Corson's Inlet State Park,Cape May,,,https://dep.nj.gov/parksandforests/state-park/corson-s-inlet-state-park/
New Jersey,D & R Canal State Park,Hunterdon,,,https://dep.nj.gov/parksandforests/state-park/dr-canal-state-park/
New Jersey,Double Trouble State Park,Ocean,,,https://dep.nj.gov/parksandforests/state-park/double-trouble-state-park/
New Jersey,Farny State Park,Morris,,,https://dep.nj.gov/parksandforests/state-park/farny-state-park/
New Jersey,Forked River State Marina,Ocean,,,https://dep.nj.gov/parksandforests/state-park/forked-river-state-marina/
New Jersey,Fort Mott State Park,Salem,,,https://dep.nj.gov/parksandforests/state-park/fort-mott-state-park/
New Jersey,Fortescue State Marina,Cumberland,,,https://dep.nj.gov/parksandforests/state-park/fortescue-state-marina/
New Jersey,Hacklebarney State Park,Morris,,,https://dep.nj.gov/parksandforests/state-park/hacklebarney-state-park/
New Jersey,High Point State Park,Sussex,,,https://dep.nj.gov/parksandforests/state-park/high-point-state-park/
New Jersey,Hopatcong State Park,Morris,,,https://dep.nj.gov/parksandforests/state-park/hopatcong-state-park/
New Jersey,Island Beach State Marina,Ocean,,,https://dep.nj.gov/parksandforests/state-park/island-beach-state-marina/
New Jersey,Island Beach State Park,Ocean,,,https://dep.nj.gov/parksandforests/state-park/island-beach-state-park/
New Jersey,Jenny Jump State Forest,Warren,,,https://dep.nj.gov/parksandforests/state-park/jenny-jump-state-forest/
New Jersey,Kittatinny Valley State Park,"Sussex, Andover",,,https://dep.nj.gov/parksandforests/state-park/kittatinny-valley-state-park/
New Jersey,Leonardo State Marina,Monmouth,,,https://dep.nj.gov/parksandforests/state-park/leonardo-state-marina/
New Jersey,Liberty Landing State Marina,Hudson,,,https://dep.nj.gov/parksandforests/state-park/liberty-landing-state-marina/
New Jersey,Liberty State Park,Hudson,,,https://dep.nj.gov/parksandforests/state-park/liberty-state-park/
New Jersey,Long Pond Ironworks State Park,Passaic,,,https://dep.nj.gov/parksandforests/state-park/long-pond-ironworks-state-park/
New Jersey,Monmouth Battlefield State Park,Monmouth,,,https://dep.nj.gov/parksandforests/state-park/monmouth-battlefield-state-park/
New Jersey,North Brigantine Natural Area,Atlantic,,,https://dep.nj.gov/parksandforests/state-park/north-brigantine-natural-area/
New Jersey,Norvin Green State Forest,Passaic,,,https://dep.nj.gov/parksandforests/state-park/norvin-green-state-forest/
New Jersey,Parvin State Park,Salem,,,https://dep.nj.gov/parksandforests/state-park/parvin-state-park/
New Jersey,Penn State Forest,Burlington,,,https://dep.nj.gov/parksandforests/state-park/penn-state-forest/
New Jersey,Pigeon Swamp State Park,Middlesex,,,https://dep.nj.gov/parksandforests/state-park/pigeon-swamp-state-park/
New Jersey,Princeton Battlefield State Park,Mercer,,,https://dep.nj.gov/parksandforests/state-park/princeton-battlefield-state-park/
New Jersey,Ramapo Mountain State Forest,Bergen,,,https://dep.nj.gov/parksandforests/state-park/ramapo-mountain-state-forest/
New Jersey,Rancocas State Park,Burlington,,,https://dep.nj.gov/parksandforests/state-park/rancocas-state-park/
New Jersey,Ringwood State Park,Passaic,,,https://dep.nj.gov/parksandforests/state-park/ringwood-state-park/
New Jersey,Round Valley Recreation Area,Hunterdon,,,https://dep.nj.gov/parksandforests/state-park/round-valley-recreation-area/
New Jersey,Senator Frank S. Farley State Marina,Atlantic,,,https://dep.nj.gov/parksandforests/state-park/senator-frank-s-farley-state-marina/
New Jersey,Six Mile Run Reservoir Site,Somerset,,,https://dep.nj.gov/parksandforests/state-park/six-mile-run-reservoir-site/
New Jersey,Spruce Run Recreation Area,Hunterdon,,,https://dep.nj.gov/parksandforests/state-park/spruce-run-recreation-area/
New Jersey,Stephens State Park,Warren,,,https://dep.nj.gov/parksandforests/state-park/stephens-state-park/
New Jersey,Stokes State Forest,Sussex,,,https://dep.nj.gov/parksandforests/state-park/stokes-state-forest/
New Jersey,Stow Creek State Park,Salem,,,https://dep.nj.gov/parksandforests/state-park/stow-creek-state-park/
New Jersey,Swartswood State Park,Sussex,,,https://dep.nj.gov/parksandforests/state-park/swartswood-state-park/
New Jersey,Voorhees State Park,Hunterdon,,,https://dep.nj.gov/parksandforests/state-park/voorhees-state-park/
New Jersey,Warren Grove Recreation Area,Burlington,,,https://dep.nj.gov/parksandforests/state-park/warren-grove-recreation-area/
New Jersey,Washington Crossing State Park,Mercer,,,https://dep.nj.gov/parksandforests/state-park/washington-crossing-state-park/
New Jersey,Washington Rock State Park,Somerset,,,https://dep.nj.gov/parksandforests/state-park/washington-rock-state-park/
New Jersey,Wawayanda State Park,Sussex,,,https://dep.nj.gov/parksandforests/state-park/wawayanda-state-park/
New Jersey,Wharton State Forest,Burlington,,,https://dep.nj.gov/parksandforests/state-park/wharton-state-forest/
New Jersey,Worthington State Forest,Warren,,,https://dep.nj.gov/parksandforests/state-park/worthington-state-forest/
New Mexico,Bluewater Lake State Park,Cibola,"30 Bluewater State Park Road Prewitt, NM 87045",Yes,https://www.emnrd.nm.gov/spd/find-a-park/bluewater-lake-state-park/
New Mexico,Bottomless Lakes State Park,Chaves,"545 A Bottomless Lakes Rd. Roswell, NM 88201",No,https://www.emnrd.nm.gov/spd/find-a-park/bottomless-lakes-state-park/
New Mexico,Brantley Lake State Park,Eddy,"33 East Brantley Lake Rd. Carlsbad, NM 88221",Yes,https://www.emnrd.nm.gov/spd/find-a-park/brantley-lake-state-park/
New Mexico,Caballo Lake State Park,Sierra,"10 Palomino Road Caballo, NM 87931",No,https://www.emnrd.nm.gov/spd/find-a-park/caballo-lake-state-park/
New Mexico,Cerrillos Hills State Park,Santa Fe,"37 Main Street Cerrillos, NM 87010",Yes,https://www.emnrd.nm.gov/spd/find-a-park/cerrillos-hills-state-park/
New Mexico,Cimarron Canyon State Park,Colfax,"28869 Highway 64 Eagle Nest, NM 87718",No,https://www.emnrd.nm.gov/spd/find-a-park/cimarron-canyon-state-park/
New Mexico,City of Rocks State Park,Grant,"327 Hwy 61 Faywood, NM 88034",Yes,https://www.emnrd.nm.gov/spd/find-a-park/city-of-rocks-state-park/
New Mexico,Clayton Lake State Park and Dinosaur Trackways,Union,"& PHONE 141 Clayton Lake Road Clayton, NM 88415",Yes,https://www.emnrd.nm.gov/spd/find-a-park/clayton-lake-state-park-and-dinosaur-trackways/
New Mexico,Conchas Lake State Park,San Miguel,"501 Bell Ranch Road Conchas Dam, NM 88416",Yes,https://www.emnrd.nm.gov/spd/find-a-park/conchas-lake-state-park/
New Mexico,Coyote Creek State Park,Mora,,No,https://www.emnrd.nm.gov/spd/find-a-park/coyote-creek-state-park/
New Mexico,Eagle Nest Lake State Park,Colfax,"42 Marina Way Eagle Nest, NM 87718",Yes,https://www.emnrd.nm.gov/spd/find-a-park/eagle-nest-lake-state-park/
New Mexico,El Vado Lake State Park,Rio Arriba,"112 Tierra Amarilla, NM 87575",No,https://www.emnrd.nm.gov/spd/find-a-park/el-vado-lake-state-park/
New Mexico,Elephant Butte Lake State Park,"Socorro, Sierra","& PHONE 101 Hwy 195 Elephant Butte, NM 87935",Yes,https://www.emnrd.nm.gov/spd/find-a-park/elephant-butte-lake-state-park/
New Mexico,Fenton Lake State Park,Sandoval,"& PHONE 455 Fenton Lake Road Jemez Springs, NM 87025",No,https://www.emnrd.nm.gov/spd/find-a-park/fenton-lake-state-park/
New Mexico,Heron Lake State Park,Rio Arriba,"640 State Road 95 HC-75 Box 1051 Los Ojos, NM 87551",Yes,https://www.emnrd.nm.gov/spd/find-a-park/heron-lake-state-park/
New Mexico,Hyde Memorial State Park,Santa Fe,"740 Hyde Park Road Santa Fe, NM 87501",Yes,https://www.emnrd.nm.gov/spd/find-a-park/hyde-memorial-state-park/
New Mexico,Leasburg Dam State Park,Doña Ana,"12712 State Park Road Radium Springs, NM 88054",Yes,https://www.emnrd.nm.gov/spd/find-a-park/leasburg-dam-state-park/
New Mexico,Living Desert Zoo and Gardens State Park,Eddy,"& PHONE 1504 Skyline Dr. Carlsbad, NM 88220",Yes,https://www.emnrd.nm.gov/spd/find-a-park/living-desert-zoo-and-gardens-state-park/
New Mexico,Manzano Mountains State Park,Torrance,,Yes,https://www.emnrd.nm.gov/spd/find-a-park/manzano-mountains-state-park/
New Mexico,Mesilla Valley Bosque State Park,Doña Ana,"5000 Calle del Norte Mesilla, NM 88046",Yes,https://www.emnrd.nm.gov/spd/find-a-park/mesilla-valley-bosque-state-park/
New Mexico,Morphy Lake State Park,Mora,,No,https://www.emnrd.nm.gov/spd/find-a-park/morphy-lake-state-park/
New Mexico,Navajo Lake State Park,San Juan,"36 Road 4110 #1 Navajo Dam, NM 87419",Yes,https://www.emnrd.nm.gov/spd/find-a-park/navajo-lake-state-park/
New Mexico,Oasis State Park,Roosevelt,"& PHONE 1891 Oasis Rd. Portales, NM 88130",Yes,https://www.emnrd.nm.gov/spd/find-a-park/oasis-state-park/
New Mexico,Oliver Lee Memorial State Park,Otero,"409 Dog Canyon Rd. Alamogordo, NM 88310",No,https://www.emnrd.nm.gov/spd/find-a-park/oliver-lee-memorial-state-park/
New Mexico,Pancho Villa State Park,Luna,"400 West Highway 9 Columbus, NM 88029",Yes,https://www.emnrd.nm.gov/spd/find-a-park/pancho-villa-state-park/
New Mexico,Pecos Canyon State Park,San Miguel,"28 Fish Hatchery Road Pecos, NM 87552",No,https://www.emnrd.nm.gov/spd/find-a-park/pecos-canyon-state-park/
New Mexico,Percha Dam State Park,Sierra,"80 Percha Dam Canal Road Caballo, NM 87931",No,https://www.emnrd.nm.gov/spd/find-a-park/percha-dam-state-park/
New Mexico,Rio Grande Nature Center State Park,Bernalillo,"& PHONE 2901 Candelaria Rd., NW Albuquerque, NM 87107",Yes,https://www.emnrd.nm.gov/spd/find-a-park/rio-grande-nature-center-state-park/
New Mexico,Rockhound State Park,Luna,"9880 Stirrup Road SE Deming, NM 88030",Yes,https://www.emnrd.nm.gov/spd/find-a-park/rockhound-state-park/
New Mexico,Santa Rosa Lake State Park,Guadalupe,"& PHONE NM Highway 91 Santa Rosa, NM 88435",No,https://www.emnrd.nm.gov/spd/find-a-park/santa-rosa-lake-state-park/
New Mexico,Storrie Lake State Park,San Miguel,"5 Las Vegas, NM 87701",No,https://www.emnrd.nm.gov/spd/find-a-park/storrie-lake-state-park/
New Mexico,Sugarite Canyon State Park,Colfax,"211 Highway 526 Raton, NM 87740",Yes,https://www.emnrd.nm.gov/spd/find-a-park/sugarite-canyon-state-park/
New Mexico,Sumner Lake State Park,De Baca,"& PHONE 32 Lakeview Lane Sumner Lake, NM 88119",Yes,https://www.emnrd.nm.gov/spd/find-a-park/sumner-lake-state-park/
New Mexico,Ute Lake State Park,Quay,"612 E. Main Tucumcari, NM 88401",Yes,https://www.emnrd.nm.gov/spd/find-a-park/ute-lake-state-park/
New Mexico,Villanueva State Park,San Miguel,"135 Dodge Road Villanueva, NM 87583",Yes,https://www.emnrd.nm.gov/spd/find-a-park/villanueva-state-park/
New York,Allan H. Treman State Marine Park,Tompkins,,,https://parks.ny.gov/visit/state-parks/allan-h-treman-state-marine-park
New York,Allegany State Park - Quaker Area,Cattaraugus,"8998 ASP Route 3 Salamanca, NY 14779",Yes,https://parks.ny.gov/visit/state-parks/allegany-state-park-quaker-area
New York,Allegany State Park - Red House Area,Cattaraugus,"2373 ASP, Rte 1, Suite 3 Salamanca, NY 14779",Yes,https://parks.ny.gov/visit/state-parks/allegany-state-park-red-house-area
New York,Anthony Wayne Recreation Area - Bear Mountain State Park,Rockland,"17 Bear Mountain, NY 10911",No,https://parks.ny.gov/visit/state-parks/anthony-wayne-recreation-area-bear-mountain-state-park
New York,Artpark State Park (Earl W. Brydges),Niagara,"450 South 4th Street Lewiston, NY 14092",Yes,https://parks.ny.gov/visit/state-parks/artpark-state-park-earl-w-brydges
New York,Barcelona Lighthouse,Chautauqua,,,https://parks.ny.gov/visit/state-parks/barcelona-lighthouse
New York,Battle Island State Park,Oswego,"2150 State Route 48 Fulton, NY 13069",Yes,https://parks.ny.gov/visit/state-parks/battle-island-state-park
New York,Bayard Cutting Arboretum State Park,Suffolk,"440 Montauk Highway Great River, NY 11739",Yes,https://parks.ny.gov/visit/state-parks/bayard-cutting-arboretum-state-park
New York,Bayswater Point State Park,Queens,"1479 Point Breeze Place Far Rockaway, NY 11691",Yes,https://parks.ny.gov/visit/state-parks/bayswater-point-state-park
New York,Bear Mountain State Park,"Orange, Rockland","9W North Bear Mountain, NY 10911",Yes,https://parks.ny.gov/visit/state-parks/bear-mountain-state-park
New York,Beaver Island State Park,Erie,"103 Commission House Road Grand Island, NY 14072",Yes,https://parks.ny.gov/visit/state-parks/beaver-island-state-park
New York,Beaver Pond Campgrounds - Harriman State Park,Rockland,"700 Kanawauke Road Stony Point, NY 10980",Yes,https://parks.ny.gov/visit/state-parks/beaver-pond-campgrounds-harriman-state-park
New York,Belmont Lake State Park,Suffolk,"38 North Babylon, NY 11703",Yes,https://parks.ny.gov/visit/state-parks/belmont-lake-state-park
New York,Bethpage State Park,Nassau,"99 Quaker Meeting House Road Farmingdale, NY 11735",No,https://parks.ny.gov/visit/state-parks/bethpage-state-park
New York,Betty and Wilbur Davis State Park,Otsego,"133 Davis Road Schenevus, NY 12155",Yes,https://parks.ny.gov/visit/state-parks/betty-wilbur-davis-state-park
New York,Big Six Mile Creek Marina,Erie,"3219 Whitehaven Road Grand Island, NY 14072",Yes,https://parks.ny.gov/visit/state-parks/big-six-mile-creek-marina
New York,Black Diamond Trail,Tompkins,"3480 Gorge Road Trumansburg, NY 14886",Yes,https://parks.ny.gov/visit/state-parks/black-diamond-trail
New York,Black River Trail,Jefferson,"25534 Ridge Road Watertown, NY 13601",No,https://parks.ny.gov/visit/state-parks/black-river-trail
New York,Blauvelt State Park,Rockland,"303 North to East, Greenbush Road Blauvelt, NY 10913",Yes,https://parks.ny.gov/visit/state-parks/blauvelt-state-park
New York,Bonavista State Park,Seneca,"7194 County Road 132 Ovid, NY 14521",No,https://parks.ny.gov/visit/state-parks/bonavista-state-park
New York,Bowman Lake State Park,Chenango,"745 Bliven Sherman Road Oxford, NY 13830",Yes,https://parks.ny.gov/visit/state-parks/bowman-lake-state-park
New York,Brentwood State Park,Suffolk,"375 Crooked Hill Road Brentwood, NY 11717 ~ 625 Belmont Avenue Babylon, NY 11702",No,https://parks.ny.gov/visit/state-parks/brentwood-state-park
New York,Brookhaven State Park,Suffolk,"2500 William Floyd Parkway Ridge, NY 11961",Yes,https://parks.ny.gov/visit/state-parks/brookhaven-state-park
New York,Buckhorn Island State Park,"Niagara, Erie","103 Commission House Rd Grand Island, NY 14072",Yes,https://parks.ny.gov/visit/state-parks/buckhorn-island-state-park
New York,Buffalo Harbor State Park,Erie,"1111 Fuhrmann Blvd Buffalo, NY 14203",Yes,https://parks.ny.gov/visit/state-parks/buffalo-harbor-state-park
New York,Burnham Point State Park,Jefferson,"34075 NYS Route 12E Cape Vincent, NY 13618",No,https://parks.ny.gov/visit/state-parks/burnham-point-state-park
New York,Buttermilk Falls State Park,Tompkins,,,https://parks.ny.gov/visit/state-parks/buttermilk-falls-state-park
New York,Caleb Smith State Park Preserve,Suffolk,"581 West Jericho Turnpike Smithtown, NY 11787",Yes,https://parks.ny.gov/visit/state-parks/caleb-smith-state-park-preserve
New York,Camp Hero State Park,Suffolk,"1898 Montauk Highway Montauk, NY 11954",No,https://parks.ny.gov/visit/state-parks/camp-hero-state-park
New York,Canadarago State Marine Park,Otsego,"135 Dennison Road Richfield Springs, NY 13439 ~ 1527 County Highway 31, Cooperstown, NY 13326",Yes,https://parks.ny.gov/visit/state-parks/canadarago-state-marine-park
New York,Canandaigua Lake State Marine Park,Ontario,"620 South Main Street Canandaigua, NY 14424",No,https://parks.ny.gov/visit/state-parks/canandaigua-lake-state-marine-park
New York,Canoe-Picnic Point State Park,Jefferson,"36661 Cedar Point State Park Drive Clayton, NY 13624",Yes,https://parks.ny.gov/visit/state-parks/canoe-picnic-point-state-park
New York,Captree State Park,Suffolk,"3500 E. Ocean Parkway Bay Shore, NY 11706",No,https://parks.ny.gov/visit/state-parks/captree-state-park
New York,Catharine Valley Trail,Chemung,"304 Watkins Glen, NY 14891",Yes,https://parks.ny.gov/visit/state-parks/catharine-valley-trail
New York,Caumsett State Historic Park Preserve,Suffolk,"25 Lloyd Harbor Road Huntington, NY 11743 ~ 247 Babylon, NY 11702",Yes,https://parks.ny.gov/visit/state-parks/caumsett-state-historic-park-preserve
New York,Cayuga Lake State Park,Seneca,"2632 Lower Lake Road Seneca Falls, NY 13148",Yes,https://parks.ny.gov/visit/state-parks/cayuga-lake-state-park
New York,Cedar Island State Park,St. Lawrence,,No,https://parks.ny.gov/visit/state-parks/cedar-island-state-park
New York,Cedar Point State Park,Jefferson,"36661 Cedar Point State Park Drive Clayton, NY 13624",Yes,https://parks.ny.gov/visit/state-parks/cedar-point-state-park
New York,Chenango Valley State Park,Broome,"153 State Park Road Chenango Forks, NY 13746",No,https://parks.ny.gov/visit/state-parks/chenango-valley-state-park
New York,Cherry Plain State Park,Rensselaer,"10 State Park Road Petersburg, NY 12138",Yes,https://parks.ny.gov/visit/state-parks/cherry-plain-state-park
New York,Chimney Bluffs State Park,Wayne,"7700 Garner Road Wolcott, NY 14590",No,https://parks.ny.gov/visit/state-parks/chimney-bluffs-state-park
New York,Chittenango Falls State Park,Madison,"5241 Gorge Rd- Route 13 Cazenovia, NY 13035",Yes,https://parks.ny.gov/visit/state-parks/chittenango-falls-state-park
New York,Clark Reservation State Park,Onondaga,"6105 East Seneca Turnpike Jamesville, NY 13078",Yes,https://parks.ny.gov/visit/state-parks/clark-reservation-state-park
New York,Clay Pit Ponds State Park Preserve,Richmond,"2351 Veterans Road West Staten Island, NY 10309 ~ 2351 Veteran's Road West Staten Island, NY 10309",Yes,https://parks.ny.gov/visit/state-parks/clay-pit-ponds-state-park-preserve
New York,Cold Spring Harbor State Park,Suffolk,"95 Harbor Rd Cold Spring Harbor, NY 11724",No,https://parks.ny.gov/visit/state-parks/cold-spring-harbor-state-park
New York,Coles Creek State Park,St. Lawrence,,Yes,https://parks.ny.gov/visit/state-parks/coles-creek-state-park
New York,Conesus Lake Boat Launch,Livingston,"5030 E Lake Rd Livonia, NY 14487",No,https://parks.ny.gov/visit/state-parks/conesus-lake-boat-launch
New York,Connetquot River State Park Preserve,Suffolk,,Yes,https://parks.ny.gov/visit/state-parks/connetquot-river-state-park-preserve
New York,Cumberland Bay State Park,Clinton,"102 Commodore Thomas MacDonough Highway Plattsburgh, NY 12901",Yes,https://parks.ny.gov/visit/state-parks/cumberland-bay-state-park
New York,Darien Lakes State Park,Genesee,"10475 Harlow Road Darien Center, NY 14040",Yes,https://parks.ny.gov/visit/state-parks/darien-lakes-state-park
New York,Deans Cove Boat Launch,Seneca,"5761 State Route 89 Romulus, NY 14541",Yes,https://parks.ny.gov/visit/state-parks/deans-cove-boat-launch
New York,Delta Lake State Park,Oneida,"8797 State Route 46 Rome, NY 13440",No,https://parks.ny.gov/visit/state-parks/delta-lake-state-park
New York,DeVeaux Woods State Park,Niagara,"3120 De Veaux Woods Drive Niagara Falls, NY 14305",Yes,https://parks.ny.gov/visit/state-parks/deveaux-woods-state-park
New York,Dewolf Point State Park,Jefferson,"45920 Country Route 191 Fineview, NY 13640",No,https://parks.ny.gov/visit/state-parks/dewolf-point-state-park
New York,Eel Weir State Park,St. Lawrence,,Yes,https://parks.ny.gov/visit/state-parks/eel-weir-state-park
New York,Evangola State Park,Erie,"110 Evangola State Park Rd Irving, NY 14081",Yes,https://parks.ny.gov/visit/state-parks/evangola-state-park
New York,Fahnestock State Park (Clarence Fahnestock),Putnam,"1498 Route 301 Carmel, NY 10512 ~ 1498 Rte 301 Carmel, NY 10512",Yes,https://parks.ny.gov/visit/state-parks/fahnestock-state-park-clarence-fahnestock
New York,Fahnestock Winter Park,Putnam,"1570 Route 301 Carmel, NY 10512",Yes,https://parks.ny.gov/visit/state-parks/fahnestock-winter-park
New York,Fair Haven Beach State Park,Cayuga,"14985 State Park Road Fair Haven, NY 13064",Yes,https://parks.ny.gov/visit/state-parks/fair-haven-beach-state-park
New York,Fillmore Glen State Park,Cayuga,"1686 St. Rte. 38 Moravia, NY 13118",No,https://parks.ny.gov/visit/state-parks/fillmore-glen-state-park
New York,Fort Niagara State Park,Niagara,"1 Maintenance Ave Youngstown, NY 14174",Yes,https://parks.ny.gov/visit/state-parks/fort-niagara-state-park
New York,Four Mile Creek State Park,Niagara,"1055 Lake Road Youngstown, NY 14174",No,https://parks.ny.gov/visit/state-parks/four-mile-creek-state-park
New York,Franklin D. Roosevelt Four Freedoms State Park,New York,,,https://parks.ny.gov/visit/state-parks/franklin-d-roosevelt-four-freedoms-state-park
New York,Franklin D. Roosevelt State Park,Westchester,"2957 Crompond Road Yorktown Heights, NY 10598",Yes,https://parks.ny.gov/visit/state-parks/franklin-d-roosevelt-state-park
New York,Franny Reese State Park,Ulster,,,https://parks.ny.gov/visit/state-parks/franny-reese-state-park
New York,Gantry Plaza State Park,Queens,,,https://parks.ny.gov/visit/state-parks/gantry-plaza-state-park
New York,Genesee Valley Greenway State Park,Livingston,"1 Letchworth State Park Castile, NY 14427",Yes,https://parks.ny.gov/visit/state-parks/genesee-valley-greenway-state-park
New York,Gilbert Lake State Park,Otsego,"870 County Route 12 Laurens, NY 13796 ~ 18 CCC Road Laurens, NY 13796",Yes,https://parks.ny.gov/visit/state-parks/gilbert-lake-state-park
New York,Gilgo State Park,Suffolk,,,https://parks.ny.gov/visit/state-parks/gilgo-state-park
New York,Glimmerglass State Park,Otsego,"1527 County Highway 31 Cooperstown, NY 13326",No,https://parks.ny.gov/visit/state-parks/glimmerglass-state-park
New York,Golden Hill State Park,Niagara,"9691 Lower Lake Road Barker, NY 14012",Yes,https://parks.ny.gov/visit/state-parks/golden-hill-state-park
New York,Goosepond Mountain State Park,Orange,"1198 New York 17M Chester, NY 10918",No,https://parks.ny.gov/visit/state-parks/goosepond-mountain-state-park
New York,Grafton Lakes State Park,Rensselaer,"254 Grafton Lakes State Park Way Grafton, NY 12082",Yes,https://parks.ny.gov/visit/state-parks/grafton-lakes-state-park
New York,Grass Point State Park,Jefferson,"42247 Grassy Point Road Alexandria Bay, NY 13607",Yes,https://parks.ny.gov/visit/state-parks/grass-point-state-park
New York,Green Lakes State Park,Onondaga,"7900 Green Lakes Road Fayetteville, NY 13066",Yes,https://parks.ny.gov/visit/state-parks/green-lakes-state-park
New York,Hallock State Park Preserve,Suffolk,"6062 Sound Avenue Riverhead, NY 11947",Yes,https://parks.ny.gov/visit/state-parks/hallock-state-park-preserve
New York,Hamlin Beach State Park,Monroe,"1 Hamlin Beach Blvd. West Hamlin, NY 14464",Yes,https://parks.ny.gov/visit/state-parks/hamlin-beach-state-park
New York,Harriet Hollister Spencer State Recreation Area,Ontario,"6775 Canadice Hill Road Springwater, NY 14560 ~ 10820 Route 36 South Dansville, NY 14437",No,https://parks.ny.gov/visit/state-parks/harriet-hollister-spencer-state-recreation-area
New York,Harriman State Park,Orange,"3200 Seven Lakes Drive Southfields, NY 10975",Yes,https://parks.ny.gov/visit/state-parks/harriman-state-park
New York,Heckscher State Park,Suffolk,"1 East Islip, NY 11730",Yes,https://parks.ny.gov/visit/state-parks/heckscher-state-park
New York,Helen McNitt State Park,Madison,"5133 East Lake Rd. Cazenovia, NY 13035",No,https://parks.ny.gov/visit/state-parks/helen-mcnitt-state-park
New York,Hempstead Lake State Park,Nassau,"1000 Lake Drive West Hempstead, NY 11552",Yes,https://parks.ny.gov/visit/state-parks/hempstead-lake-state-park
New York,High Tor State Park,Rockland,"11 Huntington Way New City, NY 10956",Yes,https://parks.ny.gov/visit/state-parks/high-tor-state-park
New York,Highland Lakes State Park,Orange,,,https://parks.ny.gov/visit/state-parks/highland-lakes-state-park
New York,Higley Flow State Park,St. Lawrence,"442 Cold Brook Drive Colton, NY 13625",Yes,https://parks.ny.gov/visit/state-parks/higley-flow-state-park
New York,Hither Hills State Park,Suffolk,"2 Old Montauk Highway Montauk, NY 11954",Yes,https://parks.ny.gov/visit/state-parks/hither-hills-state-park
New York,Honeoye Lake Boat Launch State Park,Ontario,"6150 East Lake Rd. Honeoye, NY 14471 ~ 10820 Route 36 South Dansville, NY 14437",Yes,https://parks.ny.gov/visit/state-parks/honeoye-lake-boat-launch-state-park
New York,Hudson Highlands State Park Preserve,"Putnam, Orange","3011 Route 9D Cold Spring, NY 10516",No,https://parks.ny.gov/visit/state-parks/hudson-highlands-state-park-preserve
New York,Hudson River Islands State Park,Columbia,,,https://parks.ny.gov/visit/state-parks/hudson-river-islands-state-park
New York,Hudson River Park,New York,"353 West St 2nd Floor New York, NY 10044",No,https://parks.ny.gov/visit/state-parks/hudson-river-park
New York,Irondequoit Bay State Marine Park,Monroe,"590 North Irondequoit, NY 14622",Yes,https://parks.ny.gov/visit/state-parks/irondequoit-bay-state-marine-park
New York,Jacques Cartier State Park,St. Lawrence,,No,https://parks.ny.gov/visit/state-parks/jacques-cartier-state-park
New York,James Baird State Park,Dutchess,"14 Maintenance Lane Pleasant Valley, NY 12569",Yes,https://parks.ny.gov/visit/state-parks/james-baird-state-park
New York,Jones Beach State Park,Nassau,"2400 Ocean Parkway Wantagh, NY 11793",Yes,https://parks.ny.gov/visit/state-parks/jones-beach-state-park
New York,Joseph Davis State Park,Niagara,"4143 Lower River Road Lewiston, NY 14092",No,https://parks.ny.gov/visit/state-parks/joseph-davis-state-park
New York,Keewaydin State Park,Jefferson,"45165 NYS Route 12 Alexandria Bay, NY 13607",Yes,https://parks.ny.gov/visit/state-parks/keewaydin-state-park
New York,Keuka Lake State Park,Yates,"3560 Pepper Road Bluff Point, NY 14478",Yes,https://parks.ny.gov/visit/state-parks/keuka-lake-state-park
New York,Knox Farm State Park,Erie,"437 Buffalo Road East Aurora, NY 14052",Yes,https://parks.ny.gov/visit/state-parks/knox-farm-state-park
New York,Kring Point State Park,Jefferson,"25950 Kring Point Road Redwood, NY 13679",Yes,https://parks.ny.gov/visit/state-parks/kring-point-state-park
New York,Lake Erie State Park,Chautauqua,"5838 Route 5 Brocton, NY 14716",Yes,https://parks.ny.gov/visit/state-parks/lake-erie-state-park
New York,Lake Sebago Beach - Harriman State Park,"Rockland, Orange",,,https://parks.ny.gov/visit/state-parks/lake-sebago-beach-harriman-state-park
New York,Lake Superior State Park,Sullivan,"342 Dr Duggan Rd Bethel, NY 12720",No,https://parks.ny.gov/visit/state-parks/lake-superior-state-park
New York,Lake Taghkanic State Park,Columbia,"1528 Route 82 Ancram, NY 12502",Yes,https://parks.ny.gov/visit/state-parks/lake-taghkanic-state-park
New York,Lake Tiorati Beach - Harriman State Park,Rockland,"2300 Seven Lakes Drive Southfields, NY 10975",Yes,https://parks.ny.gov/visit/state-parks/lake-tiorati-beach-harriman-state-park
New York,Lake Welch Beach - Harriman State Park,"Rockland, Orange","800 Kanawauke Road Stony Point, NY 10980",No,https://parks.ny.gov/visit/state-parks/lake-welch-beach-harriman-state-park
New York,Lakeside State Park,Orleans,"13691 Roosevelt Hwy Waterport, NY 14571",Yes,https://parks.ny.gov/visit/state-parks/lakeside-state-park
New York,Letchworth State Park,"Livingston, Wyoming","1 Letchworth State Park Castile, NY 14427",Yes,https://parks.ny.gov/visit/state-parks/letchworth-state-park
New York,Lodi Point State Park,Seneca,,,https://parks.ny.gov/visit/state-parks/lodi-point-state-park
New York,Long Point State Park - Finger Lakes,Cayuga,"2063 Lake Rd. Aurora, NY 13026",No,https://parks.ny.gov/visit/state-parks/long-point-state-park-finger-lakes
New York,Long Point State Park - Thousand Islands,Jefferson,"7495 State Park Road Three Mile Bay, NY 13693",Yes,https://parks.ny.gov/visit/state-parks/long-point-state-park-thousand-islands
New York,Long Point State Park on Lake Chautauqua,Chautauqua,"430 Bemus Point, NY 14712",No,https://parks.ny.gov/visit/state-parks/long-point-state-park-lake-chautauqua
New York,Macomb Reservation State Park,Clinton,"103 Campsite Road Schuyler Falls, NY 12985",Yes,https://parks.ny.gov/visit/state-parks/macomb-reservation-state-park
New York,Mark Twain State Park and Soaring Eagles Golf Course,Chemung,"201 Middle Road Horseheads, NY 14845",No,https://parks.ny.gov/visit/state-parks/mark-twain-state-park-soaring-eagles-golf-course
New York,Marsha P. Johnson State Park (East River State Park),Kings,"90 Kent Avenue Brooklyn, NY 11249",Yes,https://parks.ny.gov/visit/state-parks/marsha-p-johnson-state-park-east-river-state-park
New York,Mary Island State Park,Jefferson,,,https://parks.ny.gov/visit/state-parks/mary-island-state-park
New York,Max V. Shaul State Park,Schoharie,,Yes,https://parks.ny.gov/visit/state-parks/max-v-shaul-state-park
New York,Mexico Point Boat Launch,Oswego,"40 Mexico, NY 13114 ~ 120 Mexico Point Dr, Mexico, NY 13114",No,https://parks.ny.gov/visit/state-parks/mexico-point-boat-launch
New York,Midway State Park,Chautauqua,"4859 Route 430 Bemus Point, NY 14712",Yes,https://parks.ny.gov/visit/state-parks/midway-state-park
New York,Mills Norrie State Park (Margaret Lewis Norrie),Dutchess,"9 Old Post Road Staatsburg, NY 12580",Yes,https://parks.ny.gov/visit/state-parks/mills-norrie-state-park-margaret-lewis-norrie
New York,Mine Kill State Park,Schoharie,"923 / 161 Minekill Road North Blenheim, NY 12131",Yes,https://parks.ny.gov/visit/state-parks/mine-kill-state-park
New York,Minnewaska State Park Preserve,Ulster,"5281 Route 44-55 Kerhonkson, NY 12446 ~ 953 State Route 299 Gardiner, NY 12525",Yes,https://parks.ny.gov/visit/state-parks/minnewaska-state-park-preserve
New York,Minnewaska State Park Preserve: Sam's Point Area,Ulster,,,https://parks.ny.gov/visit/state-parks/minnewaska-state-park-preserve-sams-point-area
New York,Montauk Downs State Park,Suffolk,"50 South Fairview Avenue Montauk, NY 11954",No,https://parks.ny.gov/visit/state-parks/montauk-downs-state-park
New York,Montauk Point State Park,Suffolk,"2000 Montauk Highway Montauk, NY 11954",Yes,https://parks.ny.gov/visit/state-parks/montauk-point-state-park
New York,Moreau Lake State Park,Saratoga,"605 Old Saratoga Road Gansevoort, NY 12831",Yes,https://parks.ny.gov/visit/state-parks/moreau-lake-state-park
New York,Newtown Battlefield State Park,Chemung,"2346 Co. Rt. 60 Elmira, NY 14901",No,https://parks.ny.gov/visit/state-parks/newtown-battlefield-state-park
New York,Niagara Falls State Park,Niagara,,Yes,https://parks.ny.gov/visit/state-parks/niagara-falls-state-park
New York,Niagara Falls State Park - Devil's Hole Area,Niagara,,No,https://parks.ny.gov/visit/state-parks/devils-hole-state-park
New York,Niagara Falls State Park - Whirlpool Area,Niagara,,Yes,https://parks.ny.gov/visit/state-parks/whirlpool-state-park
New York,Nissequogue River State Park,Suffolk,"799 Saint Johnland Road Kings Park, NY 11754 ~ 799 St. Johnland Road Kings Park, NY 11754",Yes,https://parks.ny.gov/visit/state-parks/nissequogue-river-state-park
New York,Nyack Beach State Park,Rockland,"663 N. Broadway Upper Nyack, NY 10960",Yes,https://parks.ny.gov/visit/state-parks/nyack-beach-state-park
New York,Oak Orchard State Marine Park,Orleans,,Yes,https://parks.ny.gov/visit/state-parks/oak-orchard-state-marine-park
New York,Ogden Mills & Ruth Livingston Mills State Park,Dutchess,"1 Road Staatsburg, NY 12580",Yes,https://parks.ny.gov/visit/state-parks/ogden-mills-ruth-livingston-mills-state-park
New York,Old Croton Aqueduct State Historic Park,Bronx,"95 Broadway, Ossining, NY 10562",Yes,https://parks.ny.gov/visit/state-parks/old-croton-aqueduct-state-historic-park
New York,Old Erie Canal State Historic Park,Onondaga,,,https://parks.ny.gov/visit/state-parks/old-erie-canal-state-historic-park
New York,Oquaga Creek State Park,Broome,"5995 County Route 20 Bainbridge, NY 13733",Yes,https://parks.ny.gov/visit/state-parks/oquaga-creek-state-park
New York,Orient Beach State Park,Suffolk,,,https://parks.ny.gov/visit/state-parks/orient-beach-state-park
New York,Pat McGee Trail,Cattaraugus,,,https://parks.ny.gov/visit/state-parks/pat-mcgee-trail
New York,Peebles Island State Park,Saratoga,"1 Delaware Avenue North Cohoes, NY 12047",Yes,https://parks.ny.gov/visit/state-parks/peebles-island-state-park
New York,Pine Grove Boat Launch,Chautauqua,"7101 State Route #3 Pulaski, NY 13142",No,https://parks.ny.gov/visit/state-parks/pine-grove-boat-launch
New York,Pixley Falls State Park,Oneida,"11430 State Route 46 Boonville, NY 13309",Yes,https://parks.ny.gov/visit/state-parks/pixley-falls-state-park
New York,Point Au Roche State Park,Clinton,"19 Camp Red Cloud Road Plattsburgh, NY 12901",Yes,https://parks.ny.gov/visit/state-parks/point-au-roche-state-park
New York,Reservoir State Park,Niagara,"5777 Witmer Niagara Falls, NY 14304",No,https://parks.ny.gov/visit/state-parks/reservoir-state-park
New York,Riverbank State Park (Denny Farrell Riverbank State Park),New York,"679 Riverside Drive New York, NY 10031",Yes,https://parks.ny.gov/visit/state-parks/riverbank-state-park-denny-farrell-riverbank-state-park
New York,Robert G. Wehle State Park,Jefferson,"5182 State Park Road Henderson, NY 13650",Yes,https://parks.ny.gov/visit/state-parks/robert-g-wehle-state-park
New York,Robert H. Treman State Park,Tompkins,"105 Enfield Falls Rd. Ithaca, NY 14850",No,https://parks.ny.gov/visit/state-parks/robert-h-treman-state-park
New York,Robert Moses State Park - Long Island,Suffolk,"600 Robert Moses State Parkway Babylon, NY 11702",Yes,https://parks.ny.gov/visit/state-parks/robert-moses-state-park-long-island
New York,Robert Moses State Park - Thousand Islands,Saint Lawrence,"32 Beach Marina Road Massena, NY 13662",Yes,https://parks.ny.gov/visit/state-parks/robert-moses-state-park-thousand-islands
New York,Robert V. Riddell State Park,Otsego,,,https://parks.ny.gov/visit/state-parks/robert-v-riddell-state-park
New York,Roberto Clemente State Park,Bronx,"301 West Tremont Avenue Bronx, NY 10453",No,https://parks.ny.gov/visit/state-parks/roberto-clemente-state-park
New York,Rock Island Lighthouse State Park,Jefferson,,,https://parks.ny.gov/visit/state-parks/rock-island-lighthouse-state-park
New York,Rockefeller State Park Preserve,Westchester,"125 Phelps Way Pleasantville, NY 10570",Yes,https://parks.ny.gov/visit/state-parks/rockefeller-state-park-preserve
New York,Rockland Lake State Park,Rockland,"299 Rockland Lake Rd. Valley Cottage, NY 10989",Yes,https://parks.ny.gov/visit/state-parks/rockland-lake-state-park
New York,Sampson State Park,Seneca,"6096 Route 96A Romulus, NY 14541",Yes,https://parks.ny.gov/visit/state-parks/sampson-state-park
New York,Sandy Island Beach State Park,Oswego,"3387 County Route 15 Pulaski, NY 13142",Yes,https://parks.ny.gov/visit/state-parks/sandy-island-beach-state-park
New York,Saratoga Lake State Boat Launch,Saratoga,"1466 NY-9P Saratoga Springs, NY 12866",No,https://parks.ny.gov/visit/state-parks/saratoga-lake-state-boat-launch
New York,Saratoga Spa State Park,Saratoga,"19 Roosevelt Drive Saratoga Springs, NY 12866 ~ 19 Roosevelt Dr. Saratoga Springs, NY 12866",Yes,https://parks.ny.gov/visit/state-parks/saratoga-spa-state-park
New York,Schodack Island State Park,Rensselaer,"1 Schodack Island Way Schodack Landing, NY 12156",Yes,https://parks.ny.gov/visit/state-parks/schodack-island-state-park
New York,Schunnemunk State Park,Orange,"116 Old Forge Road, Tuxedo, NY 10987",No,https://parks.ny.gov/visit/state-parks/schunnemunk-state-park
New York,Sebago Cabin Camp - Harriman State Park,"Rockland, Orange",,,https://parks.ny.gov/visit/state-parks/sebago-cabin-camp-harriman-state-park
New York,Selkirk Shores State Park,Oswego,"7101 State Route #3 Pulaski, NY 13142",No,https://parks.ny.gov/visit/state-parks/selkirk-shores-state-park
New York,Seneca Lake State Park,Seneca,"100 Waterloo-Geneva Road Geneva, NY 14456",Yes,https://parks.ny.gov/visit/state-parks/seneca-lake-state-park
New York,Shadmoor State Park,Suffolk,"900 Montauk Highway Montauk, NY 11954",Yes,https://parks.ny.gov/visit/state-parks/shadmoor-state-park
New York,Shirley Chisholm State Park,Kings,"950 Fountain Avenue Brooklyn, NY 11239",No,https://parks.ny.gov/visit/state-parks/shirley-chisholm-state-park
New York,Silver Lake State Park,Wyoming,"4229 W Lake Road Castile, NY 14427",Yes,https://parks.ny.gov/visit/state-parks/silver-lake-state-park
New York,Silver Mine - Harriman State Park,Orange,,,https://parks.ny.gov/visit/state-parks/silver-mine-harriman-state-park
New York,Sojourner Truth State Park,Ulster,"100 Sojourner Truth Way Kingston, NY 12401",Yes,https://parks.ny.gov/visit/state-parks/sojourner-truth-state-park
New York,Southwick Beach State Park,Jefferson,"8119 Southwicks Place Henderson, NY 13650",Yes,https://parks.ny.gov/visit/state-parks/southwick-beach-state-park
New York,State Park at the Fair,Onondaga,"6105 E. Seneca Turnpike Jamesville, NY 13078",Yes,https://parks.ny.gov/visit/state-parks/state-park-fair
New York,Sterling Forest State Park,Orange,"116 Old Forge Road Tuxedo, NY 10987",Yes,https://parks.ny.gov/visit/state-parks/sterling-forest-state-park
New York,Stony Brook State Park,Steuben,"10820 Route 36 South Dansville, NY 14437",No,https://parks.ny.gov/visit/state-parks/stony-brook-state-park
New York,Storm King State Park,Orange,,,https://parks.ny.gov/visit/state-parks/storm-king-state-park
New York,Sunken Meadow State Park (Governor Alfred E. Smith),Suffolk,"25A and Sunken Meadow Parkway Kings Park, NY 11754",No,https://parks.ny.gov/visit/state-parks/sunken-meadow-state-park-governor-alfred-e-smith
New York,Sunset Bay State Marine Park,Chautauqua,"12952 Allegany Road Irving, NY 14081",Yes,https://parks.ny.gov/visit/state-parks/sunset-bay-state-marine-park
New York,Taconic State Park - Copake Falls Area,Columbia,"253 Route 344 Copake Falls, NY 12517",No,https://parks.ny.gov/visit/state-parks/taconic-state-park-copake-falls-area
New York,Taconic State Park - Rudd Pond Area,Dutchess,"59 Rudd Drive Millerton, NY 12546",No,https://parks.ny.gov/visit/state-parks/taconic-state-park-rudd-pond-area
New York,Tallman Mountain State Park,Rockland,,Yes,https://parks.ny.gov/visit/state-parks/tallman-mountain-state-park
New York,Taughannock Falls State Park,Tompkins,"1740 Taughannock Blvd. Trumansburg, NY 14886",No,https://parks.ny.gov/visit/state-parks/taughannock-falls-state-park
New York,Thacher State Park,Albany,"830 Thacher Park Road Voorheesville, NY 12186",Yes,https://parks.ny.gov/visit/state-parks/thacher-state-park
New York,Thompson's Lake Campground - Thacher State Park,Albany,"68 Thompsons Lake Road East Berne, NY 12059",Yes,https://parks.ny.gov/visit/state-parks/thompsons-lake-campground-thacher-state-park
New York,Trail View State Park,"Nassau, Suffolk","25 Lloyd Harbor Road Huntington, NY 11743 ~ 8131 Jericho Turnpike Woodbury, NY 11797",Yes,https://parks.ny.gov/visit/state-parks/trail-view-state-park
New York,Two Rivers State Park Recreation Area,Tioga,,,https://parks.ny.gov/visit/state-parks/two-rivers-state-park-recreation-area
New York,Valley Stream State Park,Nassau,,,https://parks.ny.gov/visit/state-parks/valley-stream-state-park
New York,Verona Beach State Park,Oneida,"245 Verona Beach, NY 13162 ~ 6541 Lakeshore Road South, Route 13 Verona Beach, NY 13162",No,https://parks.ny.gov/visit/state-parks/verona-beach-state-park
New York,Walkway Over the Hudson State Historic Park,"Ulster, Dutchess","87 Haviland Rd., Highland, NY 12528 ~ 87 Haviland Road, NY 12528 ~ 61 Parker Avenue, Poughkeepsie, NY 12601 ~ 61 Parker Avenue Poughkeepsie, NY 12601 ~ 87 Haviland Rd. Highland, NY 12528",Yes,https://parks.ny.gov/visit/state-parks/walkway-over-hudson-state-historic-park
New York,Waterson Point State Park,Jefferson,"44927 Cross Island Road Fineview, NY 13640",No,https://parks.ny.gov/visit/state-parks/waterson-point-state-park
New York,Watkins Glen State Park,Schuyler,"1009 N Franklin St Watkins Glen, NY 14891 ~ 1009 N. Franklin St, Watkins Glen, NY 14891 ~ 3530 Route 419, Watkins Glen, NY 14891 ~ 3310 Route 409, Watkins Glen, NY 14891",No,https://parks.ny.gov/visit/state-parks/watkins-glen-state-park
New York,Wellesley Island State Park,Jefferson,"44927 Cross Island Road Fineview, NY 13640",Yes,https://parks.ny.gov/visit/state-parks/wellesley-island-state-park
New York,Westcott Beach State Park,Jefferson,,Yes,https://parks.ny.gov/visit/state-parks/westcott-beach-state-park
New York,Whetstone Gulf State Park,Lewis,"6065 West Rd. Lowville, NY 13367",No,https://parks.ny.gov/visit/state-parks/whetstone-gulf-state-park
New York,Wildwood State Park,Suffolk,"790 Hulse Landing Road Wading River, NY 11792",No,https://parks.ny.gov/visit/state-parks/wildwood-state-park
New York,Wilson-Tuscarora State Park,Niagara,"3371 Lake Road Wilson, NY 14172",Yes,https://parks.ny.gov/visit/state-parks/wilson-tuscarora-state-park
New York,Wonder Lake State Park,Putnam,"380 Ludingtonville Road Holmes, NY 12531",No,https://parks.ny.gov/visit/state-parks/wonder-lake-state-park
New York,Woodlawn Beach State Park,Erie,"3580 Lakeshore Rd Blasdell, NY 14219",Yes,https://parks.ny.gov/visit/state-parks/woodlawn-beach-state-park
North Carolina,Bobs Creek State Natural Area,McDowell,,No,https://www.ncparks.gov/state-parks/bobs-creek-state-natural-area
North Carolina,Carolina Beach State Park,New Hanover,"1010 State Park Road, Carolina Beach, NC 28428",Yes,https://www.ncparks.gov/state-parks/carolina-beach-state-park
North Carolina,Carvers Creek State Park,Cumberland,"2505 Long Valley Road, Spring Lake, NC 28390",No,https://www.ncparks.gov/state-parks/carvers-creek-state-park
North Carolina,Chimney Rock State Park,Rutherford,"743 Chimney Rock Park Road, Chimney Rock, NC 28720",No,https://www.ncparks.gov/state-parks/chimney-rock-state-park
North Carolina,Cliffs Neuse State Park,Wayne,"240 Park Entrance Road, Seven Springs, NC 28578",Yes,https://www.ncparks.gov/state-parks/cliffs-neuse-state-park
North Carolina,Crowders Mountain State Park,Gaston,"Lane, Kings Mountain, NC 28086",Yes,https://www.ncparks.gov/state-parks/crowders-mountain-state-park
North Carolina,Dismal Swamp State Park,Camden,"2294 U.S. 17 N., South Mills, NC 27976",Yes,https://www.ncparks.gov/state-parks/dismal-swamp-state-park
North Carolina,Elk Knob State Park,Watauga,"5564 Meat Camp Road, Todd, NC 28684",No,https://www.ncparks.gov/state-parks/elk-knob-state-park
North Carolina,Eno River State Park,"Durham, Orange","6131 Cole Mill Road, Durham, NC 27705",Yes,https://www.ncparks.gov/state-parks/eno-river-state-park
North Carolina,Falls Lake State Recreation Area,"Wake, Durham","13304 Creedmoor Road, Wake Forest, NC 27587",Yes,https://www.ncparks.gov/state-parks/falls-lake-state-recreation-area
North Carolina,Fort Fisher State Recreation Area,New Hanover,"1000 Loggerhead Road, Kure Beach, NC 28449",No,https://www.ncparks.gov/state-parks/fort-fisher-state-recreation-area
North Carolina,Fort Macon State Park,Carteret,"2303 E. Fort Macon Road, Atlantic Beach, NC 28512",Yes,https://www.ncparks.gov/state-parks/fort-macon-state-park
North Carolina,Goose Creek State Park,Beaufort,"2190 Camp Leach Road, Washington, NC 27889",Yes,https://www.ncparks.gov/state-parks/goose-creek-state-park
North Carolina,Gorges State Park,Transylvania,"976 Grassy Ridge Road, Sapphire, NC 28774",Yes,https://www.ncparks.gov/state-parks/gorges-state-park
North Carolina,Grandfather Mountain State Park,Watauga,"9872 N.C. 105 S., Suite 6, Banner Elk, NC 28604",No,https://www.ncparks.gov/state-parks/grandfather-mountain-state-park
North Carolina,Hammocks Beach State Park,Onslow,"1572 Hammock Beach Road, Swansboro, NC 28584",Yes,https://www.ncparks.gov/state-parks/hammocks-beach-state-park
North Carolina,Hanging Rock State Park,Stokes,"1790 Hanging Rock Park Road, Danbury, NC 27016",Yes,https://www.ncparks.gov/state-parks/hanging-rock-state-park
North Carolina,Haw River State Park,Rockingham,"339 Conference Center Drive Browns Summit, NC 27214",No,https://www.ncparks.gov/state-parks/haw-river-state-park
North Carolina,Jockeys Ridge State Park,Dare,"300 W. Carolista Drive, Nags Head, NC 27959",Yes,https://www.ncparks.gov/state-parks/jockeys-ridge-state-park
North Carolina,Jones Lake State Park,Bladen,"4117 N.C. 242 N., Elizabethtown, NC 28337",Yes,https://www.ncparks.gov/state-parks/jones-lake-state-park
North Carolina,Jordan Lake State Recreation Area,Chatham,"280 State Park Road, Apex, NC 27523",Yes,https://www.ncparks.gov/state-parks/jordan-lake-state-recreation-area
North Carolina,Kerr Lake State Recreation Area,Vance,"6254 Satterwhite Point Road, Henderson, NC 27537",Yes,https://www.ncparks.gov/state-parks/kerr-lake-state-recreation-area
North Carolina,Lake James State Park,McDowell,"2229 Lake James State Park Road Nebo, NC 28761",Yes,https://www.ncparks.gov/state-parks/lake-james-state-park
North Carolina,Lake Norman State Park,Iredell,"759 State Park Road, Troutman, NC 28166",Yes,https://www.ncparks.gov/state-parks/lake-norman-state-park
North Carolina,Lake Waccamaw State Park,Columbus,"1866 State Park Drive, Lake Waccamaw, NC 28450",Yes,https://www.ncparks.gov/state-parks/lake-waccamaw-state-park
North Carolina,Lower Haw River State Natural Area,Chatham,"160 Bynum Church Road, Pittsboro, NC 27312",No,https://www.ncparks.gov/state-parks/lower-haw-river-state-natural-area
North Carolina,Lumber River State Park,Robeson,"2819 Princess Ann Road, Orrum, NC 28369",No,https://www.ncparks.gov/state-parks/lumber-river-state-park
North Carolina,Mayo River State Park,Rockingham,"500 Old Mayo Park Road, Mayodan, NC 27027",No,https://www.ncparks.gov/state-parks/mayo-river-state-park
North Carolina,Medoc Mountain State Park,Halifax,"1541 Medoc State Park Road, Hollister, NC 27844",Yes,https://www.ncparks.gov/state-parks/medoc-mountain-state-park
North Carolina,Merchants Millpond State Park,Gates,"176 Millpond Road, Gatesville, NC 27938",Yes,https://www.ncparks.gov/state-parks/merchants-millpond-state-park
North Carolina,Morrow Mountain State Park,Stanly,"49104 Morrow Mountain Road, Albemarle, NC 28001",No,https://www.ncparks.gov/state-parks/morrow-mountain-state-park
North Carolina,Mount Jefferson State Natural Area,Ashe,"1481 Mount Jefferson State Park Road, West Jefferson, NC 28694",No,https://www.ncparks.gov/state-parks/mount-jefferson-state-natural-area
North Carolina,Mount Mitchell State Park,Yancey,"2388 N.C. 128, Burnsville, NC 28714",No,https://www.ncparks.gov/state-parks/mount-mitchell-state-park
North Carolina,New River State Park,Ashe,"358 New River State Park Road, Laurel Springs, NC 28644",Yes,https://www.ncparks.gov/state-parks/new-river-state-park
North Carolina,Occoneechee Mountain State Natural Area,Orange,"625 Virginia Cates Road, Hillsborough, NC 27278",No,https://www.ncparks.gov/state-parks/occoneechee-mountain-state-natural-area
North Carolina,Pettigrew State Park,Washington,"2252 Lake Shore Road, Creswell, NC 27928",No,https://www.ncparks.gov/state-parks/pettigrew-state-park
North Carolina,Pilot Mountain State Park,Surry,"1721 Pilot Knob Park Road, Pinnacle, NC 27043",Yes,https://www.ncparks.gov/state-parks/pilot-mountain-state-park
North Carolina,Pisgah View State Park,Buncombe,,No,https://www.ncparks.gov/state-parks/pisgah-view-state-park
North Carolina,Raven Rock State Park,Harnett,"3009 Raven Rock Road, Lillington, NC 27546",Yes,https://www.ncparks.gov/state-parks/raven-rock-state-park
North Carolina,Rendezvous Mountain,Wilkes,"1956 Rendezvous Mountain Road, Purlear, NC 28665",No,https://www.ncparks.gov/state-parks/rendezvous-mountain
North Carolina,Salmon Creek State Natural Area,Bertie,,No,https://www.ncparks.gov/state-parks/salmon-creek-state-natural-area
North Carolina,Singletary Lake State Park,Bladen,"6707 N.C. 53 E., Kelly, NC 28448",No,https://www.ncparks.gov/state-parks/singletary-lake-state-park
North Carolina,South Mountains State Park,Burke,"3001 South Mountain Park Ave., Connelly Springs, NC 28612",Yes,https://www.ncparks.gov/state-parks/south-mountains-state-park
North Carolina,Stone Mountain State Park,Wilkes,"3042 Frank Parkway, Roaring Gap, NC 28668",Yes,https://www.ncparks.gov/state-parks/stone-mountain-state-park
North Carolina,Weymouth Woods Sandhills Nature Preserve,Moore,"1024 Fort Bragg Road, Southern Pines, NC 28387",Yes,https://www.ncparks.gov/state-parks/weymouth-woods-sandhills-nature-preserve
North Carolina,William B Umstead State Park,Wake,"8801 Glenwood Ave., Raleigh, NC 27617",Yes,https://www.ncparks.gov/state-parks/william-b-umstead-state-park
North Dakota,Beaver Lake State Park,Logan,"3850 70th St. SE Wishek, ND 58495",No,https://www.parkrec.nd.gov/beaver-lake-state-park
North Dakota,Cross Ranch State Park,Oliver,"1403 River Road Center, ND 58530",Yes,https://www.parkrec.nd.gov/cross-ranch-state-park
North Dakota,Crow Flies High State Recreation Area,Mountrail,,,https://www.parkrec.nd.gov/crow-flies-high-state-recreation-area
North Dakota,Fort Abraham Lincoln State Park,Morton,"4480 Fort Lincoln Road, Mandan, ND 58554",Yes,https://www.parkrec.nd.gov/fort-abraham-lincoln-state-park
North Dakota,Fort Ransom State Park,Ransom,"5981 Walt Hjelle Parkway Fort Ransom, ND 58033",Yes,https://www.parkrec.nd.gov/fort-ransom-state-park
North Dakota,Fort Stevenson State Park,McLean,"1252A 41st Avenue NW Garrison, ND 58540",No,https://www.parkrec.nd.gov/fort-stevenson-state-park
North Dakota,Grahams Island State Park,Benson,"152 S. Duncan Road Devils Lake, ND 58301",No,https://www.parkrec.nd.gov/grahams-island-state-park
North Dakota,Gunlogson State Nature Preserve,Pembina,,,https://www.parkrec.nd.gov/gunlogson-state-nature-preserve
North Dakota,Icelandic State Park,Pembina,"13571 Highway 5 Cavalier, ND 58220",No,https://www.parkrec.nd.gov/icelandic-state-park
North Dakota,Lake Metigoshe State Park,Bottineau,"2 Lake Metigoshe State Park Bottineau, ND 58318",No,https://www.parkrec.nd.gov/lake-metigoshe-state-park
North Dakota,Lake Sakakawea State Park,Mercer,"720 Park Ave Pick City, ND 58545",Yes,https://www.parkrec.nd.gov/lake-sakakawea-state-park
North Dakota,Lewis & Clark State Park,Williams,"4904 119th Road NW Epping, ND 58843",Yes,https://www.parkrec.nd.gov/lewis-clark-state-park
North Dakota,Little Metigoshe State Recreation Area,Bottineau,,,https://www.parkrec.nd.gov/little-metigoshe-state-recreation-area
North Dakota,Little Missouri State Park,Dunn,"910 103rd Ave NW Killdeer, ND 58640",No,https://www.parkrec.nd.gov/little-missouri-state-park-0
North Dakota,Pembina Gorge State Park,Cavalier,"10457 121st Ave NE Walhalla, ND 58282",No,https://www.parkrec.nd.gov/pembina-gorge-state-park
North Dakota,Rough Rider State Park,Billings,"1465 36th St, Medora, ND 58645",,https://www.parkrec.nd.gov/rough-rider-state-park
North Dakota,Turtle Mountain State Recreation Area,Rolette,,,https://www.parkrec.nd.gov/turtle-mountain-state-recreation-area
North Dakota,Turtle River State Park,Grand Forks,"3084 Park Avenue Arvilla, ND 58214",Yes,https://www.parkrec.nd.gov/turtle-river-state-park
Ohio,Adams Lake State Park,Adams,"14633 State Route 41, West Union, OH 45693",,https://ohiodnr.gov/go-and-do/plan-a-visit/find-a-property/adams-lake-state-park
Ohio,Alum Creek State Park,Delaware,"3615 South Old State Road, Delaware, OH 43015",,https://ohiodnr.gov/go-and-do/plan-a-visit/find-a-property/alum-creek-state-park
Ohio,Barkcamp State Park,Belmont,"65330 Barkcamp Park Road, Belmont, OH 43718",,https://ohiodnr.gov/go-and-do/plan-a-visit/find-a-property/barkcamp-state-park
Ohio,Beaver Creek State Park,Columbiana,"12021 Echo Dell Road, East Liverpool, OH 43920",,https://ohiodnr.gov/go-and-do/plan-a-visit/find-a-property/beaver-creek-state-park
Ohio,Blue Rock State Park,Muskingum,"7924 Cutler Lake Road, Blue Rock, OH 43720",,https://ohiodnr.gov/go-and-do/plan-a-visit/find-a-property/blue-rock-state-park
Ohio,Buck Creek State Park,Clark,"1976 Buck Creek Lane, Springfield, OH 45502",,https://ohiodnr.gov/go-and-do/plan-a-visit/find-a-property/buck-creek-state-park
Ohio,Buckeye Lake State Park,"Licking, Fairfield","2871 Liebs Island Rd., Millersport, OH 43046",,https://ohiodnr.gov/go-and-do/plan-a-visit/find-a-property/buckeye-lake-state-park
Ohio,Burr Oak State Park,Morgan,"10220 Burr Oak Lodge Rd., Glouster, OH 45732",,https://ohiodnr.gov/go-and-do/plan-a-visit/find-a-property/burr-oak-state-park
Ohio,Caesar Creek State Park,Warren,"8570 E. Sr 73, Waynesville, OH 45068",,https://ohiodnr.gov/go-and-do/plan-a-visit/find-a-property/caesar-creek-state-park
Ohio,Catawba Island State Park,Ottawa,"1169 N. Buck Rd., Lakeside, OH 43440",,https://ohiodnr.gov/go-and-do/plan-a-visit/find-a-property/catawba-island-state-park
Ohio,Cowan Lake State Park,Clinton,"1750 Osborn Rd., Wilmington, OH 45177",,https://ohiodnr.gov/go-and-do/plan-a-visit/find-a-property/cowan-lake-state-park
Ohio,Deer Creek State Park,Pickaway,"20635 State Park Rd 20, Mount Sterling, OH 43143",,https://ohiodnr.gov/go-and-do/plan-a-visit/find-a-property/deer-creek-state-park
Ohio,Delaware State Park,Delaware,"5202 US Hwy 23 North, Delaware, OH 43015",,https://ohiodnr.gov/go-and-do/plan-a-visit/find-a-property/delaware-state-park
Ohio,Dillon State Park,Muskingum,"5265 Dillon Hills Drive, Nashport, OH 43830",,https://ohiodnr.gov/go-and-do/plan-a-visit/find-a-property/dillon-state-park
Ohio,East Fork State Park,Clermont,"3294 Elklick Road, Bethel, OH 45106",,https://ohiodnr.gov/go-and-do/plan-a-visit/find-a-property/east-fork-state-park
Ohio,East Harbor State Park,Ottawa,"1169 North Buck Road, Lakeside-Marblehead, OH 43440",,https://ohiodnr.gov/go-and-do/plan-a-visit/find-a-property/east-harbor-state-park
Ohio,Findley State Park,Lorain,"25381 State Route 58, Wellington, OH 44090",,https://ohiodnr.gov/go-and-do/plan-a-visit/find-a-property/findley-state-park
Ohio,Forked Run State Park,Meigs,"P.O. Box 127, Reedsville, OH 45772",,https://ohiodnr.gov/go-and-do/plan-a-visit/find-a-property/forked-run-state-park
Ohio,Geneva State Park,Ashtabula,"4499 Pandanarum Rd., Geneva, OH 44041",,https://ohiodnr.gov/go-and-do/plan-a-visit/find-a-property/geneva-state-park
Ohio,Grand Lake St Marys State Park,"Mercer, Auglaize","834 Edgewater Drive, Saint Marys, OH 45885",,https://ohiodnr.gov/go-and-do/plan-a-visit/find-a-property/grand-lake-st-marys-state-park
Ohio,Great Seal State Park,Ross,"C/O Tar Hollow State Park, Laurelville, OH 43135",,https://ohiodnr.gov/go-and-do/plan-a-visit/find-a-property/great-seal-state-park
Ohio,Guilford Lake State Park,Columbiana,"6835 East Lake Road, Lisbon, OH 44432",,https://ohiodnr.gov/go-and-do/plan-a-visit/find-a-property/guilford-lake-state-park
Ohio,Harrison Lake State Park,Fulton,"26246 Harrison Lake Road, Fayette, OH 43521",,https://ohiodnr.gov/go-and-do/plan-a-visit/find-a-property/harrison-lake-state-park
Ohio,Headlands Beach State Park,Lake,"C/O Geneva State Park, Geneva, OH 44041",,https://ohiodnr.gov/go-and-do/plan-a-visit/find-a-property/headlands-beach-state-park
Ohio,Hocking Hills State Park,Hocking,"19852 St. Rt 664 S, Logan, OH 43138",,https://ohiodnr.gov/go-and-do/plan-a-visit/find-a-property/hocking-hills-state-park
Ohio,Hueston Woods State Park,"Preble, Butler","6301 Park Office Road, College Corner, OH 45003",,https://ohiodnr.gov/go-and-do/plan-a-visit/find-a-property/hueston-woods-state-park
Ohio,Independence Dam State Park,Defiance,"27722 St. Rt. 424, Defiance, OH 43512",,https://ohiodnr.gov/go-and-do/plan-a-visit/find-a-property/independence-dam-state-park
Ohio,Indian Lake State Park,Logan,"13156 St. Rt. 235 N., Lakeview, OH 43331",,https://ohiodnr.gov/go-and-do/plan-a-visit/find-a-property/indian-lake-state-park
Ohio,Jackson Lake State Park,Jackson,"921 Tommy Bean Rd., Oak Hill, OH 45656",,https://ohiodnr.gov/go-and-do/plan-a-visit/find-a-property/jackson-lake-state-park
Ohio,Jefferson Lake State Park,Jefferson,"501 Township Road 261A, Richmond, OH 43944",,https://ohiodnr.gov/go-and-do/plan-a-visit/find-a-property/jefferson-lake-state-park
Ohio,John Bryan State Park,Greene,"3790 State Route 370, Yellow Springs, OH 45387",,https://ohiodnr.gov/go-and-do/plan-a-visit/find-a-property/john-bryan-state-park
Ohio,Kelleys Island State Park,Erie,"P.O. Box 851, Kelleys Island, OH 43438",,https://ohiodnr.gov/go-and-do/plan-a-visit/find-a-property/kelleys-island-state-park
Ohio,Kiser Lake State Park,Champaign,"4370 Kiser Lake Road, St. Paris, OH 43072",,https://ohiodnr.gov/go-and-do/plan-a-visit/find-a-property/kiser-lake-state-park
Ohio,Lake Alma State Park,Vinton,"422 Lake Alma Road, Wellston, OH 45692",,https://ohiodnr.gov/go-and-do/plan-a-visit/find-a-property/lake-alma-state-park
Ohio,Lake Hope State Park,Vinton,"27331 State Route 278, McArthur, OH 45651",,https://ohiodnr.gov/go-and-do/plan-a-visit/find-a-property/lake-hope-state-park
Ohio,Lake Logan State Park,Hocking,"C/O Hocking Hills State Park, Logan, OH 43138",,https://ohiodnr.gov/go-and-do/plan-a-visit/find-a-property/lake-logan-state-park
Ohio,Lake Loramie State Park,Shelby,"4401 Ft. Loramie Swanders Rd., Minster, OH 45865",,https://ohiodnr.gov/go-and-do/plan-a-visit/find-a-property/lake-loramie-state-park
Ohio,Lake Milton State Park,Mahoning,"16645 Shillings Road, Berlin Center, OH 44401",Yes,https://ohiodnr.gov/go-and-do/plan-a-visit/find-a-property/lake-milton-state-park
Ohio,Lake White State Park,Pike,"2767 State Route 551, Waverly, OH 45690",,https://ohiodnr.gov/go-and-do/plan-a-visit/find-a-property/lake-white-state-park
Ohio,Little Miami State Park,"Hamilton, Clermont, Greene, Warren",,,https://ohiodnr.gov/go-and-do/plan-a-visit/find-a-property/little-miami-state-park
Ohio,Madison Lake State Park,Madison,,,https://ohiodnr.gov/go-and-do/plan-a-visit/find-a-property/madison-lake-state-park
Ohio,Malabar Farm State Park,Richland,"4050 Bromfield Road, Lucas, OH 44843",,https://ohiodnr.gov/go-and-do/plan-a-visit/find-a-property/malabar-farm-state-park
Ohio,Marblehead Lighthouse State Park,Ottawa,,,https://ohiodnr.gov/go-and-do/plan-a-visit/find-a-property/marblehead-lighthouse-state-park
Ohio,Mary Jane Thurston State Park,Wood,"1466 State Route 65, McClure, OH 43534",,https://ohiodnr.gov/go-and-do/plan-a-visit/find-a-property/mary-jane-thurston-state-park
Ohio,Maumee Bay State Park,Lucas,"1400 State Park Road, Oregon, OH 43616",,https://ohiodnr.gov/go-and-do/plan-a-visit/find-a-property/maumee-bay-state-park
Ohio,Mosquito Lake State Park,Trumbull,"1439 State Route 305, Cortland, OH 44410",,https://ohiodnr.gov/go-and-do/plan-a-visit/find-a-property/mosquito-lake-state-park
Ohio,Mt. Gilead State Park,Morrow,"C/O Alum Creek State Park; 3305 S. Old State Road, Delaware, OH 43015",,https://ohiodnr.gov/go-and-do/plan-a-visit/find-a-property/mt-gilead-state-park
Ohio,Muskingum River State Park,Muskingum,"1154 River Road Marietta, OH 45750",Yes,https://ohiodnr.gov/go-and-do/plan-a-visit/find-a-property/muskingum-river-state-park
Ohio,North Bass Island State Park,Ottawa,"c/o South Bass Island State Park, Put-In-Bay, OH 43456",,https://ohiodnr.gov/go-and-do/plan-a-visit/find-a-property/north-bass-island-state-park
Ohio,Oak Point State Park,Ottawa,,,https://ohiodnr.gov/go-and-do/plan-a-visit/find-a-property/oak-point-state-park
Ohio,Paint Creek State Park,Highland,"280 Taylor Rd., Bainbridge, OH 45612",,https://ohiodnr.gov/go-and-do/plan-a-visit/find-a-property/paint-creek-state-park
Ohio,Pike Lake State Park,Pike,"1847 Pike Lake Road, Bainbridge, OH 45612",,https://ohiodnr.gov/go-and-do/plan-a-visit/find-a-property/pike-lake-state-park
Ohio,Portage Lakes State Park,"Summit, Stark","c/o Wingfoot Lake State Park; 993 Goodyear Park Blvd., Mogadore, OH 44260",,https://ohiodnr.gov/go-and-do/plan-a-visit/find-a-property/portage-lakes-state-park
Ohio,Punderson State Park,Geauga,"P.O. Box 338, Newbury, OH 44065",,https://ohiodnr.gov/go-and-do/plan-a-visit/find-a-property/punderson-state-park
Ohio,Pymatuning State Park,Ashtabula,"6100 Pymatuning Lake Road, Andover, OH 44003",,https://ohiodnr.gov/go-and-do/plan-a-visit/find-a-property/pymatuning-state-park
Ohio,Quail Hollow State Park,Stark,,,https://ohiodnr.gov/go-and-do/plan-a-visit/find-a-property/quail-hollow-state-park
Ohio,Rocky Fork State Park,Highland,"9800 North Shore Drive, Hillsboro, OH 45133",,https://ohiodnr.gov/go-and-do/plan-a-visit/find-a-property/rocky-fork-state-park
Ohio,Salt Fork State Park,Guernsey,"14755 Cadiz Rd., Lore City, OH 43755",,https://ohiodnr.gov/go-and-do/plan-a-visit/find-a-property/salt-fork-state-park
Ohio,Scioto Trail State Park,Ross,"C/O Tar Hollow State Park, Laurelville, OH 43135",,https://ohiodnr.gov/go-and-do/plan-a-visit/find-a-property/scioto-trail-state-park
Ohio,Shawnee State Park,Scioto,"4404 State Route 125, Portsmouth, OH 45663",,https://ohiodnr.gov/go-and-do/plan-a-visit/find-a-property/shawnee-state-park
Ohio,South Bass Island State Park,Ottawa,"P.O. Box 326, Put in Bay, OH 43456",,https://ohiodnr.gov/go-and-do/plan-a-visit/find-a-property/south-bass-island-state-park
Ohio,Stonelick State Park,Clermont,"2895 Lake Dr., Pleasant Plain, OH 45162",,https://ohiodnr.gov/go-and-do/plan-a-visit/find-a-property/stonelick-state-park
Ohio,Strouds Run State Park,Athens,"11661 State Park Rd., Athens, OH 45701",,https://ohiodnr.gov/go-and-do/plan-a-visit/find-a-property/strouds-run-state-park
Ohio,Sycamore State Park,Montgomery,"4675 North Diamond Road, Trotwood, OH 45426",,https://ohiodnr.gov/go-and-do/plan-a-visit/find-a-property/sycamore-state-park
Ohio,Tar Hollow State Park,"Ross, Hocking","16396 Tar Hollow Road, Londonderry, OH 45647",,https://ohiodnr.gov/go-and-do/plan-a-visit/find-a-property/tar-hollow-state-park
Ohio,Tinkers Creek State Park,Portage,,,https://ohiodnr.gov/go-and-do/plan-a-visit/find-a-property/tinkers-creek-state-park
Ohio,Van Buren State Park,Hancock,"13591 Township Road 218, Van Buren, OH 45889",,https://ohiodnr.gov/go-and-do/plan-a-visit/find-a-property/van-buren-state-park
Ohio,Wingfoot Lake State Park,Portage,"993 Goodyear Park Blvd., Suffield, OH 44260",,https://ohiodnr.gov/go-and-do/plan-a-visit/find-a-property/wingfoot-lake-state-park
Ohio,Wolf Run State Park,Noble,"16170 Wolf Run Road, Caldwell, OH 43724",,https://ohiodnr.gov/go-and-do/plan-a-visit/find-a-property/wolf-run-state-park
Oklahoma,Alabaster Caverns State Park,Woodward,"217036 SH 50A Freedom, OK 73842",No,https://www.travelok.com/state-parks/alabaster-caverns-state-park
Oklahoma,Arrowhead State Park,Pittsburg,"3995 Main Park Rd Canadian, OK 74425",No,https://www.travelok.com/listings/view.profile/id.293
Oklahoma,Beavers Bend State Park,McCurtain,"4350 S Hwy 259A Broken Bow, OK 74728",Yes,https://www.travelok.com/state-parks/beavers-bend-state-park
Oklahoma,Black Mesa State Park,Cimarron,"11546 N Lake Rd Kenton, OK 73946",No,https://www.travelok.com/listings/view.profile/id.631
Oklahoma,Boiling Springs State Park,Woodward,"207745 Boiling Springs Rd Woodward, OK 73801",No,https://www.travelok.com/state-parks/boiling-springs-state-park
Oklahoma,Cherokee Landing State Park,Cherokee,"28610 Park 20 Park Hill, OK 74451",No,https://www.travelok.com/state-parks/cherokee-landing-state-park
Oklahoma,Clayton Lake State Park,Pushmataha,"170591 US Hwy 271 Clayton, OK 74536",No,https://www.travelok.com/state-parks/clayton-lake-state-park
Oklahoma,Fort Cobb State Park,Caddo,"27022 Copperhead Rd Fort Cobb, OK 73038",No,https://www.travelok.com/state-parks/fort-cobb-state-park
Oklahoma,Foss State Park,"Custer, Washita","10252 Hwy 44 Foss, OK 73647",No,https://www.travelok.com/state-parks/foss-state-park
Oklahoma,Gloss Mountain State Park,Major,,No,https://www.travelok.com/listings/view.profile/id.3030
Oklahoma,Grand Lake: Bernice State Park,Delaware,"54101 E Hwy 85 A Bernice, OK 74331",Yes,https://www.travelok.com/listings/view.profile/id.477
Oklahoma,Grand Lake: Cherokee State Park,Delaware,,No,https://www.travelok.com/listings/view.profile/id.1302
Oklahoma,Grand Lake: Disney State Park,Delaware,"232 Cliff Heights Disney, OK 74350",No,https://www.travelok.com/listings/view.profile/id.25420
Oklahoma,Grand Lake: Honey Creek State Park,Delaware,"901 State Park Rd Grove, OK 74344",No,https://www.travelok.com/listings/view.profile/id.3617
Oklahoma,Grand Lake: Little Blue State Park,Delaware,"28 E Disney, OK 74340",Yes,https://www.travelok.com/listings/view.profile/id.2251
Oklahoma,Grand Lake: Spavinaw State Park,Mayes,"555 S Main St Spavinaw, OK 74366",No,https://www.travelok.com/listings/view.profile/id.7148
Oklahoma,Grand Lake: Twin Bridges State Park,Ottawa,"14820 S Hwy 137 Miami, OK 74354",No,https://www.travelok.com/listings/view.profile/id.8250
Oklahoma,Great Plains State Park,Kiowa,,No,https://www.travelok.com/state-parks/great-plains-state-park
Oklahoma,Greenleaf State Park,Muskogee,"12022 Greenleaf Rd Braggs, OK 74423",No,https://www.travelok.com/state-parks/greenleaf-state-park
Oklahoma,Keystone State Park,Tulsa,"1926 S Hwy 151 Sand Springs, OK 74063",No,https://www.travelok.com/state-parks/keystone-state-park
Oklahoma,Lake Eufaula State Park,McIntosh,"111563 Hwy 150 Checotah, OK 74426",Yes,https://www.travelok.com/state-parks/lake-eufaula-state-park
Oklahoma,Lake Murray State Park,"Carter, Love","13528 Scenic Hwy 77 Ardmore, OK 73401",Yes,https://www.travelok.com/state-parks/lake-murray-state-park
Oklahoma,Lake Texoma State Park,Marshall,,No,https://www.travelok.com/state-parks/lake-texoma-state-park
Oklahoma,Lake Thunderbird State Park,Cleveland,"13101 Alameda Dr Norman, OK 73026",Yes,https://www.travelok.com/state-parks/lake-thunderbird-state-park
Oklahoma,Lake Wister State Park,"Le Flore, LeFlore","25679 US Hwy 270 Wister, OK 74966",No,https://www.travelok.com/state-parks/lake-wister-state-park
Oklahoma,Little Sahara State Park,Woods,"8951 US Hwy 281 Waynoka, OK 73860",No,https://www.travelok.com/state-parks/little-sahara-state-park
Oklahoma,McGee Creek State Park,Atoka,"5798 S McGee Creek Lake Rd Atoka, OK 74525",No,https://www.travelok.com/state-parks/mcgee-creek-state-park
Oklahoma,Natural Falls State Park,Delaware,,No,https://www.travelok.com/state-parks/natural-falls-state-park
Oklahoma,Osage Hills State Park,Osage,"2131 Osage Hills Park Rd Pawhuska, OK 74056",No,https://www.travelok.com/state-parks/osage-hills-state-park
Oklahoma,Quartz Mountain State Park,Greer,"14722 Highway 44a Lone Wolf, OK 73655",No,https://www.travelok.com/state-parks/quartz-mountain-state-park
Oklahoma,Raymond Gary State Park,Choctaw,"63 Box 1450 Fort Towson, OK 74735",No,https://www.travelok.com/state-parks/raymond-gary-state-park
Oklahoma,Robbers Cave State Park,Latimer,"2084 NW 146th Rd Wilburton, OK 74578",No,https://www.travelok.com/state-parks/robbers-cave-state-park
Oklahoma,Roman Nose State Park,Blaine,"3236 S Hwy 8A Watonga, OK 73772",No,https://www.travelok.com/state-parks/roman-nose-state-park
Oklahoma,Salt Plains State Park,Alfalfa,"23280 S Spillway Dr Jet, OK 73749",No,https://www.travelok.com/listings/view.profile/id.3204
Oklahoma,Sequoyah Bay State Park,Wagoner,,No,https://www.travelok.com/listings/view.profile/id.6729
Oklahoma,Sequoyah State Park,Cherokee,"17131 Park 10 Hulbert, OK 74441",Yes,https://www.travelok.com/state-parks/sequoyah-state-park
Oklahoma,Talimena State Park,"Le Flore, LeFlore","50884 Hwy 271 Talihina, OK 74571",No,https://www.travelok.com/state-parks/talimena-state-park
Oklahoma,Tenkiller State Park,Sequoyah,,Yes,https://www.travelok.com/state-parks/tenkiller-state-park
Oregon,Agate Beach State Recreation Site,Lincoln,,,https://stateparks.oregon.gov/index.cfm?do=park.profile&parkId=152
Oregon,Ainsworth State Park,Multnomah,,,https://stateparks.oregon.gov/index.cfm?do=park.profile&parkId=105
Oregon,Alderwood State Wayside,Lane,,,https://stateparks.oregon.gov/index.cfm?do=park.profile&parkId=59
Oregon,Alfred A. Loeb State Park,Curry,,,https://stateparks.oregon.gov/index.cfm?do=park.profile&parkId=51
Oregon,Arcadia Beach State Recreation Site,Clatsop,,,https://stateparks.oregon.gov/index.cfm?do=park.profile&parkId=135
Oregon,Arizona Beach State Recreation Site,Curry,,,https://stateparks.oregon.gov/index.cfm?do=park.profile&parkId=188
Oregon,Bald Peak State Scenic Viewpoint,Yamhill,,,https://stateparks.oregon.gov/index.cfm?do=park.profile&parkId=77
Oregon,Bandon State Natural Area,Coos,,,https://stateparks.oregon.gov/index.cfm?do=park.profile&parkId=45
Oregon,Banks-Vernonia State Trail,Washington,,,https://stateparks.oregon.gov/index.cfm?do=park.profile&parkId=104
Oregon,Bates State Park,Grant,,,https://stateparks.oregon.gov/index.cfm?do=park.profile&parkId=109
Oregon,Battle Mountain Forest State Scenic Corridor,Umatilla,,,https://stateparks.oregon.gov/index.cfm?do=park.profile&parkId=173
Oregon,Beachside State Recreation Site,Lincoln,,,https://stateparks.oregon.gov/index.cfm?do=park.profile&parkId=84
Oregon,Beaver Creek,Lincoln,,,https://stateparks.oregon.gov/index.cfm?do=park.profile&parkId=191
Oregon,Benson State Recreation Area,Multnomah,,,https://stateparks.oregon.gov/index.cfm?do=park.profile&parkId=106
Oregon,Beverly Beach State Park,Lincoln,,,https://stateparks.oregon.gov/index.cfm?do=park.profile&parkId=164
Oregon,Blue Mountain Forest State Scenic Corridor,Umatilla,,,https://stateparks.oregon.gov/index.cfm?do=park.profile&parkId=172
Oregon,Bob Straub State Park,Tillamook,,,https://stateparks.oregon.gov/index.cfm?do=park.profile&parkId=133
Oregon,Boiler Bay State Scenic Viewpoint,Lincoln,,,https://stateparks.oregon.gov/index.cfm?do=park.profile&parkId=153
Oregon,Bolon Island Tideways State Scenic Corridor,Douglas,,,https://stateparks.oregon.gov/index.cfm?do=park.profile&parkId=80
Oregon,Bonnie Lure State Recreation Area,Clackamas,,,https://stateparks.oregon.gov/index.cfm?do=park.profile&parkId=100
Oregon,Booth State Scenic Corridor,Lake,,,https://stateparks.oregon.gov/index.cfm?do=park.profile&parkId=37
Oregon,Bradley State Scenic Viewpoint,Clatsop,,,https://stateparks.oregon.gov/index.cfm?do=park.profile&parkId=127
Oregon,Brian Booth State Park,Lincoln,,,https://stateparks.oregon.gov/index.cfm?do=park.profile&parkId=146
Oregon,Bridal Veil Falls State Scenic Viewpoint,Multnomah,,,https://stateparks.oregon.gov/index.cfm?do=park.profile&parkId=107
Oregon,Bullards Beach State Park,Coos,,,https://stateparks.oregon.gov/index.cfm?do=park.profile&parkId=50
Oregon,Cape Arago State Park,Coos,,,https://stateparks.oregon.gov/index.cfm?do=park.profile&parkId=66
Oregon,Cape Blanco State Park,Curry,,,https://stateparks.oregon.gov/index.cfm?do=park.profile&parkId=44
Oregon,Cape Kiwanda State Natural Area,Tillamook,,,https://stateparks.oregon.gov/index.cfm?do=park.profile&parkId=130
Oregon,Cape Lookout State Park,Tillamook,,,https://stateparks.oregon.gov/index.cfm?do=park.profile&parkId=134
Oregon,Cape Meares State Scenic Viewpoint,Tillamook,,,https://stateparks.oregon.gov/index.cfm?do=park.profile&parkId=131
Oregon,Cape Sebastian State Scenic Corridor,Curry,,,https://stateparks.oregon.gov/index.cfm?do=park.profile&parkId=52
Oregon,Carl G. Washburne Memorial State Park,Lane,,,https://stateparks.oregon.gov/index.cfm?do=park.profile&parkId=85
Oregon,Catherine Creek State Park,Union,,,https://stateparks.oregon.gov/index.cfm?do=park.profile&parkId=11
Oregon,Champoeg State Heritage Area,Marion,"8239 Champoeg Rd NE, Saint Paul, OR 97137",No,https://stateparks.oregon.gov/index.cfm?do=park.profile&parkId=79
Oregon,Chandler State Wayside,Lake,,,https://stateparks.oregon.gov/index.cfm?do=park.profile&parkId=38
Oregon,Clay Myers State Natural Area at Whalen Island,Tillamook,,,https://stateparks.oregon.gov/index.cfm?do=park.profile&parkId=168
Oregon,Cline Falls State Scenic Viewpoint,Deschutes,,,https://stateparks.oregon.gov/index.cfm?do=park.profile&parkId=30
Oregon,Clyde Holliday State Recreation Site,Grant,,,https://stateparks.oregon.gov/index.cfm?do=park.profile&parkId=8
Oregon,Collier Memorial State Park,Klamath,,,https://stateparks.oregon.gov/index.cfm?do=park.profile&parkId=165
Oregon,Coquille Myrtle Grove State Natural Site,Coos,,,https://stateparks.oregon.gov/index.cfm?do=park.profile&parkId=46
Oregon,Cottonwood Canyon State Park,Sherman,,,https://stateparks.oregon.gov/index.cfm?do=park.profile&parkId=195
Oregon,Crissey Field State Recreation Site,Curry,,,https://stateparks.oregon.gov/index.cfm?do=park.profile&parkId=53
Oregon,D River State Recreation Site,Lincoln,,,https://stateparks.oregon.gov/index.cfm?do=park.profile&parkId=154
Oregon,Dabney State Recreation Area,Multnomah,,,https://stateparks.oregon.gov/index.cfm?do=park.profile&parkId=110
Oregon,Darlingtonia State Natural Site,Lane,,,https://stateparks.oregon.gov/index.cfm?do=park.profile&parkId=81
Oregon,Del Rey Beach State Recreation Site,Clatsop,,,https://stateparks.oregon.gov/index.cfm?do=park.profile&parkId=128
Oregon,Deschutes River State Recreation Area,Sherman,,,https://stateparks.oregon.gov/index.cfm?do=park.profile&parkId=29
Oregon,Detroit Lake State Recreation Area,Marion,,,https://stateparks.oregon.gov/index.cfm?do=park.profile&parkId=65
Oregon,Devil's Lake State Recreation Area,Lincoln,"1452 NE 6th Drive, Lincoln City, OR 97367",Yes,https://stateparks.oregon.gov/index.cfm?do=park.profile&parkId=155
Oregon,Devils Punchbowl State Natural Area,Lincoln,,,https://stateparks.oregon.gov/index.cfm?do=park.profile&parkId=156
Oregon,Dexter State Recreation Site,Lane,,,https://stateparks.oregon.gov/index.cfm?do=park.profile&parkId=179
Oregon,Driftwood Beach State Recreation Site,Lincoln,,,https://stateparks.oregon.gov/index.cfm?do=park.profile&parkId=144
Oregon,Ecola State Park,Clatsop,,,https://stateparks.oregon.gov/index.cfm?do=park.profile&parkId=136
Oregon,Elijah Bristow State Park,Lane,,,https://stateparks.oregon.gov/index.cfm?do=park.profile&parkId=60
Oregon,Ellmaker State Wayside,Lincoln,,,https://stateparks.oregon.gov/index.cfm?do=park.profile&parkId=157
Oregon,Elowah Falls Trailhead (John B. Yeon),Multnomah,,,https://stateparks.oregon.gov/index.cfm?do=park.profile&parkId=114
Oregon,Emigrant Springs State Heritage Area,Umatilla,,,https://stateparks.oregon.gov/index.cfm?do=park.profile&parkId=16
Oregon,Erratic Rock State Natural Site,Yamhill,,,https://stateparks.oregon.gov/index.cfm?do=park.profile&parkId=96
Oregon,Face Rock State Scenic Viewpoint,Coos,,,https://stateparks.oregon.gov/index.cfm?do=park.profile&parkId=47
Oregon,Fall Creek State Recreation Area,Lane,,,https://stateparks.oregon.gov/index.cfm?do=park.profile&parkId=176
Oregon,Farewell Bend State Recreation Area,Baker,,,https://stateparks.oregon.gov/index.cfm?do=park.profile&parkId=4
Oregon,Fogarty Creek State Recreation Area,Lincoln,,,https://stateparks.oregon.gov/index.cfm?do=park.profile&parkId=158
Oregon,Fort Rock Cave,Lake,,,https://stateparks.oregon.gov/index.cfm?do=park.profile&parkId=170
Oregon,Fort Rock State Natural Area,Lake,,,https://stateparks.oregon.gov/index.cfm?do=park.profile&parkId=31
Oregon,Fort Stevens State Park,Clatsop,,,https://stateparks.oregon.gov/index.cfm?do=park.profile&parkId=129
Oregon,Frenchglen Hotel State Heritage Site,Harney,,,https://stateparks.oregon.gov/index.cfm?do=park.profile&parkId=2
Oregon,Geisel Monument State Heritage Site,Curry,,,https://stateparks.oregon.gov/index.cfm?do=park.profile&parkId=39
Oregon,Gleneden Beach State Recreation Site,Lincoln,,,https://stateparks.oregon.gov/index.cfm?do=park.profile&parkId=159
Oregon,Golden and Silver Falls State Natural Area,Coos,,,https://stateparks.oregon.gov/index.cfm?do=park.profile&parkId=67
Oregon,Golden State Heritage Site,"Josephine, Jackson",,,https://stateparks.oregon.gov/index.cfm?do=park.profile&parkId=189
Oregon,Goose Lake State Recreation Area,Lake,,,https://stateparks.oregon.gov/index.cfm?do=park.profile&parkId=1
Oregon,Government Island State Recreation Area,Multnomah,,,https://stateparks.oregon.gov/index.cfm?do=park.profile&parkId=169
Oregon,Governor Patterson Memorial State Recreation Site,Lincoln,,,https://stateparks.oregon.gov/index.cfm?do=park.profile&parkId=82
Oregon,Harris Beach State Park,Curry,,,https://stateparks.oregon.gov/index.cfm?do=park.profile&parkId=58
Oregon,Hat Rock State Park,Umatilla,,,https://stateparks.oregon.gov/index.cfm?do=park.profile&parkId=12
Oregon,Heceta Head Lighthouse State Scenic Viewpoint,Lane,,,https://stateparks.oregon.gov/index.cfm?do=park.profile&parkId=86
Oregon,Heritage Landing (Deschutes),Washington,,,https://stateparks.oregon.gov/index.cfm?do=park.profile&parkId=27
Oregon,Hilgard Junction State Park,Union,,,https://stateparks.oregon.gov/index.cfm?do=park.profile&parkId=13
Oregon,Historic Columbia River Highway State Trail,Hood River,,,https://stateparks.oregon.gov/index.cfm?do=park.profile&parkId=113
Oregon,Historic Columbia River Highway State Trail - Bridge of the Gods Trailhead,Hood River,,,https://stateparks.oregon.gov/index.cfm?do=park.profile&parkId=197
Oregon,Historic Columbia River Highway State Trail - Toothrock Trailhead,Multnomah,,,https://stateparks.oregon.gov/index.cfm?do=park.profile&parkId=198
Oregon,Hoffman Memorial State Wayside,Coos,,,https://stateparks.oregon.gov/index.cfm?do=park.profile&parkId=48
Oregon,Hug Point State Recreation Site,Clatsop,,,https://stateparks.oregon.gov/index.cfm?do=park.profile&parkId=137
Oregon,Humbug Mountain State Park,Curry,,,https://stateparks.oregon.gov/index.cfm?do=park.profile&parkId=40
Oregon,Illinois River Forks State Park,"Josephine, Jackson",,,https://stateparks.oregon.gov/index.cfm?do=park.profile&parkId=71
Oregon,Iwetemlaykin State Heritage Site,Wallowa,,,https://stateparks.oregon.gov/index.cfm?do=park.profile&parkId=190
Oregon,Jackson F. Kimball State Recreation Site,Klamath,,,https://stateparks.oregon.gov/index.cfm?do=park.profile&parkId=166
Oregon,Jasper Point Campground,Crook,,,https://stateparks.oregon.gov/index.cfm?do=park.profile&parkId=25
Oregon,Jasper State Recreation Site,Lane,,,https://stateparks.oregon.gov/index.cfm?do=park.profile&parkId=178
Oregon,Jessie M. Honeyman Memorial State Park,Lane,,,https://stateparks.oregon.gov/index.cfm?do=park.profile&parkId=95
Oregon,Kam Wah Chung State Heritage Site,Grant,,,https://stateparks.oregon.gov/index.cfm?do=park.profile&parkId=5
Oregon,L.L. Stub Stewart State Park,Washington,,,https://stateparks.oregon.gov/index.cfm?do=park.profile&parkId=75
Oregon,Lake Owyhee State Park,Malheur,,,https://stateparks.oregon.gov/index.cfm?do=park.profile&parkId=10
Oregon,LaPine State Park,Deschutes,,,https://stateparks.oregon.gov/index.cfm?do=park.profile&parkId=32
Oregon,Latourell Falls Trailhead (Guy W. Talbot),Multnomah,,,https://stateparks.oregon.gov/index.cfm?do=park.profile&parkId=112
Oregon,Lewis and Clark State Recreation Site,Multnomah,,,https://stateparks.oregon.gov/index.cfm?do=park.profile&parkId=116
Oregon,Lost Creek State Recreation Site,Lincoln,,,https://stateparks.oregon.gov/index.cfm?do=park.profile&parkId=145
Oregon,Lowell State Recreation Site,Lane,,,https://stateparks.oregon.gov/index.cfm?do=park.profile&parkId=177
Oregon,Luckiamute State Natural Area,Benton,,,https://stateparks.oregon.gov/index.cfm?do=park.profile&parkId=192
Oregon,Manhattan Beach State Recreation Site,Tillamook,,,https://stateparks.oregon.gov/index.cfm?do=park.profile&parkId=138
Oregon,Maud Williamson State Recreation Site,Yamhill,,,https://stateparks.oregon.gov/index.cfm?do=park.profile&parkId=97
Oregon,Mayer State Park,Wasco,,,https://stateparks.oregon.gov/index.cfm?do=park.profile&parkId=117
Oregon,McVay Rock State Recreation Site,Curry,,,https://stateparks.oregon.gov/index.cfm?do=park.profile&parkId=54
Oregon,Memaloose State Park,Wasco,,,https://stateparks.oregon.gov/index.cfm?do=park.profile&parkId=118
Oregon,Milo McIver State Park,Clackamas,,,https://stateparks.oregon.gov/index.cfm?do=park.profile&parkId=102
Oregon,Minam State Recreation Area,Wallowa,,,https://stateparks.oregon.gov/index.cfm?do=park.profile&parkId=19
Oregon,Mitchell Point Trailhead,Hood River,,,https://stateparks.oregon.gov/index.cfm?do=park.profile&parkId=125
Oregon,Molalla River State Park,Clackamas,,,https://stateparks.oregon.gov/index.cfm?do=park.profile&parkId=78
Oregon,Mongold (Detroit Lake),Marion,,,https://stateparks.oregon.gov/index.cfm?do=park.profile&parkId=63
Oregon,Munson Creek Falls State Natural Site,Tillamook,,,https://stateparks.oregon.gov/index.cfm?do=park.profile&parkId=175
Oregon,Muriel O. Ponsler Memorial State Scenic Viewpoint,Lane,,,https://stateparks.oregon.gov/index.cfm?do=park.profile&parkId=87
Oregon,Nehalem Bay State Park,Tillamook,,,https://stateparks.oregon.gov/index.cfm?do=park.profile&parkId=142
Oregon,Neptune State Scenic Viewpoint,Lane,,,https://stateparks.oregon.gov/index.cfm?do=park.profile&parkId=88
Oregon,Neskowin Beach State Recreation Site,Tillamook,,,https://stateparks.oregon.gov/index.cfm?do=park.profile&parkId=161
Oregon,OC and E Woods Line State Trail,"Klamath, Lake",,,https://stateparks.oregon.gov/index.cfm?do=park.profile&parkId=167
Oregon,Ocean Shore State Recreation Area,Lincoln,,,https://stateparks.oregon.gov/index.cfm?do=park.profile&parkId=193
Oregon,Oceanside Beach State Recreation Site,Tillamook,,,https://stateparks.oregon.gov/index.cfm?do=park.profile&parkId=132
Oregon,Ontario State Recreation Site,Malheur,,,https://stateparks.oregon.gov/index.cfm?do=park.profile&parkId=3
Oregon,Oswald West State Park,Tillamook,,,https://stateparks.oregon.gov/index.cfm?do=park.profile&parkId=139
Oregon,Otter Crest State Scenic Viewpoint,Lincoln,,,https://stateparks.oregon.gov/index.cfm?do=park.profile&parkId=162
Oregon,Otter Point State Recreation Site,Curry,,,https://stateparks.oregon.gov/index.cfm?do=park.profile&parkId=41
Oregon,Paradise Point State Recreation Site,Curry,,,https://stateparks.oregon.gov/index.cfm?do=park.profile&parkId=42
Oregon,Pete French Round Barn State Heritage Site,Harney,,,https://stateparks.oregon.gov/index.cfm?do=park.profile&parkId=209
Oregon,Peter Skene Ogden State Scenic Viewpoint,"Jefferson, Deschutes",,,https://stateparks.oregon.gov/index.cfm?do=park.profile&parkId=35
Oregon,Pilot Butte State Scenic Viewpoint,Deschutes,,,https://stateparks.oregon.gov/index.cfm?do=park.profile&parkId=33
Oregon,Pistol River State Scenic Viewpoint,Curry,,,https://stateparks.oregon.gov/index.cfm?do=park.profile&parkId=55
Oregon,Port Orford Heads State Park,Curry,,,https://stateparks.oregon.gov/index.cfm?do=park.profile&parkId=43
Oregon,Portland Women's Forum State Scenic Viewpoint,Multnomah,,,https://stateparks.oregon.gov/index.cfm?do=park.profile&parkId=119
Oregon,Prineville Reservoir State Park,Crook,,,https://stateparks.oregon.gov/index.cfm?do=park.profile&parkId=26
Oregon,Red Bridge State Wayside,Union,,,https://stateparks.oregon.gov/index.cfm?do=park.profile&parkId=14
Oregon,Roads End State Recreation Site,Lincoln,,,https://stateparks.oregon.gov/index.cfm?do=park.profile&parkId=163
Oregon,Rocky Creek State Scenic Viewpoint,Lincoln,,,https://stateparks.oregon.gov/index.cfm?do=park.profile&parkId=184
Oregon,Rooster Rock State Park,Multnomah,,,https://stateparks.oregon.gov/index.cfm?do=park.profile&parkId=126
Oregon,Saddle Mountain State Natural Area,Clatsop,,,https://stateparks.oregon.gov/index.cfm?do=park.profile&parkId=140
Oregon,Samuel H. Boardman State Scenic Corridor,Curry,,,https://stateparks.oregon.gov/index.cfm?do=park.profile&parkId=56
Oregon,Sarah Helmick State Recreation Site,Polk,,,https://stateparks.oregon.gov/index.cfm?do=park.profile&parkId=98
Oregon,Seal Rock State Recreation Site,Lincoln,,,https://stateparks.oregon.gov/index.cfm?do=park.profile&parkId=147
Oregon,Seven Devils State Recreation Site,Coos,,,https://stateparks.oregon.gov/index.cfm?do=park.profile&parkId=49
Oregon,Seven Streams Staging Area (Vinzenz Lausmann Memorial State Natural Area),Hood River,,,https://stateparks.oregon.gov/index.cfm?do=park.profile&parkId=124
Oregon,Shepperd's Dell State Natural Area,Multnomah,,,https://stateparks.oregon.gov/index.cfm?do=park.profile&parkId=121
Oregon,Shore Acres State Park,Coos,,,https://stateparks.oregon.gov/index.cfm?do=park.profile&parkId=68
Oregon,Silver Falls State Park,Marion,"20024 Silver Falls Hwy SE, Sublimity, OR 97385",No,https://stateparks.oregon.gov/index.cfm?do=park.profile&parkId=151
Oregon,Smelt Sands State Recreation Site,Lincoln,,,https://stateparks.oregon.gov/index.cfm?do=park.profile&parkId=89
Oregon,Smith Rock State Park,Deschutes,,,https://stateparks.oregon.gov/index.cfm?do=park.profile&parkId=36
Oregon,South Beach State Park,Lincoln,,,https://stateparks.oregon.gov/index.cfm?do=park.profile&parkId=149
Oregon,South Jetty,Lincoln,,,https://stateparks.oregon.gov/index.cfm?do=park.profile&parkId=171
Oregon,Starvation Creek State Park,Hood River,,,https://stateparks.oregon.gov/index.cfm?do=park.profile&parkId=122
Oregon,State Capitol State Park,Marion,,,https://stateparks.oregon.gov/index.cfm?do=park.profile&parkId=187
Oregon,Stonefield Beach State Recreation Site,Lane,,,https://stateparks.oregon.gov/index.cfm?do=park.profile&parkId=91
Oregon,Succor Creek State Natural Area,Malheur,,,https://stateparks.oregon.gov/index.cfm?do=park.profile&parkId=9
Oregon,Sumpter Valley Dredge State Heritage Area,Baker,,,https://stateparks.oregon.gov/index.cfm?do=park.profile&parkId=174
Oregon,Sunset Bay State Park,Coos,,,https://stateparks.oregon.gov/index.cfm?do=park.profile&parkId=70
Oregon,Sunset Beach State Recreation Site,Clatsop,,,https://stateparks.oregon.gov/index.cfm?do=park.profile&parkId=182
Oregon,The Cove Palisades State Park,Jefferson,,,https://stateparks.oregon.gov/index.cfm?do=park.profile&parkId=24
Oregon,Thompson's Mills State Heritage Site,Linn,"32655 Boston Mill Drive, Shedd, OR 97377",No,https://stateparks.oregon.gov/index.cfm?do=park.profile&parkId=186
Oregon,Tokatee Klootchman State Natural Site,Lane,,,https://stateparks.oregon.gov/index.cfm?do=park.profile&parkId=90
Oregon,Tolovana Beach State Recreation Site,Clatsop,,,https://stateparks.oregon.gov/index.cfm?do=park.profile&parkId=141
Oregon,TouVelle State Recreation Site,Jackson,,,https://stateparks.oregon.gov/index.cfm?do=park.profile&parkId=72
Oregon,Tryon Creek State Natural Area,"Multnomah, Clackamas","11321 S. Terwilliger Blvd. Portland, OR 97219",Yes,https://stateparks.oregon.gov/index.cfm?do=park.profile&parkId=103
Oregon,Tseriadun State Recreation Site,Curry,,,https://stateparks.oregon.gov/index.cfm?do=park.profile&parkId=200
Oregon,Tumalo State Park,Deschutes,,,https://stateparks.oregon.gov/index.cfm?do=park.profile&parkId=34
Oregon,Ukiah-Dale Forest State Scenic Corridor,Umatilla,,,https://stateparks.oregon.gov/index.cfm?do=park.profile&parkId=15
Oregon,Umpqua Lighthouse State Park,Douglas,,,https://stateparks.oregon.gov/index.cfm?do=park.profile&parkId=83
Oregon,Umpqua State Scenic Corridor,Douglas,,,https://stateparks.oregon.gov/index.cfm?do=park.profile&parkId=181
Oregon,Unity Lake State Recreation Site,Baker,,,https://stateparks.oregon.gov/index.cfm?do=park.profile&parkId=7
Oregon,Valley of the Rogue State Park,Jackson,,,https://stateparks.oregon.gov/index.cfm?do=park.profile&parkId=76
Oregon,Viento State Park,Hood River,,,https://stateparks.oregon.gov/index.cfm?do=park.profile&parkId=123
Oregon,Vista House (Crown Point),Multnomah,,,https://stateparks.oregon.gov/index.cfm?do=park.profile&parkId=108
Oregon,W. B. Nelson State Recreation Site,Lincoln,,,https://stateparks.oregon.gov/index.cfm?do=park.profile&parkId=92
Oregon,Wallowa Lake Highway Forest State Scenic Corridor,Wallowa,,,https://stateparks.oregon.gov/index.cfm?do=park.profile&parkId=17
Oregon,Wallowa Lake State Park,Wallowa,,,https://stateparks.oregon.gov/index.cfm?do=park.profile&parkId=20
Oregon,Whale Watching Center,Lincoln,,,https://stateparks.oregon.gov/index.cfm?do=park.profile&parkId=183
Oregon,White River Falls State Park,Wasco,,,https://stateparks.oregon.gov/index.cfm?do=park.profile&parkId=28
Oregon,Willamette Mission State Park,Marion,,,https://stateparks.oregon.gov/index.cfm?do=park.profile&parkId=99
Oregon,Willamette River Greenway and Water Trail,"Clackamas, Marion, Polk, Yamhill, Linn, Benton, Lane, Multnomah",,,https://stateparks.oregon.gov/index.cfm?do=park.profile&parkId=194
Oregon,Willamette Stone State Heritage Site,Multnomah,,,https://stateparks.oregon.gov/index.cfm?do=park.profile&parkId=180
Oregon,William M. Tugman State Park,"Coos, Douglas",,,https://stateparks.oregon.gov/index.cfm?do=park.profile&parkId=69
Oregon,Winchuck State Recreation Site,Curry,,,https://stateparks.oregon.gov/index.cfm?do=park.profile&parkId=57
Oregon,Wolf Creek Inn State Heritage Site,Josephine,,,https://stateparks.oregon.gov/index.cfm?do=park.profile&parkId=74
Oregon,Yachats Ocean Road State Natural Site,Lincoln,,,https://stateparks.oregon.gov/index.cfm?do=park.profile&parkId=93
Oregon,Yachats State Recreation Area,Lincoln,,,https://stateparks.oregon.gov/index.cfm?do=park.profile&parkId=94
Oregon,Yaquina Bay State Recreation Site,Lincoln,,,https://stateparks.oregon.gov/index.cfm?do=park.profile&parkId=148
Pennsylvania,Allegheny Islands State Park,Allegheny,"601 Commonwealth Place Bldg A Pittsburgh, PA 15222",No,https://www.pa.gov/agencies/dcnr/recreation/where-to-go/state-parks/find-a-park/allegheny-islands-state-park
Pennsylvania,Archbald Pothole State Park,Lackawanna,"1839 Abington Rd North Abington Township, PA 18414",No,https://www.pa.gov/agencies/dcnr/recreation/where-to-go/state-parks/find-a-park/archbald-pothole-state-park
Pennsylvania,Bald Eagle State Park,Centre,"149 Main Park Road Howard, PA 16841",No,https://www.pa.gov/agencies/dcnr/recreation/where-to-go/state-parks/find-a-park/bald-eagle-state-park
Pennsylvania,Beltzville State Park,Carbon,"2950 Pohopoco Drive Lehighton, PA 18235",No,https://www.pa.gov/agencies/dcnr/recreation/where-to-go/state-parks/find-a-park/beltzville-state-park
Pennsylvania,Bendigo State Park,Elk,"533 State Park Road Johnsonburg, PA 15845",No,https://www.pa.gov/agencies/dcnr/recreation/where-to-go/state-parks/find-a-park/bendigo-state-park
Pennsylvania,Benjamin Rush State Park,Philadelphia,"15001 Roosevelt Boulevard Philadelphia, PA 19154",No,https://www.pa.gov/agencies/dcnr/recreation/where-to-go/state-parks/find-a-park/benjamin-rush-state-park
Pennsylvania,Big Elk Creek State Park,Chester,"344 Strickersville Road Landenberg, PA 19350",No,https://www.pa.gov/agencies/dcnr/recreation/where-to-go/state-parks/find-a-park/big-elk-creek-state-park
Pennsylvania,Big Pocono State Park,Monroe,"100 St. Luke's Lane Stroudsburg, PA 18360",No,https://www.pa.gov/agencies/dcnr/recreation/where-to-go/state-parks/find-a-park/big-pocono-state-park
Pennsylvania,Big Spring State Park,Perry,"9072 Big Spring Road Blain, PA 17006",No,https://www.pa.gov/agencies/dcnr/recreation/where-to-go/state-parks/find-a-park/big-spring-state-park
Pennsylvania,Black Moshannon State Park,Centre,"4216 Beaver Road Philipsburg, PA 16866",No,https://www.pa.gov/agencies/dcnr/recreation/where-to-go/state-parks/find-a-park/black-moshannon-state-park
Pennsylvania,Blue Knob State Park,Bedford,"124 Park Road Imler, PA 16655",No,https://www.pa.gov/agencies/dcnr/recreation/where-to-go/state-parks/find-a-park/blue-knob-state-park
Pennsylvania,Boyd Big Tree Preserve Conservation Area,Dauphin,"111 South Front Street Harrisburg, PA 17101",No,https://www.pa.gov/agencies/dcnr/recreation/where-to-go/state-parks/find-a-park/boyd-big-tree-preserve-conservation-area
Pennsylvania,Buchanan's Birthplace State Park,Franklin,"2831 Stony Batter Road Mercersburg, PA 17236",No,https://www.pa.gov/agencies/dcnr/recreation/where-to-go/state-parks/find-a-park/buchanans-birthplace-state-park
Pennsylvania,Bucktail State Park Natural Area,Cameron,"260 Sizerville Road Emporium, PA 15834",No,https://www.pa.gov/agencies/dcnr/recreation/where-to-go/state-parks/find-a-park/bucktail-state-natural-area
Pennsylvania,Caledonia State Park,Franklin,"101 Pine Grove Road Fayetteville, PA 17222",Yes,https://www.pa.gov/agencies/dcnr/recreation/where-to-go/state-parks/find-a-park/caledonia-state-park
Pennsylvania,Canoe Creek State Park,Blair,"205 Canoe Creek Road Hollidaysburg, PA 16648",Yes,https://www.pa.gov/agencies/dcnr/recreation/where-to-go/state-parks/find-a-park/canoe-creek-state-park
Pennsylvania,Chapman State Park,Warren,"4790 Chapman Dam Road Clarendon, PA 16313",No,https://www.pa.gov/agencies/dcnr/recreation/where-to-go/state-parks/find-a-park/chapman-state-park
Pennsylvania,Cherry Springs State Park,Potter,"4639 Cherry Springs Road Coudersport, PA 16915",No,https://www.pa.gov/agencies/dcnr/recreation/where-to-go/state-parks/find-a-park/cherry-springs-state-park
Pennsylvania,Clear Creek State Park,Jefferson,"38 Clear Creek Park Road Park Facebook linkSigel, PA 15860",No,https://www.pa.gov/agencies/dcnr/recreation/where-to-go/state-parks/find-a-park/clear-creek-state-park
Pennsylvania,Codorus State Park,York,"2600 Smith Station Road Hanover, PA 17331",No,https://www.pa.gov/agencies/dcnr/recreation/where-to-go/state-parks/find-a-park/codorus-state-park
Pennsylvania,Colonel Denning State Park,Cumberland,"1599 Doubling Gap Road Newville, PA 17241",No,https://www.pa.gov/agencies/dcnr/recreation/where-to-go/state-parks/find-a-park/colonel-denning-state-park
Pennsylvania,Colton Point State Park,Tioga,"927 Colton Road Wellsboro, PA 16901",No,https://www.pa.gov/agencies/dcnr/recreation/where-to-go/state-parks/find-a-park/colton-point-state-park
Pennsylvania,Cook Forest State Park,"Jefferson, Forest","100 Rt 36 P.O. Box 120 Cooksburg, PA 16217",No,https://www.pa.gov/agencies/dcnr/recreation/where-to-go/state-parks/find-a-park/cook-forest-state-park
Pennsylvania,Cowans Gap State Park,"Fulton, Franklin","6235 Aughwick Road Fort Loudon, PA 17224",No,https://www.pa.gov/agencies/dcnr/recreation/where-to-go/state-parks/find-a-park/cowans-gap-state-park
Pennsylvania,Delaware Canal State Park,"Bucks, Northampton","11 Lodi Hill Road Upper Black Eddy, PA 18972",No,https://www.pa.gov/agencies/dcnr/recreation/where-to-go/state-parks/find-a-park/delaware-canal-state-park
Pennsylvania,Denton Hill State Park,Potter,"80 Elm Hollow Road Ulysses, PA 16948",No,https://www.pa.gov/agencies/dcnr/recreation/where-to-go/state-parks/find-a-park/denton-hill-state-park
Pennsylvania,Elk State Park,Elk,"1567 Instanter Road Wilcox, PA 15870",No,https://www.pa.gov/agencies/dcnr/recreation/where-to-go/state-parks/find-a-park/elk-state-park
Pennsylvania,Erie Bluffs State Park,Erie,"301 Peninsula Dr. Suite 1 Erie, PA 16505",No,https://www.pa.gov/agencies/dcnr/recreation/where-to-go/state-parks/find-a-park/erie-bluffs-state-park
Pennsylvania,Evansburg State Park,Montgomery,"851 May Hall Road Collegeville, PA 19426",No,https://www.pa.gov/agencies/dcnr/recreation/where-to-go/state-parks/find-a-park/evansburg-state-park
Pennsylvania,Fort Washington State Park,Montgomery,"500 South Bethlehem Pike Fort Washington, PA 19034",No,https://www.pa.gov/agencies/dcnr/recreation/where-to-go/state-parks/find-a-park/fort-washington-state-park
Pennsylvania,Fowlers Hollow State Park,Perry,"5700 Fowler Hollow Road Blain, PA 17006",No,https://www.pa.gov/agencies/dcnr/recreation/where-to-go/state-parks/find-a-park/fowlers-hollow-state-park
Pennsylvania,Frances Slocum State Park,Luzerne,"565 Mount Olivet Road Wyoming, PA 18644",Yes,https://www.pa.gov/agencies/dcnr/recreation/where-to-go/state-parks/find-a-park/frances-slocum-state-park
Pennsylvania,French Creek State Park,Berks,"843 Park Road Elverson, PA 19520",No,https://www.pa.gov/agencies/dcnr/recreation/where-to-go/state-parks/find-a-park/french-creek-state-park
Pennsylvania,Gifford Pinchot State Park,York,"2200 Rosstown Road Lewisberry, PA 17339",No,https://www.pa.gov/agencies/dcnr/recreation/where-to-go/state-parks/find-a-park/gifford-pinchot-state-park
Pennsylvania,Gouldsboro State Park,Monroe,"507 & State Park Rd Gouldsboro, PA 18424",No,https://www.pa.gov/agencies/dcnr/recreation/where-to-go/state-parks/find-a-park/gouldsboro-state-park
Pennsylvania,Greenwood Furnace State Park,Huntingdon,"15795 Greenwood Road Huntingdon, PA 16652",Yes,https://www.pa.gov/agencies/dcnr/recreation/where-to-go/state-parks/find-a-park/greenwood-furnace-state-park
Pennsylvania,Hickory Run State Park,Carbon,"3 Family Camp Rd White Haven, PA 18661",Yes,https://www.pa.gov/agencies/dcnr/recreation/where-to-go/state-parks/find-a-park/hickory-run-state-park
Pennsylvania,Hillman State Park,Washington,"3000 State Route 18 Hookstown, PA 15050",No,https://www.pa.gov/agencies/dcnr/recreation/where-to-go/state-parks/find-a-park/hillman-state-park
Pennsylvania,Hills Creek State Park,Tioga,"111 Spillway Road Wellsboro, PA 16901",No,https://www.pa.gov/agencies/dcnr/recreation/where-to-go/state-parks/find-a-park/hills-creek-state-park
Pennsylvania,Hyner Run State Park,Clinton,"86 Hyner Park Road North Bend, PA 17760",No,https://www.pa.gov/agencies/dcnr/recreation/where-to-go/state-parks/find-a-park/hyner-run-state-park
Pennsylvania,Hyner View State Park,Clinton,"86 Hyner Park Road North Bend, PA 17760",No,https://www.pa.gov/agencies/dcnr/recreation/where-to-go/state-parks/find-a-park/hyner-view-state-park
Pennsylvania,Jacobsburg Environmental Education Center,Northampton,"400 Belfast Rd Nazareth, PA 18064",Yes,https://www.pa.gov/agencies/dcnr/recreation/where-to-go/state-parks/find-a-park/jacobsburg-environmental-education-center
Pennsylvania,Jennings Environmental Education Center,Butler,"2951 Prospect Road Slippery Rock, PA 16057",Yes,https://www.pa.gov/agencies/dcnr/recreation/where-to-go/state-parks/find-a-park/jennings-environmental-education-center
Pennsylvania,Joseph E. Ibberson Conservation Area,Dauphin,"1609 Back Rd Halifax, PA 17032",No,https://www.pa.gov/agencies/dcnr/recreation/where-to-go/state-parks/find-a-park/joseph-e-ibberson-conservation-area
Pennsylvania,Kettle Creek State Park,Clinton,"97 Kettle Creek Park Lane Renovo, PA 17764",No,https://www.pa.gov/agencies/dcnr/recreation/where-to-go/state-parks/find-a-park/kettle-creek-state-park
Pennsylvania,Keystone State Park,Westmoreland,"1150 Keystone Park Road Derry, PA 15627",Yes,https://www.pa.gov/agencies/dcnr/recreation/where-to-go/state-parks/find-a-park/keystone-state-park
Pennsylvania,Kings Gap Environmental Education Center,Cumberland,"500 Kings Gap Road Carlisle, PA 17015",Yes,https://www.pa.gov/agencies/dcnr/recreation/where-to-go/state-parks/find-a-park/kings-gap-environmental-education-center
Pennsylvania,Kinzua Bridge State Park,McKean,"296 Viaduct Rd, Mount Jewett, PA 16740",Yes,https://www.pa.gov/agencies/dcnr/recreation/where-to-go/state-parks/find-a-park/kinzua-bridge-state-park
Pennsylvania,Kooser State Park,Somerset,"943 Glades Pike Somerset, PA 15501",No,https://www.pa.gov/agencies/dcnr/recreation/where-to-go/state-parks/find-a-park/kooser-state-park
Pennsylvania,Lackawanna State Park,Lackawanna,"1839 Abington Rd North Abington Township, PA 18414",No,https://www.pa.gov/agencies/dcnr/recreation/where-to-go/state-parks/find-a-park/lackawanna-state-park
Pennsylvania,Laurel Caverns State Park,Fayette,"1065 Skyline Drive, Farmington, PA 15437",No,https://www.pa.gov/agencies/dcnr/recreation/where-to-go/state-parks/find-a-park/laurel-caverns-state-park
Pennsylvania,Laurel Hill State Park,Somerset,"1454 Laurel Hill Park Road Somerset, PA 15501",Yes,https://www.pa.gov/agencies/dcnr/recreation/where-to-go/state-parks/find-a-park/laurel-hill-state-park
Pennsylvania,Laurel Mountain State Park,Westmoreland,"374 Summit Ski Rd Boswell, PA 15531",No,https://www.pa.gov/agencies/dcnr/recreation/where-to-go/state-parks/find-a-park/laurel-mountain-state-park
Pennsylvania,Laurel Ridge State Park,Fayette,"1117 Jim Mountain Road Rockwood, PA 15557",No,https://www.pa.gov/agencies/dcnr/recreation/where-to-go/state-parks/find-a-park/laurel-ridge-state-park
Pennsylvania,Laurel Summit State Park,"Somerset, Westmoreland",,No,https://www.pa.gov/agencies/dcnr/recreation/where-to-go/state-parks/find-a-park/laurel-summit-state-park
Pennsylvania,Lehigh Gorge State Park (North),Carbon,"3 Family Camp Rd White Haven, PA 18661",No,https://www.pa.gov/agencies/dcnr/recreation/where-to-go/state-parks/find-a-park/lehigh-gorge-state-park
Pennsylvania,Leonard Harrison State Park,Tioga,"4797 Route 660 Wellsboro, PA 16901",Yes,https://www.pa.gov/agencies/dcnr/recreation/where-to-go/state-parks/find-a-park/leonard-harrison-state-park
Pennsylvania,Linn Run State Park,Westmoreland,,No,https://www.pa.gov/agencies/dcnr/recreation/where-to-go/state-parks/find-a-park/linn-run-state-park
Pennsylvania,Little Buffalo State Park,Perry,"1579 State Park Road Newport, PA 17074",No,https://www.pa.gov/agencies/dcnr/recreation/where-to-go/state-parks/find-a-park/little-buffalo-state-park
Pennsylvania,Little Pine State Park,Lycoming,"4205 Little Pine Creek Road Waterville, PA 17776",No,https://www.pa.gov/agencies/dcnr/recreation/where-to-go/state-parks/find-a-park/little-pine-state-park
Pennsylvania,Locust Lake State Park,Schuylkill,"220 Locust Lake Rd Barnesville, PA 18214",No,https://www.pa.gov/agencies/dcnr/recreation/where-to-go/state-parks/find-a-park/locust-lake-state-park
Pennsylvania,Lyman Run State Park,Potter,,No,https://www.pa.gov/agencies/dcnr/recreation/where-to-go/state-parks/find-a-park/lyman-run-state-park
Pennsylvania,Marsh Creek State Park,Chester,"580 Park Road Downingtown, PA 19335",No,https://www.pa.gov/agencies/dcnr/recreation/where-to-go/state-parks/find-a-park/marsh-creek-state-park
Pennsylvania,Maurice K. Goddard State Park,Mercer,"684 Lake Wilhelm Road Sandy Lake, PA 16145",No,https://www.pa.gov/agencies/dcnr/recreation/where-to-go/state-parks/find-a-park/maurice-k-goddard-state-park
Pennsylvania,McCalls Dam State Park,Centre,"1258 McCalls Dam Road Rebersburg, PA 16872",No,https://www.pa.gov/agencies/dcnr/recreation/where-to-go/state-parks/find-a-park/mccalls-dam-state-park
Pennsylvania,McConnells Mill State Park,Lawrence,"225 Pleasant Valley Road Portersville, PA 16051",No,https://www.pa.gov/agencies/dcnr/recreation/where-to-go/state-parks/find-a-park/mcconnells-mill-state-park
Pennsylvania,Memorial Lake State Park,Lebanon,"500 University Drive Hershey, PA 17033",No,https://www.pa.gov/agencies/dcnr/recreation/where-to-go/state-parks/find-a-park/memorial-lake-state-park
Pennsylvania,Milton State Park,Northumberland,,No,https://www.pa.gov/agencies/dcnr/recreation/where-to-go/state-parks/find-a-park/milton-state-park
Pennsylvania,Mont Alto State Park,Franklin,"233 Mont Alto, PA 17237",No,https://www.pa.gov/agencies/dcnr/recreation/where-to-go/state-parks/find-a-park/mont-alto-state-park
Pennsylvania,Moraine State Park,Butler,"225 Pleasant Valley Road Portersville, PA 16051",No,https://www.pa.gov/agencies/dcnr/recreation/where-to-go/state-parks/find-a-park/moraine-state-park
Pennsylvania,Mount Pisgah State Park,Bradford,"28 Entrance Road Troy, PA 16947",No,https://www.pa.gov/agencies/dcnr/recreation/where-to-go/state-parks/find-a-park/mount-pisgah-state-park
Pennsylvania,Nescopeck State Park,Luzerne,"1137 Honey Hole Road Drums, PA 18222",Yes,https://www.pa.gov/agencies/dcnr/recreation/where-to-go/state-parks/find-a-park/nescopeck-state-park
Pennsylvania,Neshaminy State Park,Bucks,"3401 State Road Bensalem, PA 19020",No,https://www.pa.gov/agencies/dcnr/recreation/where-to-go/state-parks/find-a-park/neshaminy-state-park
Pennsylvania,Nockamixon State Park,Bucks,"1542 Mountain View Drive Quakertown, PA 18951",No,https://www.pa.gov/agencies/dcnr/recreation/where-to-go/state-parks/find-a-park/nockamixon-state-park
Pennsylvania,Nolde Forest Environmental Education Center,Berks,"3025 New Holland Road Reading, PA 19607",Yes,https://www.pa.gov/agencies/dcnr/recreation/where-to-go/state-parks/find-a-park/nolde-forest-environmental-education-center
Pennsylvania,Norristown Farm Park,Montgomery,"2500 Upper Farm Road Norristown, PA 19403",Yes,https://www.pa.gov/agencies/dcnr/recreation/where-to-go/state-parks/find-a-park/norristown-farm-park
Pennsylvania,Ohiopyle State Park,Fayette,"124 Main Street Ohiopyle, PA 15470",Yes,https://www.pa.gov/agencies/dcnr/recreation/where-to-go/state-parks/find-a-park/ohiopyle-state-park
Pennsylvania,Oil Creek State Park,Venango,"1080 Petroleum Center Road Oil City, PA 16301",No,https://www.pa.gov/agencies/dcnr/recreation/where-to-go/state-parks/find-a-park/oil-creek-state-park
Pennsylvania,Ole Bull State Park,Potter,"31 Valhalla Lane Cross Fork, PA 17729",No,https://www.pa.gov/agencies/dcnr/recreation/where-to-go/state-parks/find-a-park/ole-bull-state-park
Pennsylvania,Parker Dam State Park,Clearfield,"28 Fairview Road Penfield, PA 15849",Yes,https://www.pa.gov/agencies/dcnr/recreation/where-to-go/state-parks/find-a-park/parker-dam-state-park
Pennsylvania,Patterson State Park,Potter,"2866 Cherry Springs Road Coudersport, PA 16915",No,https://www.pa.gov/agencies/dcnr/recreation/where-to-go/state-parks/find-a-park/patterson-state-park
Pennsylvania,Penn-Roosevelt State Park,Centre,,No,https://www.pa.gov/agencies/dcnr/recreation/where-to-go/state-parks/find-a-park/penn-roosevelt-state-park
Pennsylvania,Pine Grove Furnace State Park,Cumberland,"1100 Pine Grove Road Gardners, PA 17324",Yes,https://www.pa.gov/agencies/dcnr/recreation/where-to-go/state-parks/find-a-park/pine-grove-furnace-state-park
Pennsylvania,Poe Paddy State Park,Centre,"1087 Poe Paddy Drive Woodward, PA 16882",No,https://www.pa.gov/agencies/dcnr/recreation/where-to-go/state-parks/find-a-park/poe-paddy-state-park
Pennsylvania,Poe Valley State Park,Centre,"136 Poe Valley Park Circle Coburn, PA 16832",No,https://www.pa.gov/agencies/dcnr/recreation/where-to-go/state-parks/find-a-park/poe-valley-state-park
Pennsylvania,Point State Park,Allegheny,"601 Commonwealth Pl Bldg A Pittsburgh, PA 15222",No,https://www.pa.gov/agencies/dcnr/recreation/where-to-go/state-parks/find-a-park/point-state-park
Pennsylvania,Presque Isle State Park,Erie,"301 Peninsula Drive, Suite 1 Erie, PA 16505",Yes,https://www.pa.gov/agencies/dcnr/recreation/where-to-go/state-parks/find-a-park/presque-isle-state-park
Pennsylvania,Prince Gallitzin State Park,Cambria,"966 Marina Road Patton, PA 16668",No,https://www.pa.gov/agencies/dcnr/recreation/where-to-go/state-parks/find-a-park/prince-gallitzin-state-park
Pennsylvania,Promised Land State Park,Pike,"100 Lower Lake Road Greentown, PA 18426",No,https://www.pa.gov/agencies/dcnr/recreation/where-to-go/state-parks/find-a-park/promised-land-state-park
Pennsylvania,Prompton State Park,Wayne,"1839 Abington Road North Abington Township, PA 18414",No,https://www.pa.gov/agencies/dcnr/recreation/where-to-go/state-parks/find-a-park/prompton-state-park
Pennsylvania,Prouty Place State Park,Potter,"1201 Prouty Road Austin, PA 16720",No,https://www.pa.gov/agencies/dcnr/recreation/where-to-go/state-parks/find-a-park/prouty-place-state-park
Pennsylvania,Pymatuning State Park,Crawford,"2660 Williamsfield Road Jamestown, PA 16134",No,https://www.pa.gov/agencies/dcnr/recreation/where-to-go/state-parks/find-a-park/pymatuning-state-park
Pennsylvania,Raccoon Creek State Park,Beaver,"3000 State Route 18 Hookstown, PA 15050",Yes,https://www.pa.gov/agencies/dcnr/recreation/where-to-go/state-parks/find-a-park/raccoon-creek-state-park
Pennsylvania,Ralph Stover State Park,Bucks,"6011 State Park Road Pipersville, PA 18947",No,https://www.pa.gov/agencies/dcnr/recreation/where-to-go/state-parks/find-a-park/ralph-stover-state-park
Pennsylvania,Ravensburg State Park,Clinton,"2388 Rauchtown Road Jersey Shore, PA 17044",No,https://www.pa.gov/agencies/dcnr/recreation/where-to-go/state-parks/find-a-park/ravensburg-state-park
Pennsylvania,Raymond B. Winter State Park,Union,,No,https://www.pa.gov/agencies/dcnr/recreation/where-to-go/state-parks/find-a-park/raymond-b-winter-state-park
Pennsylvania,Reeds Gap State Park,Mifflin,,No,https://www.pa.gov/agencies/dcnr/recreation/where-to-go/state-parks/find-a-park/reeds-gap-state-park
Pennsylvania,Ricketts Glen State Park,"Luzerne, Columbia, Sullivan","695 State Route 487 Benton, PA 17814",No,https://www.pa.gov/agencies/dcnr/recreation/where-to-go/state-parks/find-a-park/ricketts-glen-state-park
Pennsylvania,Ridley Creek State Park,Delaware,"400 Gradyville Road Newtown Square, PA 19073",No,https://www.pa.gov/agencies/dcnr/recreation/where-to-go/state-parks/find-a-park/ridley-creek-state-park
Pennsylvania,Ryerson Station State Park,Greene,"361 Bristoria Road Wind Ridge, PA 15380",No,https://www.pa.gov/agencies/dcnr/recreation/where-to-go/state-parks/find-a-park/ryerson-station-state-park
Pennsylvania,Salt Springs State Park,Susquehanna,"1839 Abington Rd North Abington Twp, PA 18414",No,https://www.pa.gov/agencies/dcnr/recreation/where-to-go/state-parks/find-a-park/salt-springs-state-park
Pennsylvania,Samuel S. Lewis State Park,York,"6000 Mt. Pisgah Road York, PA 17406",No,https://www.pa.gov/agencies/dcnr/recreation/where-to-go/state-parks/find-a-park/samuel-s-lewis-state-park
Pennsylvania,Sand Bridge State Park,Union,"13180 Buffalo Road Mifflinburg, PA 17844",No,https://www.pa.gov/agencies/dcnr/recreation/where-to-go/state-parks/find-a-park/sand-bridge-state-park
Pennsylvania,Shawnee State Park,Bedford,"132 State Park Road Schellsburg, PA 15559",No,https://www.pa.gov/agencies/dcnr/recreation/where-to-go/state-parks/find-a-park/shawnee-state-park
Pennsylvania,Shikellamy State Park,Union,,No,https://www.pa.gov/agencies/dcnr/recreation/where-to-go/state-parks/find-a-park/shikellamy-state-park
Pennsylvania,Simon B. Elliott State Park,Clearfield,"2112 Old Route 153 Penfield, PA 15849",No,https://www.pa.gov/agencies/dcnr/recreation/where-to-go/state-parks/find-a-park/simon-b-elliott-state-park
Pennsylvania,Sinnemahoning State Park,Cameron,"4843 Park Road Austin, PA 16720",No,https://www.pa.gov/agencies/dcnr/recreation/where-to-go/state-parks/find-a-park/sinnemahoning-state-park
Pennsylvania,Sizerville State Park,Cameron,"199 East Cowley Run Road Emporium, PA 15834",No,https://www.pa.gov/agencies/dcnr/recreation/where-to-go/state-parks/find-a-park/sizerville-state-park
Pennsylvania,Susquehanna Riverlands State Park,York,"4898 Furnace Road York, PA 17406",No,https://www.pa.gov/agencies/dcnr/recreation/where-to-go/state-parks/find-a-park/susquehanna-riverlands-state-park
Pennsylvania,Susquehanna State Park,Lycoming,"700 High Street Williamsport, PA 17701",No,https://www.pa.gov/agencies/dcnr/recreation/where-to-go/state-parks/find-a-park/susquehanna-state-park
Pennsylvania,Susquehannock State Park,Lancaster,"1880 Park Drive Drumore, PA 17518",No,https://www.pa.gov/agencies/dcnr/recreation/where-to-go/state-parks/find-a-park/susquehannock-state-park
Pennsylvania,Swatara State Park,"Schuylkill, Lebanon","1450 Suedburg Road Pine Grove, PA 17963",No,https://www.pa.gov/agencies/dcnr/recreation/where-to-go/state-parks/find-a-park/swatara-state-park
Pennsylvania,Tobyhanna State Park,"Wayne, Monroe","100 St. Luke's Lane Stroudsburg, PA 18360",No,https://www.pa.gov/agencies/dcnr/recreation/where-to-go/state-parks/find-a-park/tobyhanna-state-park
Pennsylvania,Trough Creek State Park,Huntingdon,"16362 Little Valley Road James Creek, PA 16657",No,https://www.pa.gov/agencies/dcnr/recreation/where-to-go/state-parks/find-a-park/trough-creek-state-park
Pennsylvania,Tuscarora State Park,Schuylkill,"687 Tuscarora Park Road Barnesville, PA 18214",No,https://www.pa.gov/agencies/dcnr/recreation/where-to-go/state-parks/find-a-park/tuscarora-state-park
Pennsylvania,Tyler State Park,Bucks,"101 Swamp Road Newtown, PA 18940",No,https://www.pa.gov/agencies/dcnr/recreation/where-to-go/state-parks/find-a-park/tyler-state-park
Pennsylvania,Upper Pine Bottom State Park,Lycoming,"44 Lock Haven, PA 17745",No,https://www.pa.gov/agencies/dcnr/recreation/where-to-go/state-parks/find-a-park/upper-pine-bottom-state-park
Pennsylvania,Varden Conservation Area,Wayne,"1100 Mid Valley Rd Lake Ariel, PA 18436",No,https://www.pa.gov/agencies/dcnr/recreation/where-to-go/state-parks/find-a-park/varden-conservation-area
Pennsylvania,Vosburg Neck State Park,Wyoming,"470 Vosburg Rd Tunkhannock, PA 18657",No,https://www.pa.gov/agencies/dcnr/recreation/where-to-go/state-parks/find-a-park/vosburg-neck-state-park
Pennsylvania,Warriors Path State Park,Bedford,"1152 Warriors Path Road Saxton, PA 16678",No,https://www.pa.gov/agencies/dcnr/recreation/where-to-go/state-parks/find-a-park/warriors-path-state-park
Pennsylvania,Washington Crossing Historic Park,Bucks,"1112 River Road Washington Crossing, PA 18977",Yes,https://www.pa.gov/agencies/dcnr/recreation/where-to-go/state-parks/find-a-park/washington-crossing-historic-park
Pennsylvania,Whipple Dam State Park,Huntingdon,"3746 Laurel Run Road Petersburg, PA 16669",No,https://www.pa.gov/agencies/dcnr/recreation/where-to-go/state-parks/find-a-park/whipple-dam-state-park
Pennsylvania,White Clay Creek Preserve,Chester,"405 Sharpless Road Landenberg, PA 19350",No,https://www.pa.gov/agencies/dcnr/recreation/where-to-go/state-parks/find-a-park/white-clay-creek-preserve
Pennsylvania,Worlds End State Park,Sullivan,"82 Cabin Bridge Road PO Box 62 Forksville, PA 18616",No,https://www.pa.gov/agencies/dcnr/recreation/where-to-go/state-parks/find-a-park/worlds-end-state-park
Pennsylvania,Yellow Creek State Park,Indiana,"170 Route 259 Highway Penn Run, PA 15765",No,https://www.pa.gov/agencies/dcnr/recreation/where-to-go/state-parks/find-a-park/yellow-creek-state-park
Rhode Island,Beavertail State Park,Newport,,,https://riparks.ri.gov/parks/beavertail-state-park
Rhode Island,Blackstone Bikeway and Visitors Center,Providence,,,https://riparks.ri.gov/parks/blackstone-bikeway-and-visitors-center
Rhode Island,Brenton Point State Park,Newport,,,https://riparks.ri.gov/parks/brenton-point-state-park
Rhode Island,Burlingame State Park,Washington,"1 Burlingame State Park, Charlestown, RI 02813",No,https://riparks.ri.gov/parks/burlingame-state-park
Rhode Island,Colt State Park,Bristol,,,https://riparks.ri.gov/parks/colt-state-park
Rhode Island,Eisenhower House Fort Adams State Park,Newport,"1 Lincoln Drive Newport, RI 02840",No,https://riparks.ri.gov/parks/eisenhower-house-fort-adams-state-park
Rhode Island,Fort Adams State Park,Newport,,,https://riparks.ri.gov/parks/fort-adams-state-park
Rhode Island,Fort Wetherill State Park,Newport,,,https://riparks.ri.gov/parks/fort-wetherill-state-park
Rhode Island,Goddard Memorial State Golf Course,Kent,,,https://riparks.ri.gov/parks/goddard-memorial-state-golf-course
Rhode Island,Goddard Memorial State Park,Kent,"1095 Ives Road, Warwick, RI 02818",No,https://riparks.ri.gov/parks/goddard-memorial-state-park
Rhode Island,Haines Memorial State Park,Bristol,,,https://riparks.ri.gov/parks/haines-memorial-state-park
Rhode Island,John H Chafee Nature Preserve,South,,,https://riparks.ri.gov/parks/john-h-chafee-nature-preserve
Rhode Island,Lincoln Woods State Park,Providence,"2 Manchester Print Works Road, Lincoln, RI 02865",No,https://riparks.ri.gov/parks/lincoln-woods-state-park
Rhode Island,Pulaski State Park,Providence,"151 Pulaski Road Chepachet, RI 02814",No,https://riparks.ri.gov/parks/pulaski-state-park
Rhode Island,Rocky Point State Park,Kent,"1095 Ives Road, Warwick, RI 02818",No,https://riparks.ri.gov/parks/rocky-point-state-park
South Carolina,Aiken State Park,Aiken,,,https://southcarolinaparks.com/aiken
South Carolina,Andrew Jackson State Park,Lancaster,,,https://southcarolinaparks.com/andrew-jackson
South Carolina,Baker Creek State Park,McCormick,,,https://southcarolinaparks.com/baker-creek
South Carolina,Barnwell State Park,Barnwell,,,https://southcarolinaparks.com/barnwell
South Carolina,Battle of Musgrove Mill State Historic Site,Spartanburg,,,https://southcarolinaparks.com/musgrove-mill
South Carolina,Battle of Rivers Bridge State Historic Site,Bamberg,,,https://southcarolinaparks.com/rivers-bridge
South Carolina,Black River State Park,Williamsburg,,,https://southcarolinaparks.com/black-river
South Carolina,Caesars Head State Park,Greenville,"8155 Geer HWY Cleveland, SC 29635",No,https://southcarolinaparks.com/caesars-head
South Carolina,Calhoun Falls State Park,Abbeville,"46 Maintenance Shop RD Calhoun Falls, SC 29628",No,https://southcarolinaparks.com/calhoun-falls
South Carolina,Charles Towne Landing State Historic Site,Charleston,"1500 Old Towne RD Charleston, SC 29407",Yes,https://southcarolinaparks.com/charles-towne-landing
South Carolina,Cheraw State Park,Chesterfield,"100 State Park RD Cheraw, SC 29520",No,https://southcarolinaparks.com/cheraw
South Carolina,Chester State Park,Chester,"788 State Park DR Chester, SC 29706",No,https://southcarolinaparks.com/chester
South Carolina,Colleton State Park,Colleton,"147 Wayside LN Walterboro, SC 29488",No,https://southcarolinaparks.com/colleton
South Carolina,Colonial Dorchester State Historic Site,Dorchester,"300 State Park RD Summerville, SC 29485",No,https://southcarolinaparks.com/colonial-dorchester
South Carolina,Croft State Park,Spartanburg,"450 Croft State Park RD Spartanburg, SC 29302",No,https://southcarolinaparks.com/croft
South Carolina,Devils Fork State Park,Oconee,,,https://southcarolinaparks.com/devils-fork
South Carolina,Dreher Island State Park,Newberry,"3677 State Park RD Prosperity, SC 29127",No,https://southcarolinaparks.com/dreher-island
South Carolina,Edisto Beach State Park,Colleton,,,https://southcarolinaparks.com/edisto-beach
South Carolina,Givhans Ferry State Park,Dorchester,,,https://southcarolinaparks.com/givhans-ferry
South Carolina,Goodale State Park,Kershaw,,,https://southcarolinaparks.com/goodale
South Carolina,H. Cooper Black Jr. Memorial Field Trial & Recreation Area,Chesterfield,"279 Sporting Dog TRL Cheraw, SC 29520",No,https://southcarolinaparks.com/h-cooper-black
South Carolina,Hamilton Branch State Park,McCormick,,,https://southcarolinaparks.com/hamilton-branch
South Carolina,Hampton State Historic Site,Charleston,,,https://southcarolinaparks.com/hampton
South Carolina,Hickory Knob State Resort Park,McCormick,,,https://southcarolinaparks.com/hickory-knob
South Carolina,Hunting Island State Park,Beaufort,,,https://southcarolinaparks.com/hunting-island
South Carolina,Huntington Beach State Park,Georgetown,,,https://southcarolinaparks.com/huntington-beach
South Carolina,Jones Gap State Park,Greenville,,,https://southcarolinaparks.com/jones-gap
South Carolina,Keowee-Toxaway State Park,Pickens,,,https://southcarolinaparks.com/keowee-toxaway
South Carolina,Kings Mountain State Park,York,,,https://southcarolinaparks.com/kings-mountain
South Carolina,Lake Greenwood State Park,Greenwood,"302 State Park RD Ninety Six, SC 29666",No,https://southcarolinaparks.com/lake-greenwood
South Carolina,Lake Hartwell State Park,Oconee,"11 S Fair Play, SC 29643",Yes,https://southcarolinaparks.com/lake-hartwell
South Carolina,Lake Warren State Park,Allendale,"1079 Lake Warren RD Hampton, SC 29924",No,https://southcarolinaparks.com/lake-warren
South Carolina,Lake Wateree State Park,Fairfield,"881 State Park RD Winnsboro, SC 29180",No,https://southcarolinaparks.com/lake-wateree
South Carolina,Landsford Canal State Park,Chester,"2051 Park DR Catawba, SC 29704",No,https://southcarolinaparks.com/landsford-canal
South Carolina,Lee State Park,Lee,"487 Loop RD Bishopville, SC 29010",Yes,https://southcarolinaparks.com/lee
South Carolina,Little Pee Dee State Park,Dillon,"1298 State Park RD Dillon, SC 29536",No,https://southcarolinaparks.com/little-pee-dee
South Carolina,May Forest State Park,Charleston,,,https://southcarolinaparks.com/may-forest
South Carolina,Myrtle Beach State Park,Horry,,,https://southcarolinaparks.com/myrtle-beach
South Carolina,Oconee State Park,Oconee,,,https://southcarolinaparks.com/oconee
South Carolina,Oconee Station State Historic Site,Oconee,,,https://southcarolinaparks.com/oconee-station
South Carolina,Paris Mountain State Park,Greenville,,,https://southcarolinaparks.com/paris-mountain
South Carolina,PIne Island State Park,Lexington,"150 Pine Island RD Columbia, SC 29212",No,https://southcarolinaparks.com/pine-island
South Carolina,Poinsett State Park,Sumter,"6660 Poinsett Park RD Wedgefield, SC 29168",No,https://southcarolinaparks.com/poinsett
South Carolina,Redcliffe State Historic Site,Aiken,,,https://southcarolinaparks.com/redcliffe
South Carolina,Rose Hill State Historic Site,Anderson,,,https://southcarolinaparks.com/rose-hill
South Carolina,Sadlers Creek State Park,Anderson,,,https://southcarolinaparks.com/sadlers-creek
South Carolina,Santee State Park,Orangeburg,,,https://southcarolinaparks.com/santee
South Carolina,Sesqui State Park,Richland,,,https://southcarolinaparks.com/sesqui
South Carolina,St. Phillips Island,Beaufort,"2555 Sea Island PKWY Hunting Island, SC 29920",No,https://southcarolinaparks.com/st-phillips-island
South Carolina,Table Rock State Park,Pickens,,,https://southcarolinaparks.com/table-rock
South Carolina,Woods Bay State Park,Sumter,,,https://southcarolinaparks.com/woods-bay
South Dakota,Adams Homestead and Nature Preserve,Union,"272 Westshore Drive McCook Lake, SD 57049",Yes,https://gfp.sd.gov/parks/detail/Adams-Homestead-and-Nature-Preserve
South Dakota,Angostura Recreation Area,Fall River,"13157 N. Angostura Road Hot Springs, SD 57747",Yes,https://gfp.sd.gov/parks/detail/Angostura-Recreation-Area
South Dakota,Bear Butte State Park,Meade,"20250 Hwy 79 PO Box 688 Sturgis, SD 57785",Yes,https://gfp.sd.gov/parks/detail/Bear-Butte-State-Park
South Dakota,Big Sioux Recreation Area,Minnehaha,"410 West Park Street Brandon, SD 57005",No,https://gfp.sd.gov/parks/detail/Big-Sioux-Recreation-Area
South Dakota,Burke Lake Recreation Area,Gregory,"29145 Burke Lake Road Burke, SD 57523",No,https://gfp.sd.gov/parks/detail/Burke-Lake-Recreation-Area
South Dakota,Buryanek Recreation Area,Gregory,"27450 Buryanek Road Burke, SD 57523",No,https://gfp.sd.gov/parks/detail/Buryanek-Recreation-Area
South Dakota,Chief White Crane Recreation Area,Yankton,"31323 Toe Road Yankton, SD 57078",No,https://gfp.sd.gov/parks/detail/Chief-White-Crane-Recreation-Area
South Dakota,Cow Creek Recreation Area,Sully,"28229 Cow Creek Road Pierre, SD 57501",No,https://gfp.sd.gov/parks/detail/Cow-Creek-Recreation-Area-
South Dakota,Custer State Park,Custer,"13329 US Highway 16A Custer, SD 57730",Yes,https://gfp.sd.gov/parks/detail/Custer-State-Park
South Dakota,Farm Island Recreation Area,Hughes,"1301 Farm Island Road Pierre, SD 57501",No,https://gfp.sd.gov/parks/detail/Farm-Island-Recreation-Area
South Dakota,Fisher Grove State Park,Spink,"17290 Fishers Lane Frankfort, SD 57440",No,https://gfp.sd.gov/parks/detail/-Fisher-Grove-State-Park
South Dakota,Fort Sisseton Historic State Park,Marshall,"11907 434th Avenue Lake City, SD 57247",Yes,https://gfp.sd.gov/parks/detail/Fort-Sisseton-Historic-State-Park
South Dakota,Good Earth State Park,Lincoln,"26924 480th Ave Sioux Falls, SD 57108",Yes,https://gfp.sd.gov/parks/detail/Good-Earth-State-Park
South Dakota,Hartford Beach State Park,Roberts,"13672 Hartford Beach Road Corona, SD 57227",No,https://gfp.sd.gov/parks/detail/Hartford-Beach-State-Park
South Dakota,Indian Creek Recreation Area,Walworth,"12905 288th Avenue Mobridge, SD 57601",No,https://gfp.sd.gov/parks/detail/Indian-Creek-Recreation-Area
South Dakota,Lake Alvin Recreation Area,Lincoln,"27225 480th Avenue Harrisburg, SD 57032",No,https://gfp.sd.gov/parks/detail/Lake-Alvin-Recreation-Area
South Dakota,Lake Cochrane Recreation Area,Deuel,"3454 Edgewater Drive Gary, SD 57237",No,https://gfp.sd.gov/parks/detail/Lake-Cochrane-Recreation-Area
South Dakota,Lake Herman State Park,Lake,"23409 State Park Drive Madison, SD 57042",Yes,https://gfp.sd.gov/parks/detail/Lake-Herman-State-Park
South Dakota,Lake Hiddenwood Recreation Area,Walworth,,No,https://gfp.sd.gov/parks/detail/Lake-Hiddenwood-Recreation-Area
South Dakota,Lake Louise Recreation Area,Hand,"35250 191st Street Miller, SD 57362",No,https://gfp.sd.gov/parks/detail/Lake-Louise-Recreation-Area
South Dakota,Lake Poinsett Recreation Area,Brookings,"45617 S.Poinsett Dr. Arlington, SD 57212",Yes,https://gfp.sd.gov/parks/detail/Lake-Poinsett-Recreation-Area
South Dakota,Lake Thompson Recreation Area,Kingsbury,"21176 Flood Club Road Lake Preston, SD 57249",No,https://gfp.sd.gov/parks/detail/Lake-Thompson-Recreation-Area
South Dakota,Lake Vermillion Recreation Area,McCook,"26140 451st Ave Canistota, SD 57012",No,https://gfp.sd.gov/parks/detail/Lake-Vermillion-Recreation-Area
South Dakota,Lewis and Clark Recreation Area,Yankton,"43349 SD Hwy 52 Yankton, SD 57078",Yes,https://gfp.sd.gov/parks/detail/Lewis-and-Clark-Recreation-Area
South Dakota,Little Moreau Recreation Area,Dewey,"16157 West Whitlock, Ste A Gettysburg, SD 57442",No,https://gfp.sd.gov/parks/detail/Little-Moreau-Recreation-Area
South Dakota,Llewellyn Johns Recreation Area,Perkins,"19150 Summerville Road Shadehill, SD 57653",No,https://gfp.sd.gov/parks/detail/Llewellyn-Johns-Recreation-Area
South Dakota,Mina Lake Recreation Area,Edmunds,"402 Park Avenue Mina, SD 57451",No,https://gfp.sd.gov/parks/detail/Mina-Lake-Recreation-Area
South Dakota,Newton Hills State Park,Lincoln,"28767 482nd Avenue Canton, SD 57013",No,https://gfp.sd.gov/parks/detail/Newton-Hills-State-Park
South Dakota,North Point Recreation Area,Charles Mix,"38180 297th Avenue Lake Andes, SD 57356",No,https://gfp.sd.gov/parks/detail/North-Point-Recreation-Area
South Dakota,North Wheeler Recreation Area,Charles Mix,"29084 North Wheeler Road Geddes, SD 57342",No,https://gfp.sd.gov/parks/detail/North-Wheeler-Recreation-Area
South Dakota,Oahe Downstream Recreation Area,Stanley,"20439 Marina Loop Road Fort Pierre, SD 57532",Yes,https://gfp.sd.gov/parks/detail/Oahe-Downstream-Recreation-Area
South Dakota,Oakwood Lakes State Park,Brookings,"20247 Oakwood Drive Bruce, SD 57220",No,https://gfp.sd.gov/parks/detail/Oakwood-Lakes-State-Park
South Dakota,Okobojo Point Recreation Area,Sully,"19425 Okobojo Point Drive Fort Pierre, SD 57532",No,https://gfp.sd.gov/parks/detail/Okobojo-Point-Recreation-Area
South Dakota,Palisades State Park,Minnehaha,"48422 256th St Garretson, SD 57030",No,https://gfp.sd.gov/parks/detail/Palisades-State-Park
South Dakota,Pease Creek Recreation Area,Charles Mix,"37270 293rd Street Geddes, SD 57342",No,https://gfp.sd.gov/parks/detail/Pease-Creek-Recreation-Area
South Dakota,Pelican Lake Recreation Area,Codington,"17450 450th Avenue Watertown, SD 57201",No,https://gfp.sd.gov/parks/detail/Pelican-Lake-Recreation-Area
South Dakota,Pickerel Lake Recreation Area,Day,"12980 446th Avenue Grenville, SD 57239",No,https://gfp.sd.gov/parks/detail/Pickerel-Lake-Recreation-Area
South Dakota,Pierson Ranch Recreation Area,Yankton,"31144 Toe Road Yankton, SD 57078",No,https://gfp.sd.gov/parks/detail/Pierson-Ranch-Recreation-Area
South Dakota,Platte Creek Recreation Area,Charles Mix,"35910 282nd Street Platte, SD 57369",No,https://gfp.sd.gov/parks/detail/Platte-Creek-Recreation-Area
South Dakota,Randall Creek Recreation Area,Gregory,"136 Randall Creek Road Pickstown, SD 57367",No,https://gfp.sd.gov/parks/detail/Randall-Creek-Recreation-Area
South Dakota,Revheim Bay Recreation Area,Walworth,,No,https://gfp.sd.gov/parks/detail/Revheim-Bay-Recreation-Area
South Dakota,Richmond Lake Recreation Area,Brown,,No,https://gfp.sd.gov/parks/detail/Richmond-Lake-Recreation-Area
South Dakota,Rocky Point Recreation Area,Butte,"18513 Fisherman's Road Belle Fourche, SD 57717",No,https://gfp.sd.gov/parks/detail/Rocky-Point-Recreation-Area
South Dakota,Roy Lake State Park,Marshall,"11545 Northside Drive Lake City, SD 57247",No,https://gfp.sd.gov/parks/detail/Roy-Lake-State-Park
South Dakota,Sandy Shore Recreation Area,Codington,"1100 South Lake Drive Watertown, SD 57201",No,https://gfp.sd.gov/parks/detail/Sandy-Shore-Recreation-Area
South Dakota,Shadehill Recreation Area,Perkins,"19150 Summerville Road Shadehill, SD 57638",No,https://gfp.sd.gov/parks/detail/Shadehill-Recreation-Area
South Dakota,Sheps Canyon Recreation Area,Fall River,"28150 South Boat Ramp Road Hot Springs, SD 57747",No,https://gfp.sd.gov/parks/detail/Sheps-Canyon-Recreation-Area
South Dakota,Sica Hollow State Park,"Marshall, Roberts","44950 Park Road Sisseton, SD 57262",No,https://gfp.sd.gov/parks/detail/Sica-Hollow-State-Park
South Dakota,Snake Creek Recreation Area,Charles Mix,"35316 SD Hwy 44 Platte, SD 57369",No,https://gfp.sd.gov/parks/detail/Snake-Creek-Recreation-Area
South Dakota,Spring Creek Recreation Area,Hughes,"28229 E Spring Creek Place Pierre, SD 57501",No,https://gfp.sd.gov/parks/detail/Spring-Creek-Recreation-Area
South Dakota,Springfield Recreation Area,Bon Homme,"1412 Boat Basin Drive Springfield, SD 57062",No,https://gfp.sd.gov/parks/detail/Springfield-Recreation-Area
South Dakota,Swan Creek Recreation Area,Walworth,"16157A West Whitlock Road, Ste A Gettysburg, SD 57442",No,https://gfp.sd.gov/parks/detail/Swan-Creek-Recreation-Area
South Dakota,Union Grove State Park,Union,"30828 471st Avenue Beresford, SD 57004",No,https://gfp.sd.gov/parks/detail/Union-Grove-State-Park
South Dakota,Walker's Point Recreation Area,Lake,"6431 Walker's Point Drive Wentworth, SD 57075",No,https://gfp.sd.gov/parks/detail/Walker's-Point-Recreation-Area
South Dakota,West Bend Recreation Area,Hughes,"22154 West Bend Road Harrold, SD 57536",No,https://gfp.sd.gov/parks/detail/West-Bend-Recreation-Area
South Dakota,West Pollock Recreation Area,Campbell,,No,https://gfp.sd.gov/parks/detail/West-Pollock-Recreation-Area
South Dakota,West Whitlock Recreation Area,Potter,"16157 West Whitlock, Ste A Gettysburg, SD 57442",No,https://gfp.sd.gov/parks/detail/West-Whitlock-Recreation-Area
Tennessee,Bicentennial Mall State Park,Davidson,"600 James Robertson Parkway Nashville, TN 37243",Yes,https://tnstateparks.com/parks/bicentennial-mall
Tennessee,Big Cypress Tree State Park,Weakley,"295 Big Cypress Road Greenfield, TN 38230",Yes,https://tnstateparks.com/parks/big-cypress-tree
Tennessee,Big Hill Pond State Park,McNairy,"1435 John Howell Road Pocahontas, TN 38061",Yes,https://tnstateparks.com/parks/big-hill-pond
Tennessee,Big Ridge State Park,Union,"1015 Big Ridge Park Road Maynardville, TN 37087",Yes,https://tnstateparks.com/parks/big-ridge
Tennessee,Bledsoe Creek State Park,Sumner,"400 Zieglers Fort Road Gallatin, TN 37066",Yes,https://tnstateparks.com/parks/bledsoe-creek
Tennessee,Booker T Washington State Park,Hamilton,"5801 Champion Road Chattanooga, TN 37416",Yes,https://tnstateparks.com/parks/booker-t-washington
Tennessee,Burgess Falls State Park,Putnam,"8487 Burgess Falls Rd. Baxter, TN 38544",Yes,https://tnstateparks.com/parks/burgess-falls
Tennessee,Cardwell Mountain State Park,Warren,,No,https://tnstateparks.com/parks/cardwell-mountain
Tennessee,Cedars of Lebanon State Park,Wilson,"328 Cedar Forest Road Lebanon, TN 37090",Yes,https://tnstateparks.com/parks/cedars-of-lebanon
Tennessee,Cherokee Trail of Tears State Park,Meigs,"6800 Blythe Ferry Lane Birchwood, TN 37308",Yes,https://tnstateparks.com/parks/cherokee-trail-of-tears
Tennessee,Chickasaw State Park,Chester,"20 Cabin Lane Henderson, TN 38340",Yes,https://tnstateparks.com/parks/chickasaw
Tennessee,Cordell Hull Birthplace State Park,Pickett,"1300 Cordell Hull Memorial Drive Byrdstown, TN 38549",Yes,https://tnstateparks.com/parks/cordell-hull-birthplace
Tennessee,Cove Lake State Park,Campbell,"110 Cove Lake Lane Caryville, TN 37714",Yes,https://tnstateparks.com/parks/cove-lake
Tennessee,Cumberland Mountain State Park,Cumberland,"407 Wild Plum Lane Crossville, TN 38572",Yes,https://tnstateparks.com/parks/cumberland-mountain
Tennessee,Cumberland Trail State Park,Hamilton,"270 Glyph Parkway Pikeville, TN 37367",Yes,https://tnstateparks.com/parks/cumberland-trail
Tennessee,Cummins Falls State Park,Jackson,"390 Cummins Falls Lane Cookeville, TN 38501",Yes,https://tnstateparks.com/parks/cummins-falls
Tennessee,David Crockett Birthplace State Park,Greene,"1245 Davy Crockett Park Rd Limestone, TN 37681",Yes,https://tnstateparks.com/parks/david-crockett-birthplace
Tennessee,David Crockett State Park,Lawrence,"1400 West Gaines St. Lawrenceburg, TN 38464",Yes,https://tnstateparks.com/parks/david-crockett
Tennessee,Devils Backbone State Park,Union,"2120 Natchez Trace Parkway Hohenwald, TN 38462",No,https://tnstateparks.com/parks/devils-backbone
Tennessee,Dunbar Cave State Park,Montgomery,"401 Old Dunbar Cave Road Clarksville, TN 37043",Yes,https://tnstateparks.com/parks/dunbar-cave
Tennessee,Edgar Evins State Park,DeKalb,"1630 Edgar Evins State Park Rd Silver Point, TN 38582",Yes,https://tnstateparks.com/parks/edgar-evins
Tennessee,Fall Creek Falls State Park,Van Buren,"2009 Village Camp Road Spencer, TN 38585",Yes,https://tnstateparks.com/parks/fall-creek-falls
Tennessee,Fiery Gizzard State Park,Grundy,"11745 US 41 Monteagle, TN 37356",Yes,https://tnstateparks.com/parks/fiery-gizzard
Tennessee,Fort Loudoun State Park,Monroe,"338 Fort Loudoun Road Vonore, TN 37885",Yes,https://tnstateparks.com/parks/fort-loudoun
Tennessee,Fort Pillow State Park,Lauderdale,"3122 Park Road Henning, TN 38041",Yes,https://tnstateparks.com/parks/fort-pillow
Tennessee,Frozen Head State Park,Morgan,"964 Flat Fork Road Wartburg, TN 37887",Yes,https://tnstateparks.com/parks/frozen-head
Tennessee,Harpeth River State Park,Cheatham,"1640 Cedar Hill Road Kingston Springs, TN 37082",No,https://tnstateparks.com/parks/harpeth-river
Tennessee,Harrison Bay State Park,Hamilton,"5415 Campground Drive Harrison, TN 37341",Yes,https://tnstateparks.com/parks/harrison-bay
Tennessee,Head of the Crow State Park,Cumberland,"17 Lake O'Donnell Rd Sewanee, TN 37375",Yes,https://tnstateparks.com/parks/head-of-the-crow
Tennessee,Henry Horton State Park,Marshall,"4201 Nashville Hwy Chapel Hill, TN 37034",Yes,https://tnstateparks.com/parks/henry-horton
Tennessee,Hiwassee River State Park,Polk,"404 Spring Creek Road Delano, TN 37325",Yes,https://tnstateparks.com/parks/hiwassee-river
Tennessee,Indian Mountain State Park,Campbell,"143 State Park Circle Jellico, TN 37762",Yes,https://tnstateparks.com/parks/indian-mountain
Tennessee,Johnsonville State Park,Humphreys,"90 Nell Beard Rd New Johnsonville, TN 37134",Yes,https://tnstateparks.com/parks/johnsonville
Tennessee,Long Hunter State Park,Davidson,"2910 Hobson Pike Hermitage, TN 37076",Yes,https://tnstateparks.com/parks/long-hunter
Tennessee,Meeman Shelby State Park,Shelby,"9910 Riddick Road Millington, TN 38053",Yes,https://tnstateparks.com/parks/meeman-shelby
Tennessee,Middle Fork Bottoms State Park,Madison,"111 Sanders Bluff Road Humboldt, TN 38343",No,https://tnstateparks.com/parks/middle-fork-bottoms
Tennessee,Montgomery Bell State Park,Dickson,"1020 Jackson Hill Road Burns, TN 37029",Yes,https://tnstateparks.com/parks/montgomery-bell
Tennessee,Mousetail Landing State Park,Perry,"3 Campground Road Linden, TN 37096",Yes,https://tnstateparks.com/parks/mousetail-landing
Tennessee,Natchez Trace State Park,Henderson,"24845 Natchez Trace Rd Wildersville, TN 38388",Yes,https://tnstateparks.com/parks/natchez-trace
Tennessee,Nathan Bedford Forrest State Park,Benton,"2898 Pilot Knob Rd Eva, TN 38333",Yes,https://tnstateparks.com/parks/nathan-bedford-forrest
Tennessee,Norris Dam State Park,"Campbell, Anderson","125 Village Green Circle Rocky Top, TN 37769",Yes,https://tnstateparks.com/parks/norris-dam
Tennessee,North Chickamauga State Park,Hamilton,"354 Montlake Road Soddy Daisy, TN 37379",Yes,https://tnstateparks.com/parks/north-chickamauga
Tennessee,Ocoee River State Park,Polk,"404 Spring Creek Road, Delano, TN 37325",Yes,https://tnstateparks.com/parks/ocoee-river
Tennessee,Old Stone Fort State Park,Coffee,"732 Stone Fort Dr Manchester, TN 37355",Yes,https://tnstateparks.com/parks/old-stone-fort
Tennessee,Panther Creek State Park,Hamblen,"2010 Panther Creek Park Road Morristown, TN 37814",Yes,https://tnstateparks.com/parks/panther-creek
Tennessee,Paris Landing State Park,Henry,"16055 Highway 79 N Buchanan, TN 38222",Yes,https://tnstateparks.com/parks/paris-landing
Tennessee,Pickett State Park,Pickett,"4605 Pickett Park Hwy Jamestown, TN 38556",Yes,https://tnstateparks.com/parks/pickett
Tennessee,Pickwick Landing State Park,Hardin,"400 Marina Road Pickwick Dam, TN 38365",Yes,https://tnstateparks.com/parks/pickwick-landing
Tennessee,Pinson Mounds State Park,Madison,"460 Ozier Road Pinson, TN 38366",Yes,https://tnstateparks.com/parks/pinson-mounds
Tennessee,Port Royal State Park,Montgomery,"3300 Old Clarksville Hwy Adams, TN 37010",No,https://tnstateparks.com/parks/port-royal
Tennessee,Radnor Lake State Park,Davidson,"1160 Otter Creek Road Nashville, TN 37220",Yes,https://tnstateparks.com/parks/radnor-lake
Tennessee,Red Clay State Park,Bradley,"1140 Red Clay Park Road SW Cleveland, TN 37311",Yes,https://tnstateparks.com/parks/red-clay
Tennessee,Reelfoot Lake State Park,"Lake, Obion","2595 HWY 21 E Tiptonville, TN 38079",Yes,https://tnstateparks.com/parks/reelfoot-lake
Tennessee,Roan Mountain State Park,Carter,"527 Highway 143 Roan Mountain, TN 37687",Yes,https://tnstateparks.com/parks/roan-mountain
Tennessee,Rock Island State Park,Warren,"82 Beach Road Rock Island, TN 38581",Yes,https://tnstateparks.com/parks/rock-island
Tennessee,Rocky Fork State Park,Unicoi,"501 Rocky Fork Road Flag Pond, TN 37657",No,https://tnstateparks.com/parks/rocky-fork
Tennessee,Savage Gulf State Park,Grundy,"1183 Stone Door Rd Beersheba Springs, TN 37305",No,https://tnstateparks.com/parks/savage-gulf
Tennessee,Scotts Gulf State Park,White,"6747 Lost Creek Road Sparta, TN 38583",Yes,https://tnstateparks.com/parks/scotts-gulf
Tennessee,Seven Islands State Park,Knox,"2809 Kelly Lane Kodak, TN 37764",No,https://tnstateparks.com/parks/seven-islands
Tennessee,Sgt Alvin C York State Park,Fentress,"2609 North York Hwy Pall Mall, TN 38577",No,https://tnstateparks.com/parks/sgt-alvin-c-york
Tennessee,Standing Stone State Park,Overton,"1674 Standing Stone Highway Hilham, TN 38568",Yes,https://tnstateparks.com/parks/standing-stone
Tennessee,Sycamore Shoals State Park,Carter,"1651 W Elk Avenue Elizabethton, TN 37643",Yes,https://tnstateparks.com/parks/sycamore-shoals
Tennessee,T O Fuller State Park,Shelby,"1500 West Mitchell Road Memphis, TN 38109",Yes,https://tnstateparks.com/parks/t-o-fuller
Tennessee,Tims Ford State Park,Franklin,"570 Tims Ford Drive Winchester, TN 37398",Yes,https://tnstateparks.com/parks/tims-ford
Tennessee,Warriors Path State Park,Sullivan,"490 Hemlock Road Kingsport, TN 37663",No,https://tnstateparks.com/parks/warriors-path
Texas,Abilene,Taylor,"150 Park Road 32 Tuscola, TX 79562",No,https://tpwd.texas.gov/state-parks/abilene
Texas,Atlanta,Cass,"927 Park Road 42 Atlanta, TX 75551",No,https://tpwd.texas.gov/state-parks/atlanta
Texas,Balmorhea,Reeves,"9207 TX-17 Toyahvale, TX 79786",Yes,https://tpwd.texas.gov/state-parks/balmorhea
Texas,Barton Warnock,Brewster,"21800 FM 170 Terlingua, TX 79852",Yes,https://tpwd.texas.gov/state-parks/barton-warnock
Texas,Bastrop,Bastrop,"100 Park Road 1A Bastrop, TX 78602",Yes,https://tpwd.texas.gov/state-parks/bastrop
Texas,Battleship Texas,Williamson,"1302 Waugh Drive, Suite 363 Houston, TX 77019",No,https://tpwd.texas.gov/state-parks/battleship-texas
Texas,Bentsen Rio Grande Valley,Hidalgo,,No,https://tpwd.texas.gov/state-parks/bentsen-rio-grande-valley
Texas,Big Bend Ranch,"Presidio, Brewster","21800 FM 170 Terlingua, TX 79852",Yes,https://tpwd.texas.gov/state-parks/big-bend-ranch
Texas,Big Spring,Howard,"1 Scenic Drive Big Spring, TX 79720",Yes,https://tpwd.texas.gov/state-parks/big-spring
Texas,Blanco,Blanco,"101 Park Road 23 Blanco, TX 78606",No,https://tpwd.texas.gov/state-parks/blanco
Texas,Bonham,Fannin,"1363 State Park 24 Bonham, TX 75418",No,https://tpwd.texas.gov/state-parks/bonham
Texas,Brazos Bend,Fort Bend,"21901 FM 762 Needville, TX 77461",Yes,https://tpwd.texas.gov/state-parks/brazos-bend
Texas,Buescher,Bastrop,"100 Park Road 1E Smithville, TX 78957",No,https://tpwd.texas.gov/state-parks/buescher
Texas,Caddo Lake,Harrison,"245 Park Road 2 Karnack, TX 75661",No,https://tpwd.texas.gov/state-parks/caddo-lake
Texas,Caprock Canyons,Briscoe,"850 State Park Rd. Quitaque, TX 79255",No,https://tpwd.texas.gov/state-parks/caprock-canyons
Texas,Cedar Hill,Dallas,"1570 West FM 1382 Cedar Hill, TX 75104",No,https://tpwd.texas.gov/state-parks/cedar-hill
Texas,Choke Canyon,"McMullen, Live Oak","358 Recreation Rd. 8 Calliham, TX 78007",No,https://tpwd.texas.gov/state-parks/choke-canyon
Texas,Cleburne,Johnson,"5800 Park Road 21 Cleburne, TX 76033",No,https://tpwd.texas.gov/state-parks/cleburne
Texas,Colorado Bend,"San Saba, Lampasas","1201 Colorado Park Road Bend, TX 76824",No,https://tpwd.texas.gov/state-parks/colorado-bend
Texas,Cooper Lake,Caldwell,"95 Park Road 8154 Cooper, TX 75432",No,https://tpwd.texas.gov/state-parks/cooper-lake
Texas,Copper Breaks,Hardeman,"777 Park Road 62 Quanah, TX 79252",No,https://tpwd.texas.gov/state-parks/copper-breaks
Texas,Daingerfield,Morris,"30 miles southeast of the park. 455 Park Road 17 Daingerfield, TX 75638",No,https://tpwd.texas.gov/state-parks/daingerfield
Texas,Davis Mountains,Jeff Davis,"3 Fort Davis, TX 79734",Yes,https://tpwd.texas.gov/state-parks/davis-mountains
Texas,Devils River,Val Verde,"15166 Private Road 1500 Del Rio, TX 78840",No,https://tpwd.texas.gov/state-parks/devils-river
Texas,Devils Sinkhole,Edwards,"101 N. Sweeten St. Rocksprings, TX 78880",Yes,https://tpwd.texas.gov/state-parks/devils-sinkhole
Texas,Dinosaur Valley,Somervell,"1629 Park Rd 59 Glen Rose, TX 76043",No,https://tpwd.texas.gov/state-parks/dinosaur-valley
Texas,Eisenhower,Grayson,"50 Park Road 20 Denison, TX 75020",No,https://tpwd.texas.gov/state-parks/eisenhower
Texas,Enchanted Rock,"Llano, Gillespie","16710 Ranch Rd. 965 Fredericksburg, TX 78624",No,https://tpwd.texas.gov/state-parks/enchanted-rock
Texas,Estero Llano Grande,Hidalgo,,No,https://tpwd.texas.gov/state-parks/estero-llano-grande
Texas,Falcon,Zapata,"146 Park Rd 46 Falcon Heights, TX 78545",No,https://tpwd.texas.gov/state-parks/falcon
Texas,Fanthorp Inn,Grimes,"579 S. Main St. Anderson, TX 77830",No,https://tpwd.texas.gov/state-parks/fanthorp-inn
Texas,Fort Boggy,Leon,"4994 Highway 75 South Centerville, TX 75833",No,https://tpwd.texas.gov/state-parks/fort-boggy
Texas,Fort Leaton,Presidio,"16952 FM 170 East Presidio, TX 79845",Yes,https://tpwd.texas.gov/state-parks/fort-leaton
Texas,Fort Parker,Limestone,"194 Park Road 28 Mexia, TX 76667",No,https://tpwd.texas.gov/state-parks/fort-parker
Texas,Fort Richardson,Jack,"228 State Park Road 61 Jacksboro, TX 76458",No,https://tpwd.texas.gov/state-parks/fort-richardson
Texas,Franklin Mountains,El Paso,"2900 Tom Mays Access Rd. El Paso, TX 79911",No,https://tpwd.texas.gov/state-parks/franklin-mountains
Texas,Galveston Island,Galveston,"14901 FM 3005 Galveston, TX 77554",Yes,https://tpwd.texas.gov/state-parks/galveston-island
Texas,Garner,Uvalde,"234 RR 1050 Concan, TX 78838",Yes,https://tpwd.texas.gov/state-parks/garner
Texas,Goliad,Goliad,"1894 appearance. 108 Park Road 6 Goliad, TX 77963",No,https://tpwd.texas.gov/state-parks/goliad
Texas,Goose Island,Aransas,"202 S. Palmetto St. Rockport, TX 78382",No,https://tpwd.texas.gov/state-parks/goose-island
Texas,Government Canyon,Bexar,"7 am daily. 12861 Galm Rd San Antonio, TX 78254",No,https://tpwd.texas.gov/state-parks/government-canyon
Texas,Guadalupe River,"Kendall, Comal","3350 Park Road 31 Spring Branch, TX 78070",Yes,https://tpwd.texas.gov/state-parks/guadalupe-river
Texas,Hill Country,"Bandera, Medina","10600 Bandera Creek Road Bandera, TX 78003",No,https://tpwd.texas.gov/state-parks/hill-country
Texas,Honey Creek,Burnet,"558 Park Road 31 Spring Branch, TX 78070",No,https://tpwd.texas.gov/state-parks/honey-creek
Texas,Hueco Tanks,El Paso,"6900 Hueco Tanks Road No. 1 El Paso, TX 79938",No,https://tpwd.texas.gov/state-parks/hueco-tanks
Texas,Huntsville,Walker,"565 Park Road 40 W Huntsville, TX 77340",Yes,https://tpwd.texas.gov/state-parks/huntsville
Texas,Indian Lodge,Jeff Davis,"16453 Park Rd. 3 Fort Davis, TX 79734",Yes,https://tpwd.texas.gov/state-parks/indian-lodge
Texas,Inks Lake,Burnet,"3480 Park Road 4 West Burnet, TX 78611",No,https://tpwd.texas.gov/state-parks/inks-lake
Texas,Kickapoo Cavern,Kinney,"20939 RR 674 Brackettville, TX 78832",No,https://tpwd.texas.gov/state-parks/kickapoo-cavern
Texas,Lake Arrowhead,Clay,"229 Park Road 63 Wichita Falls, TX 76310",No,https://tpwd.texas.gov/state-parks/lake-arrowhead
Texas,Lake Bob Sandlin,Titus,"341 State Park Road 2117 Pittsburg, TX 75686",No,https://tpwd.texas.gov/state-parks/lake-bob-sandlin
Texas,Lake Brownwood,Brown,"200 State Highway Park Road 15 Brownwood, TX 76801",No,https://tpwd.texas.gov/state-parks/lake-brownwood
Texas,Lake Casa Blanca,Webb,"5102 Bob Bullock Loop Laredo, TX 78041",No,https://tpwd.texas.gov/state-parks/lake-casa-blanca
Texas,Lake Colorado City,Mitchell,"4582 FM 2836 Colorado City, TX 79512",No,https://tpwd.texas.gov/state-parks/lake-colorado-city
Texas,Lake Corpus Christi,San Patricio,"23194 Park Rd. 25 Mathis, TX 78368",No,https://tpwd.texas.gov/state-parks/lake-corpus-christi
Texas,Lake Livingston,Polk,"300 Park Road 65 Livingston, TX 77351",No,https://tpwd.texas.gov/state-parks/lake-livingston
Texas,Lake Mineral Wells,Parker,"100 Park Road 71 Mineral Wells, TX 76067",No,https://tpwd.texas.gov/state-parks/lake-mineral-wells
Texas,Lake Somerville,Harris,"14222 Park Road 57 Somerville, TX 77879",No,https://tpwd.texas.gov/state-parks/lake-somerville
Texas,Lake Tawakoni,Hunt,"10822 FM 2475 Wills Point, TX 75169",No,https://tpwd.texas.gov/state-parks/lake-tawakoni
Texas,Lake Whitney,Hill,"433 FM 1244 Whitney, TX 76692",No,https://tpwd.texas.gov/state-parks/lake-whitney
Texas,Lipantitlan,Nueces,,No,https://tpwd.texas.gov/state-parks/lipantitlan
Texas,Lockhart,Caldwell,"2012 State Park Road Lockhart, TX 78644",No,https://tpwd.texas.gov/state-parks/lockhart
Texas,Longhorn Cavern,Burnet,"6211 Park Road 4 S. Burnet, TX 78611",No,https://tpwd.texas.gov/state-parks/longhorn-cavern
Texas,Lost Maples,Harris,"37221 F.M. 187 Vanderpool, TX 78885",No,https://tpwd.texas.gov/state-parks/lost-maples
Texas,Lyndon B Johnson,Gillespie,"199 Park Road 52 Stonewall, TX 78671",No,https://tpwd.texas.gov/state-parks/lyndon-b-johnson
Texas,Martin Creek Lake,Rusk,"9515 County Road 2181D Tatum, TX 75691",No,https://tpwd.texas.gov/state-parks/martin-creek-lake
Texas,Martin Dies Jr,Jasper,"634 Park Road 48 South Jasper, TX 75951",No,https://tpwd.texas.gov/state-parks/martin-dies-jr
Texas,McKinney Falls,Travis,"5808 McKinney Falls Parkway Austin, TX 78744",Yes,https://tpwd.texas.gov/state-parks/mckinney-falls
Texas,Meridian,Bosque,"173 Park Road #7 Meridian, TX 76665",No,https://tpwd.texas.gov/state-parks/meridian
Texas,Mission Tejas,Houston,"19343 State Highway 21 E. Grapeland, TX 75844",No,https://tpwd.texas.gov/state-parks/mission-tejas
Texas,Monahans Sandhills,"Ward, Winkler","101 Park Road 41 Monahans, TX 79756",No,https://tpwd.texas.gov/state-parks/monahans-sandhills
Texas,Monument Hill Kreische Brewery,Fayette,"414 TX-92 Spur La Grange, TX 78945",No,https://tpwd.texas.gov/state-parks/monument-hill-kreische-brewery
Texas,Mother Neff,Coryell,"1921 Park Road 14 Moody, TX 76557",Yes,https://tpwd.texas.gov/state-parks/mother-neff
Texas,Mustang Island,Nueces,"9394 State Highway 361 Corpus Christi, TX 78418",No,https://tpwd.texas.gov/state-parks/mustang-island
Texas,Old Tunnel,Kendall,"10619 Old San Antonio Road Fredericksburg, TX 78624",No,https://tpwd.texas.gov/state-parks/old-tunnel
Texas,Palmetto,Gonzales,"78 Park Road 11 South Gonzales, TX 78629",No,https://tpwd.texas.gov/state-parks/palmetto
Texas,Palo Duro Canyon,Harris,"11450 Park Road 5 Canyon, TX 79015",Yes,https://tpwd.texas.gov/state-parks/palo-duro-canyon
Texas,Pedernales Falls,Blanco,"2585 Park Road 6026 Johnson City, TX 78636",No,https://tpwd.texas.gov/state-parks/pedernales-falls
Texas,Port Isabel Lighthouse,Cameron,"421 East Queen Isabella Blvd Port Isabel, TX 78578",Yes,https://tpwd.texas.gov/state-parks/port-isabel-lighthouse
Texas,Possum Kingdom,Palo Pinto,"3901 State Park Rd. 33 Caddo, TX 76429",No,https://tpwd.texas.gov/state-parks/possum-kingdom
Texas,Purtis Creek,Harris,"14225 FM 316 N. Eustace, TX 75124",No,https://tpwd.texas.gov/state-parks/purtis-creek
Texas,Ray Roberts Lake,Denton,"100 PW 4137 Pilot Point, TX 76258",No,https://tpwd.texas.gov/state-parks/ray-roberts-lake
Texas,Resaca de la Palma,Cameron,,Yes,https://tpwd.texas.gov/state-parks/resaca-de-la-palma
Texas,San Angelo,Tom Green,"10 minutes from the park. 362 S. FM 2288 San Angelo, TX 76901",No,https://tpwd.texas.gov/state-parks/san-angelo
Texas,San Jacinto Battleground,Harris,"3523 Independence Parkway South La Porte, TX 77571",No,https://tpwd.texas.gov/state-parks/san-jacinto-battleground
Texas,Sea Rim,Jefferson,"19335 S. Gulfway Drive Sabine Pass, TX 77655",No,https://tpwd.texas.gov/state-parks/sea-rim
Texas,Seminole Canyon,Val Verde,"434 Park Road 67 Comstock, TX 78837",No,https://tpwd.texas.gov/state-parks/seminole-canyon
Texas,Sheldon Lake,Harris,"14140 Garrett Rd. Houston, TX 77044",No,https://tpwd.texas.gov/state-parks/sheldon-lake
Texas,South Llano River,Kimble,"1927 Park Road 73 Junction, TX 76849",No,https://tpwd.texas.gov/state-parks/south-llano-river
Texas,Stephen F Austin,Austin,"38 San Felipe, TX 77473",No,https://tpwd.texas.gov/state-parks/stephen-f-austin
Texas,Tyler,Smith,"789 Park Road 16 Tyler, TX 75706",No,https://tpwd.texas.gov/state-parks/tyler
Texas,Village Creek,Hardin,"8854 Park Road 74 Lumberton, TX 77657",No,https://tpwd.texas.gov/state-parks/village-creek
Texas,Walter Umphrey,Jefferson,,No,https://tpwd.texas.gov/state-parks/walter-umphrey
Texas,Washington on the Brazos,Washington,"23400 Park Rd 12 Washington, TX 77880",Yes,https://tpwd.texas.gov/state-parks/washington-on-the-brazos
Texas,Wyler Aerial Tramway,El Paso,"1700 McKinley El Paso, TX 79930",No,https://tpwd.texas.gov/state-parks/wyler-aerial-tramway
Utah,Anasazi State Park Museum,Garfield,,,https://stateparks.utah.gov/parks/anasazi/
Utah,Antelope Island State Park,Davis,,,https://stateparks.utah.gov/parks/antelope-island/
Utah,Bear Lake State Park,Rich,,,https://stateparks.utah.gov/parks/bear-lake/
Utah,Camp Floyd State Park Museum,Utah,,,https://stateparks.utah.gov/parks/camp-floyd/
Utah,Coral Pink Sand Dunes State Park,Kane,,,https://stateparks.utah.gov/parks/coral-pink/
Utah,Dead Horse Point State Park,Grand,,,https://stateparks.utah.gov/parks/dead-horse/
Utah,Deer Creek State Park,Wasatch,"5317 S HIGHWAY 189 HEBER, UT 84032",No,https://stateparks.utah.gov/parks/deer-creek/
Utah,East Canyon State Park,Morgan,,,https://stateparks.utah.gov/parks/east-canyon/
Utah,Echo State Park,Summit,,,https://stateparks.utah.gov/parks/echo/
Utah,Edge of the Cedars State Park Museum,San Juan,,,https://stateparks.utah.gov/parks/edge-of-the-cedars/
Utah,Escalante Petrified Forest State Park,Garfield,,,https://stateparks.utah.gov/parks/escalante-petrified-forest/
Utah,Flight Park State Recreation Area,"Utah, Salt Lake",,,https://stateparks.utah.gov/parks/flight-park/
Utah,Frontier Homestead State Park Museum,Iron,,,https://stateparks.utah.gov/parks/frontier-homestead/
Utah,Goblin Valley State Park,Emery,,,https://stateparks.utah.gov/parks/goblin-valley/
Utah,Goosenecks State Park,San Juan,,,https://stateparks.utah.gov/parks/goosenecks/
Utah,Great Salt Lake State Park,Salt Lake,,,https://stateparks.utah.gov/parks/great-salt-lake/
Utah,Green River State Park,Emery,,,https://stateparks.utah.gov/parks/green-river/
Utah,Gunlock State Park,Washington,"1450 S. Gunlock Rd. Gunlock, UT 84733",No,https://stateparks.utah.gov/parks/gunlock/
Utah,Huntington State Park,Emery,,,https://stateparks.utah.gov/parks/huntington/
Utah,Hyrum State Park,Cache,,,https://stateparks.utah.gov/parks/hyrum/
Utah,Jordan River Off-Highway Vehicle State Park,Davis,"2824 North Rosepark Lane Salt Lake City, UT 84116",No,https://stateparks.utah.gov/parks/jordan-river/
Utah,Jordanelle State Park,Wasatch,,,https://stateparks.utah.gov/parks/jordanelle/
Utah,Kodachrome Basin State Park,Kane,,,https://stateparks.utah.gov/parks/kodachrome-basin/
Utah,Lost Creek State Park,Morgan,,,https://stateparks.utah.gov/parks/lost-creek/
Utah,Millsite State Park,Emery,,,https://stateparks.utah.gov/parks/millsite/
Utah,Otter Creek State Park,Piute,,,https://stateparks.utah.gov/parks/otter-creek/
Utah,Palisade State Park,Sanpete,,,https://stateparks.utah.gov/parks/palisade/
Utah,Piute State Park,Piute,,,https://stateparks.utah.gov/parks/piute/
Utah,Quail Creek State Park,Washington,,,https://stateparks.utah.gov/parks/quail-creek/
Utah,Red Fleet State Park,Uintah,,,https://stateparks.utah.gov/parks/red-fleet/
Utah,Rockport State Park,Summit,,,https://stateparks.utah.gov/parks/rockport/
Utah,Sand Hollow State Park,Washington,,,https://stateparks.utah.gov/parks/sand-hollow/
Utah,Scofield State Park,Carbon,,,https://stateparks.utah.gov/parks/scofield/
Utah,Snow Canyon State Park,Washington,,,https://stateparks.utah.gov/parks/snow-canyon/
Utah,Steinaker State Park,Uintah,,,https://stateparks.utah.gov/parks/steinaker/
Utah,Territorial Statehouse State Park Museum,Millard,,,https://stateparks.utah.gov/parks/territorial-statehouse/
Utah,Utah Field House of Natural History State Park Museum,Uintah,,,https://stateparks.utah.gov/parks/utah-field-house/
Utah,Utah Lake State Park,Utah,,,https://stateparks.utah.gov/parks/utah-lake/
Utah,Utahraptor State Park,Grand,,,https://stateparks.utah.gov/parks/utahraptor/
Utah,Wasatch Mountain State Park,Wasatch,,,https://stateparks.utah.gov/parks/wasatch-mountain/
Utah,Willard Bay State Park,Box Elder,,,https://stateparks.utah.gov/parks/willard-bay/
Utah,Yuba State Park,"Juab, Sanpete",,,https://stateparks.utah.gov/parks/yuba/
Vermont,Alburgh Dunes State Park,Grand Isle,,No,https://vtstateparks.com/alburgh
Vermont,Allis State Park,Orange,"284 Allis State Park Rd. Randolph, VT 05060",No,https://vtstateparks.com/allis
Vermont,Big Deer State Park,Caledonia,,Yes,https://vtstateparks.com/bigdeer
Vermont,Bomoseen State Park,Rutland,"22 Cedar Mountain Rd. Castleton, VT 05743",No,https://vtstateparks.com/bomoseen
Vermont,Boulder Beach State Park,Caledonia,"2278 Boulder Beach Rd Groton, VT 05046",Yes,https://vtstateparks.com/boulder
Vermont,Branbury State Park,Addison,"3570 Lake Dunmore Rd Salisbury, VT 05769",No,https://vtstateparks.com/branbury
Vermont,Brighton State Park,Essex,"102 State Park Rd Island Pond, VT 05846",Yes,https://vtstateparks.com/brighton
Vermont,Burton Island State Park,Franklin,"2714 Hathaway Point Rd St. Albans, VT 05481",No,https://vtstateparks.com/burton
Vermont,Button Bay State Park,Addison,"5 Button Bay State Park Rd. Ferrisburgh, VT 05491",Yes,https://vtstateparks.com/buttonbay
Vermont,Camel's Hump State Park,Washington,,No,https://vtstateparks.com/camelshump
Vermont,Camp Plymouth State Park,Windsor,"2008 Scout Camp Rd. Ludlow, VT 05149",No,https://vtstateparks.com/plymouth
Vermont,Coolidge State Park,Windsor,"855 Coolidge State Park Rd. Plymouth, VT 05056",Yes,https://vtstateparks.com/coolidge
Vermont,Crystal Lake State Park,Orleans,"96 Bellwater Ave. Barton, VT 05822",No,https://vtstateparks.com/crystal
Vermont,D.A.R. State Park,Addison,"6750 VT RT 17 W Addison, VT 05491",No,https://vtstateparks.com/dar
Vermont,Elmore State Park,Lamoille,"856 VT Route 12 Elmore, VT 05657",No,https://vtstateparks.com/elmore
Vermont,Emerald Lake State Park,Bennington,"65 Emerald Lake Lane East Dorset, VT 05253",No,https://vtstateparks.com/emerald
Vermont,Fort Dummer State Park,Windham,"517 Old Guilford Rd Brattleboro, VT 05301",No,https://vtstateparks.com/fortdummer
Vermont,Gifford Woods State Park,Rutland,"34 Gifford Woods Rd. Killington, VT 05751",No,https://vtstateparks.com/gifford
Vermont,Grand Isle State Park,Addison,"36 East Shore South Grand Isle, VT 05458",Yes,https://vtstateparks.com/grandisle
Vermont,Green River Reservoir State Park,Lamoille,,No,https://vtstateparks.com/grriver
Vermont,Half Moon Pond State Park,Rutland,"1621 Black Pond Rd Hubbardton, VT 05743",No,https://vtstateparks.com/halfmoon
Vermont,Jamaica State Park,Windham,"48 Salmon Hole Lane Jamaica, VT 05343",Yes,https://vtstateparks.com/jamaica
Vermont,Kettle Pond State Park,Caledonia,"6993 State Forest Rd Groton, VT 05046",Yes,https://vtstateparks.com/kettlepond
Vermont,Kill Kare State Park,Franklin,"2714 Hathaway Point Rd St. Albans, VT 05481",No,https://vtstateparks.com/killkare
Vermont,Kingsland Bay State Park,Addison,"787 Kingsland Bay State Park Rd. Ferrisburgh, VT 05456",No,https://vtstateparks.com/kingsland
Vermont,Knight Island State Park,Grand Isle,,No,https://vtstateparks.com/knightisland
Vermont,Knight Point State Park,Grand Isle,"44 Knight Point Rd. North Hero, VT 05474",No,https://vtstateparks.com/knightpoint
Vermont,Lake Carmi State Park,Franklin,"460 Marsh Farm Rd. Enosburg Falls, VT 05450",Yes,https://vtstateparks.com/carmi
Vermont,Lake Shaftsbury State Park,Bennington,"262 Shaftsbury State Park Rd Shaftsbury, VT 05262",No,https://vtstateparks.com/shaftsbury
Vermont,Lake St. Catherine State Park,Rutland,"3034 VT Rte. 30 Poultney, VT 05764",Yes,https://vtstateparks.com/catherine
Vermont,Little River State Park,Washington,,No,https://vtstateparks.com/littleriver
Vermont,Lowell Lake State Park,Windham,"260 Ice House Road Londonderry, VT 05148",No,https://vtstateparks.com/lowell
Vermont,Maidstone State Park,Essex,"5956 Maidstone Lake Rd. Guildhall, VT 05905",No,https://vtstateparks.com/maidstone
Vermont,Molly Stark State Park,Windham,"705 Route 9 East Wilmington, VT 05363",No,https://vtstateparks.com/mollystark
Vermont,Molly's Falls Pond State Park,Washington,"5121 US Route 2 Marshfield, VT 05658",Yes,https://vtstateparks.com/mollysfalls
Vermont,Mount Philo State Park,Chittenden,"5425 Mt. Philo Rd., Charlotte, VT 05445",No,https://vtstateparks.com/philo
Vermont,Mt. Ascutney State Park,Windsor,"1826 Back Mountain Rd Windsor, VT 05089",No,https://vtstateparks.com/ascutney
Vermont,Muckross State Park,Windsor,"26 Muckross Rd Springfield, VT 05156",No,https://vtstateparks.com/muckross
Vermont,New Discovery State Park,Caledonia,"4239 VT RT 232 Marshfield, VT 05658",Yes,https://vtstateparks.com/newdiscovery
Vermont,Niquette Bay State Park,Chittenden,"274 Raymond Rd Colchester, VT 05446",No,https://vtstateparks.com/niquette
Vermont,North Hero State Park,Grand Isle,"3803 Lakeview Drive North Hero, VT 05474",No,https://vtstateparks.com/northhero
Vermont,Quechee State Park,Windsor,"5800 Woodstock Road Hartford, VT 05047",No,https://vtstateparks.com/quechee
Vermont,Ricker Pond State Park,Caledonia,"18 Ricker Pond Campground Rd. Groton, VT 05046",Yes,https://vtstateparks.com/ricker
Vermont,Sand Bar State Park,Chittenden,"1215 US Rt 2 Milton, VT 05468",No,https://vtstateparks.com/sandbar
Vermont,Seyon Lodge State Park,Caledonia,"2967 Seyon Pond Rd Groton, VT 05046",Yes,https://vtstateparks.com/seyon
Vermont,Silver Lake State Park,Windsor,"20 State Park Beach Rd Barnard, VT 05031",No,https://vtstateparks.com/silver
Vermont,Smugglers' Notch State Park,Lamoille,"6443 Mountain Road Stowe, VT 05672",Yes,https://vtstateparks.com/smugglers
Vermont,Stillwater State Park,Caledonia,"44 Stillwater Rd. Groton, VT 05046",Yes,https://vtstateparks.com/stillwater
Vermont,Taconic Mountains Ramble State Park,Rutland,"321 St. John Rd Hubbardton, VT 05743",No,https://vtstateparks.com/taconic
Vermont,Thetford Hill State Park,Orange,,No,https://vtstateparks.com/thetford
Vermont,Townshend State Park,Windham,"2755 State Forest Rd. Townshend, VT 05353",No,https://vtstateparks.com/townshend
Vermont,Underhill State Park,Chittenden,"352 Mountain Road Underhill, VT 05490",No,https://vtstateparks.com/underhill
Vermont,Waterbury Center State Park,Washington,"177 Reservoir Rd. Waterbury Center, VT 05677",No,https://vtstateparks.com/waterbury
Vermont,Wilgus State Park,Rutland,"3985 Route 5 Weathersfield, VT 05156",No,https://vtstateparks.com/wilgus
Vermont,Woodford State Park,Bennington,"142 State Park Road Bennington, VT 05201",No,https://vtstateparks.com/woodford
Vermont,Woods Island State Park,Franklin,,No,https://vtstateparks.com/woodsisland
Virginia,Bear Creek Lake State Park,Cumberland,"22 Bear Creek Lake Rd., Cumberland, VA 23040",,https://www.dcr.virginia.gov/state-parks/bear-creek-lake
Virginia,Belle Isle State Park,Lancaster,"1632 Belle Isle Rd., Lancaster, VA 22503",,https://www.dcr.virginia.gov/state-parks/belle-isle
Virginia,Caledon State Park,King George,"11617 Caledon Rd., King George, VA 22485",,https://www.dcr.virginia.gov/state-parks/caledon
Virginia,Chippokes State Park,Surry,"695 Chippokes Park Rd., Surry, VA 23883",,https://www.dcr.virginia.gov/state-parks/chippokes
Virginia,Claytor Lake State Park,Pulaski,"6620 Ben H. Bolen Dr., Dublin, VA 24084",,https://www.dcr.virginia.gov/state-parks/claytor-lake
Virginia,Clinch River State Park,Wise,"3084 Artrip Road, Cleveland, VA 24225",,https://www.dcr.virginia.gov/state-parks/clinch-river
Virginia,Culpeper Battlefields State Park,"Culpeper, Orange","9465 General Winder Road, Rapidan, VA 22733",,https://www.dcr.virginia.gov/state-parks/culpeper-battlefields
Virginia,Douthat State Park,"Bath, Alleghany","14239 Douthat State Park Rd., Millboro, VA 24460",,https://www.dcr.virginia.gov/state-parks/douthat
Virginia,Fairy Stone State Park,Patrick,"967 Fairystone Lake Dr., Stuart, VA 24171",,https://www.dcr.virginia.gov/state-parks/fairy-stone
Virginia,False Cape State Park,Virginia Beach city,"4001 Sandpiper Rd., Virginia Beach, VA 23456",,https://www.dcr.virginia.gov/state-parks/false-cape
Virginia,First Landing State Park,Virginia Beach city,"2500 Shore Dr., Virginia Beach, VA 23451",,https://www.dcr.virginia.gov/state-parks/first-landing
Virginia,Grayson Highlands State Park,Grayson,"829 Grayson Highland Ln., Mouth of Wilson, VA 24363",,https://www.dcr.virginia.gov/state-parks/grayson-highlands
Virginia,Hayfields State Park,Highland,"524 Hayfields Lane, McDowell, VA 24458",,https://www.dcr.virginia.gov/state-parks/hayfields
Virginia,High Bridge Trail State Park,Cumberland,"1466 Camp Paradise Road, Rice, VA 23966",,https://www.dcr.virginia.gov/state-parks/high-bridge-trail
Virginia,Holliday Lake State Park,Appomattox,"2759 State Park Rd., Appomattox, VA 24522",,https://www.dcr.virginia.gov/state-parks/holliday-lake
Virginia,Hungry Mother State Park,Smyth,"2287 Park Blvd., Marion, VA 24354",,https://www.dcr.virginia.gov/state-parks/hungry-mother
Virginia,James River State Park,Buckingham,"104 Green Hill Dr., Gladstone, VA 24553",,https://www.dcr.virginia.gov/state-parks/james-river
Virginia,Kiptopeke State Park,Northampton,"3540 Kiptopeke Dr., Cape Charles, VA 23310",,https://www.dcr.virginia.gov/state-parks/kiptopeke
Virginia,Lake Anna State Park,Spotsylvania,"6800 Lawyers Rd., Spotsylvania, VA 22551",,https://www.dcr.virginia.gov/state-parks/lake-anna
Virginia,Leesylvania State Park,Prince William,"2001 Daniel K. Ludwig Dr., Woodbridge, VA 22191",,https://www.dcr.virginia.gov/state-parks/leesylvania
Virginia,Machicomoco State Park,Gloucester,"3601 Timberneck Farm Road, Hayes, VA 23072",,https://www.dcr.virginia.gov/state-parks/machicomoco
Virginia,Mason Neck State Park,Fairfax,"7301 High Point Rd., Lorton, VA 22079",,https://www.dcr.virginia.gov/state-parks/mason-neck
Virginia,Mayo River State Park,Henry,,,https://www.dcr.virginia.gov/state-parks/mayo-river-sp
Virginia,Natural Bridge State Park,Rockbridge,"6477 South Lee Highway, Natural Bridge, VA 24578",,https://www.dcr.virginia.gov/state-parks/natural-bridge
Virginia,Natural Tunnel State Park,Scott,"1420 Natural Tunnel Pkwy., Duffield, VA 24244",,https://www.dcr.virginia.gov/state-parks/natural-tunnel
Virginia,New River Trail State Park,Wythe,"176 Orphanage Dr, Foster Falls, VA 24360",,https://www.dcr.virginia.gov/state-parks/new-river-trail
Virginia,Occoneechee State Park,Mecklenburg,"1192 Occoneechee Park Rd., Clarksville, VA 23927",,https://www.dcr.virginia.gov/state-parks/occoneechee
Virginia,Pocahontas State Park,Chesterfield,"10301 State Park Rd., Chesterfield, VA 23832",,https://www.dcr.virginia.gov/state-parks/pocahontas
Virginia,Powhatan State Park,Powhatan,"4616 Powhatan State Park Rd., Powhatan, VA 23139",,https://www.dcr.virginia.gov/state-parks/powhatan
Virginia,Sailor's Creek Battlefield State Park,Amelia,"6541 Saylers Creek Rd., Rice, VA 23966",,https://www.dcr.virginia.gov/state-parks/sailors-creek
Virginia,Seven Bends State Park,Shenandoah,"2111 South Hollingsworth Road, Woodstock, VA 22664",,https://www.dcr.virginia.gov/state-parks/seven-bends
Virginia,Shot Tower State Park,Wythe,,,https://www.dcr.virginia.gov/state-parks/shot-tower
Virginia,Sky Meadows State Park,Fauquier,"11012 Edmonds Ln., Delaplane, VA 20144",,https://www.dcr.virginia.gov/state-parks/sky-meadows
Virginia,Smith Mountain Lake State Park,Bedford,"1235 State Park Rd., Huddleston, VA 24104",,https://www.dcr.virginia.gov/state-parks/smith-mountain-lake
Virginia,Staunton River Battlefield State Park,Charlotte,"1035 Fort Hill Trail, Randolph, VA 23962",,https://www.dcr.virginia.gov/state-parks/staunton-river-battlefield
Virginia,Staunton River State Park,Halifax,"1170 Staunton Trail, Scottsburg, VA 24589",,https://www.dcr.virginia.gov/state-parks/staunton-river
Virginia,Sweet Run State Park,Loudoun,"11661 Harpers Ferry Road, Hillsboro, VA 20132",,https://www.dcr.virginia.gov/state-parks/sweet-run
Virginia,Twin Lakes State Park,Prince Edward,"788 Twin Lakes Rd., Green Bay, VA 23942",,https://www.dcr.virginia.gov/state-parks/twin-lakes
Virginia,Westmoreland State Park,Westmoreland,"145 Cliff Road, Montross, VA 22520",,https://www.dcr.virginia.gov/state-parks/westmoreland
Virginia,Widewater State Park,Stafford,"101 Widewater State Park Road, Stafford, VA 22554",,https://www.dcr.virginia.gov/state-parks/widewater
Virginia,Wilderness Road State Park,Lee,"8051 Wilderness Rd., Ewing, VA 24248",,https://www.dcr.virginia.gov/state-parks/wilderness-road
Virginia,York River State Park,James City,"9801 York River Park Rd., Williamsburg, VA 23188",,https://www.dcr.virginia.gov/state-parks/york-river
Washington,Alta Lake State Park,Okanogan,"1B Otto Road , Pateros, WA 98846",No,https://parks.wa.gov/find-parks/state-parks/alta-lake-state-park
Washington,Anderson Lake State Park,Jefferson,"1061 Anderson Lake Road, Chimacum, WA 98325",No,https://parks.wa.gov/find-parks/state-parks/anderson-lake-state-park
Washington,Battle Ground Lake State Park,Clark,"18002 NE 249th Street, Battle Ground, WA 98604",No,https://parks.wa.gov/find-parks/state-parks/battle-ground-lake-state-park
Washington,Bay View State Park,Skagit,"10901 Bayview Edison Road, Mount Vernon, WA 98273",Yes,https://parks.wa.gov/find-parks/state-parks/bay-view-state-park
Washington,Beacon Rock State Park,Skamania,"34841 State Route 14, Skamania, WA 98648",No,https://parks.wa.gov/find-parks/state-parks/beacon-rock-state-park
Washington,Beebe Bridge State Park,Chelan,"23459 SR97, Orondo, WA 98843",No,https://parks.wa.gov/find-parks/state-parks/beebe-bridge-state-park
Washington,Belfair State Park,Mason,"3151 NE SR 300 , Belfair, WA 98528",No,https://parks.wa.gov/find-parks/state-parks/belfair-state-park
Washington,Birch Bay State Park,Whatcom,"5105 Helweg Road, Blaine, WA 98230",No,https://parks.wa.gov/find-parks/state-parks/birch-bay-state-park
Washington,Blake Island Marine State Park,Kitsap,,,https://parks.wa.gov/find-parks/state-parks/blake-island-marine-state-park
Washington,Blind Island Marine State Park,San Juan,,,https://parks.wa.gov/find-parks/state-parks/blind-island-marine-state-park
Washington,Bogachiel State Park,Clallam,"185983 Highway 101, Forks, WA 98331",No,https://parks.wa.gov/find-parks/state-parks/bogachiel-state-park
Washington,Bottle Beach State Park,Grays Harbor,"33 Ocosta 3rd Street, Aberdeen, WA 98520",No,https://parks.wa.gov/find-parks/state-parks/bottle-beach-state-park
Washington,Bridgeport State Park,Okanogan,"235A Half Sun Way, Bridgeport, WA 98813",No,https://parks.wa.gov/find-parks/state-parks/bridgeport-state-park
Washington,Bridle Trails State Park,King,"5300 116th Ave. NE, Kirkland, WA 98033",No,https://parks.wa.gov/find-parks/state-parks/bridle-trails-state-park
Washington,Brooks Memorial State Park,Klickitat,"2465 Highway 97, Goldendale, WA 98620",No,https://parks.wa.gov/find-parks/state-parks/brooks-memorial-state-park
Washington,Cama Beach Historical State Park,Island,"1880 SW Camano Drive, Camano Island, WA 98282",Yes,https://parks.wa.gov/find-parks/state-parks/cama-beach-historical-state-park
Washington,Camano Island State Park,Island,"2269 S Lowell Point Road, Camano Island, WA 98282",No,https://parks.wa.gov/find-parks/state-parks/camano-island-state-park
Washington,Cape Disappointment State Park,Pacific,"244 Robert Gray Drive, Ilwaco, WA 98624",Yes,https://parks.wa.gov/find-parks/state-parks/cape-disappointment-state-park
Washington,Clark Island Marine State Park,San Juan,,,https://parks.wa.gov/find-parks/state-parks/clark-island-marine-state-park
Washington,Columbia Hills Historical State Park,Klickitat,"8514 Lewis and Clark Highway, Lyle, WA 98617",No,https://parks.wa.gov/find-parks/state-parks/columbia-hills-historical-state-park
Washington,Columbia Plateau State Park Trail,"Franklin, Adams","100 SW Main Street, Washtucna, WA 99371",No,https://parks.wa.gov/find-parks/state-parks/columbia-plateau-state-park-trail
Washington,Conconully State Park,Okanogan,"119 Broadway Street, Conconully, WA 98819",No,https://parks.wa.gov/find-parks/state-parks/conconully-state-park
Washington,Crawford State Park Heritage Site,Pend Oreille,"425 Gardner Cave Road, Metaline Falls, WA 99152",Yes,https://parks.wa.gov/find-parks/state-parks/crawford-state-park-heritage-site
Washington,Curlew Lake State Park,Ferry,"62 State Park Road, Republic, WA 99166",No,https://parks.wa.gov/find-parks/state-parks/curlew-lake-state-park
Washington,Cutts Island Marine State Park,Pierce,,,https://parks.wa.gov/find-parks/state-parks/cutts-island-marine-state-park
Washington,Daroga State Park,"Douglas, Chelan","1 S Daroga Park Lane, Orondo, WA 98843",No,https://parks.wa.gov/find-parks/state-parks/daroga-state-park
Washington,Dash Point State Park,"King, Pierce","5700 SW Dash Point Road, Federal Way, WA 98023",No,https://parks.wa.gov/find-parks/state-parks/dash-point-state-park
Washington,Deception Pass State Park,"Skagit, Island","41229 State Route 20, Oak Harbor, WA 98277",Yes,https://parks.wa.gov/find-parks/state-parks/deception-pass-state-park
Washington,Doe Island Marine State Park,San Juan,,,https://parks.wa.gov/find-parks/state-parks/doe-island-marine-state-park
Washington,Dosewallips State Park,Jefferson,"306996 Highway 101, Brinnon, WA 98320",No,https://parks.wa.gov/find-parks/state-parks/dosewallips-state-park
Washington,Dougs Beach State Park,Klickitat,"7890 State Route 14, Lyle, WA 98635",No,https://parks.wa.gov/find-parks/state-parks/dougs-beach-state-park
Washington,Eagle Island Marine State Park,Pierce,,,https://parks.wa.gov/find-parks/state-parks/eagle-island-marine-state-park
Washington,Federation Forest State Park,King,"49201 Highway 410 E, Enumclaw, WA 98022",Yes,https://parks.wa.gov/find-parks/state-parks/federation-forest-state-park
Washington,Fields Spring State Park,Asotin,"992 Park Road, Anatone, WA 99401",No,https://parks.wa.gov/find-parks/state-parks/fields-spring-state-park
Washington,Flaming Geyser State Park,King,"23700 SE Flaming Geyser Rd, Auburn, WA 98092",No,https://parks.wa.gov/find-parks/state-parks/flaming-geyser-state-park
Washington,Fort Casey Historical State Park,Island,"1280 Engle Road, Coupeville, WA 98239",Yes,https://parks.wa.gov/find-parks/state-parks/fort-casey-historical-state-park
Washington,Fort Columbia State Park,Pacific,"475 State Route 101, Chinook, WA 98614",Yes,https://parks.wa.gov/find-parks/state-parks/fort-columbia-state-park
Washington,Fort Ebey State Park,Island,"400 Hill Valley Drive, Coupeville, WA 98239",No,https://parks.wa.gov/find-parks/state-parks/fort-ebey-state-park
Washington,Fort Flagler Historical State Park,Jefferson,"10541 Flagler Road, Nordland, WA 98358",No,https://parks.wa.gov/find-parks/state-parks/fort-flagler-historical-state-park
Washington,Fort Simcoe Historical State Park,Yakima,"5150 Fort Simcoe Rd, White Swan, WA 98951",No,https://parks.wa.gov/find-parks/state-parks/fort-simcoe-historical-state-park
Washington,Fort Townsend Historical State Park,Jefferson,"1370 Old Fort Townsend Road, Port Townsend, WA 98368",No,https://parks.wa.gov/find-parks/state-parks/fort-townsend-historical-state-park
Washington,Fort Worden Historical State Park,Jefferson,"202 Eisenhower Ave, Port Townsend, WA 98368",Yes,https://parks.wa.gov/find-parks/state-parks/fort-worden-historical-state-park
Washington,Ginkgo Petrified Forest State Park,Kittitas,"4511 Huntzinger Road, Vantage, WA 98950",Yes,https://parks.wa.gov/find-parks/state-parks/ginkgo-petrified-forest-state-park
Washington,Goldendale Observatory State Park Heritage Site,Klickitat,"1602 Observatory Drive, Goldendale, WA 98620",Yes,https://parks.wa.gov/find-parks/state-parks/goldendale-observatory-state-park-heritage-site
Washington,Grayland Beach State Park,Pacific,"925 Cranberry Beach Rd, Grayland, WA 98547",Yes,https://parks.wa.gov/find-parks/state-parks/grayland-beach-state-park
Washington,Griffiths Priday State Park,Grays Harbor,"30 Benner Road, Copalis Beach, WA 98535",No,https://parks.wa.gov/find-parks/state-parks/griffiths-priday-state-park
Washington,Harstine Island State Park,Mason,,,https://parks.wa.gov/find-parks/state-parks/harstine-island-state-park
Washington,Hope Island Marine State Park Mason County,Mason,,,https://parks.wa.gov/find-parks/state-parks/hope-island-marine-state-park-mason-county
Washington,Hope Island Marine State Park Skagit County,Skagit,,,https://parks.wa.gov/find-parks/state-parks/hope-island-marine-state-park-skagit-county
Washington,Ike Kinswa State Park,Lewis,"873 State Route 122, Silver Creek, WA 98585",No,https://parks.wa.gov/find-parks/state-parks/ike-kinswa-state-park
Washington,Illahee State Park,Kitsap,"3540 NE Sylvan Way, Bremerton, WA 98310",No,https://parks.wa.gov/find-parks/state-parks/illahee-state-park
Washington,Jackson House State Park Heritage Site,Lewis,"4277 Jackson Highway, Winlock, WA, WA 98596",No,https://parks.wa.gov/find-parks/state-parks/jackson-house-state-park-heritage-site
Washington,James Island Marine State Park,San Juan,,,https://parks.wa.gov/find-parks/state-parks/james-island-marine-state-park
Washington,Jarrell Cove State Park,Mason,"391 E Wingert Road , Shelton, WA 98584",No,https://parks.wa.gov/find-parks/state-parks/jarrell-cove-state-park
Washington,Joemma Beach State Park,Pierce,"20001 Bay Road SW, Lakebay, WA 98349",No,https://parks.wa.gov/find-parks/state-parks/joemma-beach-state-park
Washington,Jones Island Marine State Park,San Juan,,,https://parks.wa.gov/find-parks/state-parks/jones-island-marine-state-park
Washington,Joseph Whidbey State Park,Island,"1755 Crosby Road, Oak Harbor, WA 98277",No,https://parks.wa.gov/find-parks/state-parks/joseph-whidbey-state-park
Washington,Kanaskat Palmer State Park,King,"32101 Cumberland-Kanaskat Road, Ravensdale, WA 98051",No,https://parks.wa.gov/find-parks/state-parks/kanaskat-palmer-state-park
Washington,Kinney Point State Park Property,Jefferson,,,https://parks.wa.gov/find-parks/state-parks/kinney-point-state-park-property
Washington,Kitsap Memorial State Park,Kitsap,"202 NW Park St, Poulsbo, WA 98370",No,https://parks.wa.gov/find-parks/state-parks/kitsap-memorial-state-park
Washington,Klickitat State Park Trail,Klickitat,"9 State Hwy 142, Lyle, WA 98635",No,https://parks.wa.gov/find-parks/state-parks/klickitat-state-park-trail
Washington,Kopachuck State Park,Pierce,"10712 56th St NW, Gig Harbor, WA 98335",No,https://parks.wa.gov/find-parks/state-parks/kopachuck-state-park
Washington,Lake Chelan State Park,Chelan,"7544 S Lakeshore Road , Chelan, WA 98816",No,https://parks.wa.gov/find-parks/state-parks/lake-chelan-state-park
Washington,Lake Easton State Park,Kittitas,"150 Lake Easton State Park Rd, Easton, WA 98925",No,https://parks.wa.gov/find-parks/state-parks/lake-easton-state-park
Washington,Lake Sammamish State Park,King,"2182 NW Sammamish Road, Issaquah, WA 98027",No,https://parks.wa.gov/find-parks/state-parks/lake-sammamish-state-park
Washington,Lake Sylvia State Park,Grays Harbor,"1812 N. Lake Sylvia Road, Montesano, WA 98563",No,https://parks.wa.gov/find-parks/state-parks/lake-sylvia-state-park
Washington,Lake Wenatchee State Park,Chelan,"21588 Lake Wenatchee Hwy, Leavenworth, WA 98826",No,https://parks.wa.gov/find-parks/state-parks/lake-wenatchee-state-park
Washington,Larrabee State Park,Whatcom,"245 Chuckanut Drive, Bellingham, WA 98229",No,https://parks.wa.gov/find-parks/state-parks/larrabee-state-park
Washington,Leadbetter Point State Park,Pacific,,,https://parks.wa.gov/find-parks/state-parks/leadbetter-point-state-park
Washington,Lewis and Clark Trail State Park,Columbia,"36149 Highway 12, Dayton, WA 99328",No,https://parks.wa.gov/find-parks/state-parks/lewis-and-clark-trail-state-park
Washington,Lewis Clark State Park,Lewis,"4583 Jackson Highway, Winlock, WA, WA 98596",No,https://parks.wa.gov/find-parks/state-parks/lewis-clark-state-park
Washington,Lime Kiln Point State Park,San Juan,"1567 Westside Rd, Friday Harbor, WA 98250",Yes,https://parks.wa.gov/find-parks/state-parks/lime-kiln-point-state-park
Washington,Lincoln Rock State Park,"Chelan, Douglas","91 Lincoln Rock Park Road, East Wenatchee, WA 98802",No,https://parks.wa.gov/find-parks/state-parks/lincoln-rock-state-park
Washington,Lyons Ferry State Park,Franklin,"620 Marmes Road, Washtucna, WA 99371",No,https://parks.wa.gov/find-parks/state-parks/lyons-ferry-state-park
Washington,Manchester State Park,Kitsap,"7767 E Hilldale Rd, Port Orchard, WA 98366",No,https://parks.wa.gov/find-parks/state-parks/manchester-state-park
Washington,Maryhill State Park,Klickitat,"50 Highway 97, Goldendale, WA 98620",No,https://parks.wa.gov/find-parks/state-parks/maryhill-state-park
Washington,Matia Island Marine State Park,San Juan,"1567 Westside Road Friday Harbor, WA 98250",No,https://parks.wa.gov/find-parks/state-parks/matia-island-marine-state-park
Washington,McMicken Island Marine State Park,Mason,,,https://parks.wa.gov/find-parks/state-parks/mcmicken-island-marine-state-park
Washington,Miller Peninsula State Park Property,Clallam,"1091 Diamond Point Rd, Sequim, WA 98382",No,https://parks.wa.gov/find-parks/state-parks/miller-peninsula-state-park-property
Washington,Millersylvania State Park,Thurston,"12245 Tilley Road S, Olympia, WA 98512",No,https://parks.wa.gov/find-parks/state-parks/millersylvania-state-park
Washington,Moran State Park,San Juan,"3572 Olga Road, Olga, WA 98279",Yes,https://parks.wa.gov/find-parks/state-parks/moran-state-park
Washington,Mount Pilchuck State Park,Snohomish,,,https://parks.wa.gov/find-parks/state-parks/mount-pilchuck-state-park
Washington,Mount Spokane State Park,Spokane,"25211 N Mount Spokane Park Drive, Mead, WA 99021",No,https://parks.wa.gov/find-parks/state-parks/mount-spokane-state-park
Washington,Mystery Bay State Park,Jefferson,"7875 Flagler Road, Nordland, WA 98358",No,https://parks.wa.gov/find-parks/state-parks/mystery-bay-state-park
Washington,Nisqually State Park,Pierce,"43371 Mashel Prairie Road, Eatonville, WA 98328",No,https://parks.wa.gov/find-parks/state-parks/nisqually-state-park
Washington,Nolte State Park,King,"36921 Veazie Cumberland Road, Enumclaw, WA 98022",No,https://parks.wa.gov/find-parks/state-parks/nolte-state-park
Washington,Obstruction Pass State Park,San Juan,,,https://parks.wa.gov/find-parks/state-parks/obstruction-pass-state-park
Washington,Ocean City State Park,Grays Harbor,"148 SR 115, Hoquiam, WA 98550",No,https://parks.wa.gov/find-parks/state-parks/ocean-city-state-park
Washington,Olallie State Park,King,"51350 SE Homestead Valley Road, North Bend, WA 98045",No,https://parks.wa.gov/find-parks/state-parks/olallie-state-park
Washington,Olmstead Place Historical State Park,Kittitas,"921 N Ferguson Road, Ellensburg, WA 98926",Yes,https://parks.wa.gov/find-parks/state-parks/olmstead-place-historical-state-park
Washington,Pacific Beach State Park,Grays Harbor,"49 Second Street, Pacific Beach, WA 98571",No,https://parks.wa.gov/find-parks/state-parks/pacific-beach-state-park
Washington,Pacific Pines State Park,Pacific,,,https://parks.wa.gov/find-parks/state-parks/pacific-pines-state-park
Washington,Palouse Cascades State Park Trail Central,"Kittitas, Grant",,,https://parks.wa.gov/find-parks/state-parks/palouse-cascades-state-park-trail-central
Washington,Palouse Cascades State Park Trail East,"Lincoln, Adams, Whitman",,,https://parks.wa.gov/find-parks/state-parks/palouse-cascades-state-park-trail-east
Washington,Palouse Cascades State Park Trail West,"King, Kittitas",,,https://parks.wa.gov/find-parks/state-parks/palouse-cascades-state-park-trail-west
Washington,Palouse Falls State Park Heritage Site,Franklin,,,https://parks.wa.gov/find-parks/state-parks/palouse-falls-state-park-heritage-site
Washington,Paradise Point State Park,Clark,"33914 NW Paradise Park Road, Ridgefield, WA 98642",No,https://parks.wa.gov/find-parks/state-parks/paradise-point-state-park
Washington,Patos Island Marine State Park,San Juan,,,https://parks.wa.gov/find-parks/state-parks/patos-island-marine-state-park
Washington,Peace Arch Historical State Park,Whatcom,"19 A Street, Blaine, WA 98230",No,https://parks.wa.gov/find-parks/state-parks/peace-arch-historical-state-park
Washington,Pearrygin Lake State Park,Okanogan,"625 Bear Creek Rd, Winthrop, WA 98862",Yes,https://parks.wa.gov/find-parks/state-parks/pearrygin-lake-state-park
Washington,Penrose Point State Park,Pierce,"321 158th Avenue SW, Lakebay, WA 98349",No,https://parks.wa.gov/find-parks/state-parks/penrose-point-state-park
Washington,Peshastin Pinnacles State Park,Chelan,"7201 N Dryden Road, Dryden, WA 98815",No,https://parks.wa.gov/find-parks/state-parks/peshastin-pinnacles-state-park
Washington,Pleasant Harbor State Park Property,Jefferson,,,https://parks.wa.gov/find-parks/state-parks/pleasant-harbor-state-park-property
Washington,Posey Island State Park,San Juan,,,https://parks.wa.gov/find-parks/state-parks/posey-island-state-park
Washington,Potholes State Park,Grant,"6762 Highway 262 East, Othello, WA 99344",No,https://parks.wa.gov/find-parks/state-parks/potholes-state-park
Washington,Potlatch State Park,Mason,"21020 N US Highway 101, Shelton, WA 98584",No,https://parks.wa.gov/find-parks/state-parks/potlatch-state-park
Washington,Rainbow Falls State Park,Lewis,"633 Leudinghaus Road, Chehalis, WA 98532",No,https://parks.wa.gov/find-parks/state-parks/rainbow-falls-state-park
Washington,Rasar State Park,Skagit,"38730 Cape Horn Road, Concrete, WA 98237",No,https://parks.wa.gov/find-parks/state-parks/rasar-state-park
Washington,Reed Island State Park,Clark,,,https://parks.wa.gov/find-parks/state-parks/reed-island-state-park
Washington,Riverside State Park,Spokane,"9711 W Charles Road, Nine Mile Falls, WA 99026",Yes,https://parks.wa.gov/find-parks/state-parks/riverside-state-park
Washington,Rockport State Park,Skagit,"51905 State Route 20, Rockport, WA 98283",No,https://parks.wa.gov/find-parks/state-parks/rockport-state-park
Washington,Sacajawea Historical State Park,Franklin,"2503 Sacajawea Park Road, Pasco, WA 99301",Yes,https://parks.wa.gov/find-parks/state-parks/sacajawea-historical-state-park
Washington,Saddlebag Island Marine State Park,Skagit,,,https://parks.wa.gov/find-parks/state-parks/saddlebag-island-marine-state-park
Washington,Saint Edward State Park,King,"14445 Juanita Drive NE, Kenmore, WA 98028",No,https://parks.wa.gov/find-parks/state-parks/saint-edward-state-park
Washington,Saltwater State Park,King,"25205 8th Place S, Des Moines, WA 98198",No,https://parks.wa.gov/find-parks/state-parks/saltwater-state-park
Washington,Scenic Beach State Park,Kitsap,"9596 Scenic Beach Rd NW, Seabeck, WA 98380",No,https://parks.wa.gov/find-parks/state-parks/scenic-beach-state-park
Washington,Schafer State Park,Mason,"1365 W Schafer Park Road, Elma, WA 98541",No,https://parks.wa.gov/find-parks/state-parks/schafer-state-park
Washington,Seaquest State Park,Cowlitz,"3030 Spirit Lake Highway, Castle Rock, WA 98611",Yes,https://parks.wa.gov/find-parks/state-parks/seaquest-state-park
Washington,Sequim Bay State Park,Clallam,"269035 Highway 101, Sequim, WA 98382",No,https://parks.wa.gov/find-parks/state-parks/sequim-bay-state-park
Washington,Shine Tidelands State Park,Jefferson,,,https://parks.wa.gov/find-parks/state-parks/shine-tidelands-state-park
Washington,Skagit Island Marine State Park,Skagit,"41229 SR 20, Oak Harbor, WA 98277",No,https://parks.wa.gov/find-parks/state-parks/skagit-island-marine-state-park
Washington,South Whidbey State Park,Island,"4128 S Smugglers Cove Road, Freeland, WA 98249",No,https://parks.wa.gov/find-parks/state-parks/south-whidbey-state-park
Washington,Spencer Spit State Park,San Juan,"521 A. Bakerview Road, Lopez Island, WA 98261",No,https://parks.wa.gov/find-parks/state-parks/spencer-spit-state-park
Washington,Spokane River Centennial State Park Trail,Spokane,"9711 West Charles Road Nine Mile Falls, WA 99026",No,https://parks.wa.gov/find-parks/state-parks/spokane-river-centennial-state-park-trail
Washington,Spring Creek Hatchery State Park,Skamania,"61552 State Rd 14, Underwood, WA 98651",No,https://parks.wa.gov/find-parks/state-parks/spring-creek-hatchery-state-park
Washington,Squak Mountain State Park,King,"21430 SE May Valley Road, Issaquah, WA 98029",No,https://parks.wa.gov/find-parks/state-parks/squak-mountain-state-park
Washington,Squilchuck State Park,Chelan,"2805 Mission Ridge Road, Wenatchee, WA 98801",No,https://parks.wa.gov/find-parks/state-parks/squilchuck-state-park
Washington,Steamboat Rock State Park,Grant,"51052 Highway 155, Electric City, WA 99123",No,https://parks.wa.gov/find-parks/state-parks/steamboat-rock-state-park
Washington,Steptoe Battlefield State Park Heritage Site,Whitman,,,https://parks.wa.gov/find-parks/state-parks/steptoe-battlefield-state-park-heritage-site
Washington,Steptoe Butte State Park Heritage Site,Whitman,,,https://parks.wa.gov/find-parks/state-parks/steptoe-butte-state-park-heritage-site
Washington,Stuart Island Marine State Park,San Juan,,,https://parks.wa.gov/find-parks/state-parks/stuart-island-marine-state-park
Washington,Sucia Island Marine State Park,San Juan,,,https://parks.wa.gov/find-parks/state-parks/sucia-island-marine-state-park
Washington,Sun Lakes Dry Falls State Park,Grant,"34875 Park Lake Road NE, Coulee City, WA 99115",Yes,https://parks.wa.gov/find-parks/state-parks/sun-lakes-dry-falls-state-park
Washington,Tolmie State Park,Thurston,"7730 61st Ave. NE, Olympia, WA 98506",No,https://parks.wa.gov/find-parks/state-parks/tolmie-state-park
Washington,Triton Cove State Park,"Mason, Jefferson",,,https://parks.wa.gov/find-parks/state-parks/triton-cove-state-park
Washington,Turn Island Marine State Park,San Juan,,,https://parks.wa.gov/find-parks/state-parks/turn-island-marine-state-park
Washington,Twanoh State Park,Mason,"12190 E SR 106 , Union, WA 98592",No,https://parks.wa.gov/find-parks/state-parks/twanoh-state-park
Washington,Twenty Five Mile Creek State Park,Chelan,"20530 S Lakeshore Road, Chelan, WA 98816",No,https://parks.wa.gov/find-parks/state-parks/twenty-five-mile-creek-state-park
Washington,Twin Harbors State Park,Grays Harbor,"3120 WA-105, Westport, WA 98595",Yes,https://parks.wa.gov/find-parks/state-parks/twin-harbors-state-park
Washington,Wallace Falls State Park,Snohomish,"14503 Wallace Lake Road, Gold Bar, WA 98251",No,https://parks.wa.gov/find-parks/state-parks/wallace-falls-state-park
Washington,Wanapum Recreation Area,Kittitas,"4511 Huntzinger Road, Vantage, WA 98950",No,https://parks.wa.gov/find-parks/state-parks/wanapum-recreation-area
Washington,Wenatchee Confluence State Park,Chelan,"333 Olds Station Road, Wenatchee, WA 98801",Yes,https://parks.wa.gov/find-parks/state-parks/wenatchee-confluence-state-park
Washington,Westport Light State Park,Grays Harbor,"1595 Ocean Avenue, Westport, WA 98595",No,https://parks.wa.gov/find-parks/state-parks/westport-light-state-park
Washington,Willapa Hills State Park Trail,"Lewis, Pacific",,,https://parks.wa.gov/find-parks/state-parks/willapa-hills-state-park-trail
Washington,Willie Keils Grave State Park Heritage Site,Pacific,"753 WA-6 , Raymond, WA 98577",No,https://parks.wa.gov/find-parks/state-parks/willie-keils-grave-state-park-heritage-site
Washington,Yakima Sportsman State Park,Yakima,"904 University Parkway, Yakima, WA 98901",No,https://parks.wa.gov/find-parks/state-parks/yakima-sportsman-state-park
West Virginia,Audra State Park,"Barbour, Upshur","8397 Audra Park Rd, Buckhannon, WV 26201",,https://wvstateparks.com/parks/audra-state-park/
West Virginia,Babcock State Park,Fayette,"486 Babcock Road, Clifftop, WV 25831",,https://wvstateparks.com/parks/babcock-state-park/
West Virginia,Beartown State Park,Greenbrier,"Beartown Road, Renick, WV 24966",,https://wvstateparks.com/parks/beartown-state-park/
West Virginia,Beech Fork State Park,Cabell,"5601 Long Branch Rd, Barboursville, WV 25504",,https://wvstateparks.com/parks/beech-fork-state-park/
West Virginia,Berkeley Springs State Park,Morgan,"2 S. Washington St., Berkeley Springs, WV 25411",,https://wvstateparks.com/parks/berkeley-springs-state-park/
West Virginia,Blackwater Falls State Park,Tucker,"1584 Blackwater Lodge Rd, Davis, WV 26260",,https://wvstateparks.com/parks/blackwater-falls-state-park/
West Virginia,Blennerhassett Island Historical State Park,Wood,"137 Juliana Street, Parkersburg, WV 26101",,https://wvstateparks.com/parks/blennerhassett-island-historical-state-park/
West Virginia,Bluestone State Park,Summers,"2104 Bluestone Park Road, Hinton, WV 25951",,https://wvstateparks.com/parks/bluestone-state-park/
West Virginia,Cabwaylingo State Forest,Wayne,"4279 Cabwaylingo Park Rd, Dunlow, WV 25511",,https://wvstateparks.com/parks/cabwaylingo-state-forest/
West Virginia,Cacapon Resort State Park,Morgan,"818 Cacapon Lodge Dr., Berkeley Springs, WV 25411",,https://wvstateparks.com/parks/cacapon-resort-state-park/
West Virginia,Calvin Price State Forest,Pocahontas,"Little Creek Road, Marlinton, WV 24986",,https://wvstateparks.com/parks/calvin-price-state-forest/
West Virginia,Camp Creek State Park and Forest,Mercer,"2390 Camp Creek Road, Camp Creek, WV 25820",,https://wvstateparks.com/parks/camp-creek-state-park-and-forest/
West Virginia,Canaan Valley Resort State Park,Tucker,"230 Main Lodge Rd, Davis, WV 26260",,https://wvstateparks.com/parks/canaan-valley-resort-state-park/
West Virginia,Carnifex Ferry Battlefield State Park,Nicholas,"1194 Carnifex Ferry Rd, Summersville, WV 26651",,https://wvstateparks.com/parks/carnifex-ferry-battlefield-state-park/
West Virginia,Cass Scenic Railroad State Park,Pocahontas,"12363 Cass Road, Cass, WV 24927",,https://wvstateparks.com/parks/cass-scenic-railroad-state-park/
West Virginia,Cathedral State Park,Preston,"12 Cathedral Park Drive, Aurora, WV 26705",,https://wvstateparks.com/parks/cathedral-state-park/
West Virginia,Cedar Creek State Park,Gilmer,"2947 Cedar Creek Rd., Glenville, WV 26351 *Note: If hauling a camper, it is best to travel Route 5 through Glenville, not through Cedarville and Copen Road",,https://wvstateparks.com/parks/cedar-creek-state-park/
West Virginia,Chief Logan State Park,Logan,"1000 Conference Center Drive, Logan, WV 25601",,https://wvstateparks.com/parks/chief-logan-state-park/
West Virginia,Coopers Rock State Forest,Monongalia,"61 County Line Dr., Bruceton Mills, WV 26525",,https://wvstateparks.com/parks/coopers-rock-state-forest/
West Virginia,Droop Mountain Battlefield State Park,Pocahontas,"683 Droop Park Rd., Hillsboro, WV 24946",,https://wvstateparks.com/parks/droop-mountain-battlefield-state-park/
West Virginia,Elk River Trail,Kanawha,"12 Buffalo Creek Rd., Clay, WV 25043",,https://wvstateparks.com/parks/elk-river-trail/
West Virginia,Fairfax Stone State Park,Tucker,"W. Kempton Rd., Eglon, WV 26716",,https://wvstateparks.com/parks/fairfax-stone-state-park/
West Virginia,Greenbrier River Trail,Pocahontas,"4800 Watoga Park Road, Marlinton, WV 24954",,https://wvstateparks.com/parks/greenbrier-river-trail/
West Virginia,Greenbrier State Forest,Greenbrier,"1541 Harts Run Rd, Caldwell, WV 24925",,https://wvstateparks.com/parks/greenbrier-state-forest/
West Virginia,Hawks Nest State Park,Fayette,"49 Hawks Nest Park Rd, Ansted, WV 25812",,https://wvstateparks.com/parks/hawks-nest-state-park/
West Virginia,Holly River State Park,Webster,"680 State Park Rd., Hacker Valley, WV 26222",,https://wvstateparks.com/parks/holly-river-state-park/
West Virginia,Kanawha State Forest,Kanawha,"7500 Kanawha State Forest Dr, Charleston, WV 25314",,https://wvstateparks.com/parks/kanawha-state-forest/
West Virginia,Kumbrabow State Forest,Randolph,"219/16, Kumbrabow Rd, Huttonsville, WV 26273",,https://wvstateparks.com/parks/kumbrabow-state-forest/
West Virginia,Little Beaver State Park,Raleigh,"1402 Grandview Rd., Beaver, WV 25813",,https://wvstateparks.com/parks/little-beaver-state-park/
West Virginia,Lost River State Park,Hardy,"321 Park Drive, Mathias, WV 26812",,https://wvstateparks.com/parks/lost-river-state-park/
West Virginia,Moncove Lake State Park,Monroe,"695 Moncove Lake Access Rd, Gap Mills, WV 24941",,https://wvstateparks.com/parks/moncove-lake-state-park/
West Virginia,North Bend Rail Trail,"Ritchie, Doddridge, Harrison, Wood","202 North Bend State Park Rd, Cairo, WV 26337",,https://wvstateparks.com/parks/north-bend-rail-trail/
West Virginia,North Bend State Park,Ritchie,"202 North Bend State Park Road, Cairo, WV 26337",,https://wvstateparks.com/parks/north-bend-state-park/
West Virginia,Panther State Forest,McDowell,"239 Ostenaco Road, Panther, WV 24872-1200",,https://wvstateparks.com/parks/panther-state-forest/
West Virginia,Pinnacle Rock State Park,Mercer,"6407 Coal Heritage Rd., Bramwell, WV 24715",,https://wvstateparks.com/parks/pinnacle-rock-state-park/
West Virginia,Pipestem State Park,Summers,"3405 Pipestem Dr, Pipestem, WV 25979",,https://wvstateparks.com/parks/pipestem-state-park/
West Virginia,Prickett's Fort State Park,Marion,"88 State Park Road, Fairmont, WV 26554",,https://wvstateparks.com/parks/pricketts-fort-state-park/
West Virginia,Seneca State Forest,Pocahontas,"10135 Browns Creek Road, Dunmore, WV 24934",,https://wvstateparks.com/parks/seneca-state-forest/
West Virginia,Stonewall Resort State Park,Lewis,"940 Resort Dr, Roanoke, WV 26447",,https://wvstateparks.com/parks/stonewall-resort-state-park/
West Virginia,Summersville Lake State Park,Nicholas,"36 Park Rd., Summersville, WV 26651",,https://wvstateparks.com/parks/summersville-lake-state-park/
West Virginia,Tomlinson Run State Park,Hancock,"84 Osage Road, New Manchester, WV 26056",,https://wvstateparks.com/parks/tomlinson-run-state-park/
West Virginia,Tu-Endie-Wei State Park,Mason,"#1 Main Street, Point Pleasant, WV 25550",,https://wvstateparks.com/parks/tu-endie-wei-state-park/
West Virginia,Twin Falls Resort State Park,Wyoming,"Route 97, Mullens, WV 25882",,https://wvstateparks.com/parks/twin-falls-resort-state-park/
West Virginia,Tygart Lake State Park,Taylor,"1240 Paul E. Malone Rd, Grafton, WV 26354",,https://wvstateparks.com/parks/tygart-lake-state-park/
West Virginia,Valley Falls State Park,Marion,"720 Valley Falls Rd., Fairmont, WV 26554",,https://wvstateparks.com/parks/valley-falls-state-park/
West Virginia,Watoga State Park,Pocahontas,"4800 Watoga Park Rd., Marlinton, WV 24954",,https://wvstateparks.com/parks/watoga-state-park/
West Virginia,Watters Smith Memorial State Park,Harrison,"831 RR 3, Duck Creek Rd., Lost Creek, WV 26385",,https://wvstateparks.com/parks/watters-smith-memorial-state-park/
Wisconsin,400 State Trail,Juneau,,No,https://dnr.wisconsin.gov/topic/parks/400
Wisconsin,Ahnapee State Trail,Door,,No,https://dnr.wisconsin.gov/topic/parks/ahnapee
Wisconsin,Amnicon Falls State Park,Douglas,"4279 Co. Hwy U, South Range, Wisconsin",No,https://dnr.wisconsin.gov/topic/parks/amnicon
Wisconsin,Aztalan State Park,Jefferson,"N6200 County Rd Q, Jefferson, Wisconsin",No,https://dnr.wisconsin.gov/topic/parks/aztalan
Wisconsin,Badger State Trail,Dane,,No,https://dnr.wisconsin.gov/topic/parks/badger
Wisconsin,Bearskin State Trail,Oneida,,No,https://dnr.wisconsin.gov/topic/parks/bearskin
Wisconsin,Belmont Mound State Park,Lafayette,,No,https://dnr.wisconsin.gov/topic/parks/belmont
Wisconsin,Big Bay State Park,Ashland,"2402 Hagen Road, La Pointe, Wisconsin",No,https://dnr.wisconsin.gov/topic/parks/bigbay
Wisconsin,Big Foot Beach State Park,Walworth,"1550 South Lake Shore Drive, LAKE GENEVA, Wisconsin",No,https://dnr.wisconsin.gov/topic/parks/bigfoot
Wisconsin,Blue Mound State Park,"Iowa, Dane","4350 Mounds Park RD, BLUE MOUNDS, Wisconsin",No,https://dnr.wisconsin.gov/topic/parks/bluemound
Wisconsin,Brunet Island State Park,Chippewa,"23125 255TH ST, CORNELL, Wisconsin",No,https://dnr.wisconsin.gov/topic/parks/brunetisland
Wisconsin,Buckhorn State Park,Juneau,"W8450 Buckhorn Park Ave, Necedah, Wisconsin",No,https://dnr.wisconsin.gov/topic/parks/buckhorn
Wisconsin,Buffalo River State Trail,Buffalo,,No,https://dnr.wisconsin.gov/topic/parks/buffalo
Wisconsin,Cadiz Springs State Recreation Area,Green,,No,https://dnr.wisconsin.gov/topic/parks/cadizsprings
Wisconsin,Capital City State Trail,Dane,,No,https://dnr.wisconsin.gov/topic/parks/capcity
Wisconsin,Capital Springs State Recreation Area,Dane,,No,https://dnr.wisconsin.gov/topic/parks/capsprings
Wisconsin,Cattail State Trail,Polk,,No,https://dnr.wisconsin.gov/topic/parks/cattail
Wisconsin,Chippewa Moraine State Recreation Area,Chippewa,"13394 County Highway M, New Auburn, Wisconsin",Yes,https://dnr.wisconsin.gov/topic/parks/chipmoraine
Wisconsin,Chippewa River State Trail,Eau Claire,,No,https://dnr.wisconsin.gov/topic/parks/chipriver
Wisconsin,Copper Culture State Park,Oconto,,No,https://dnr.wisconsin.gov/topic/parks/copperculture
Wisconsin,Copper Falls State Park,Ashland,"36764 Copper Falls Road, Mellen, Wisconsin",No,https://dnr.wisconsin.gov/topic/parks/copperfalls
Wisconsin,Council Grounds State Park,Lincoln,"N1895 Council Grounds Dr, Merrill, Wisconsin",No,https://dnr.wisconsin.gov/topic/parks/councilgrounds
Wisconsin,Cross Plains State Park,Dane,,No,https://dnr.wisconsin.gov/topic/parks/crossplains
Wisconsin,Devil's Lake State Park,Sauk,"S5975 Park Rd, Baraboo, Wisconsin",No,https://dnr.wisconsin.gov/topic/parks/devilslake
Wisconsin,Devil's River State Trail,Manitowoc,,No,https://dnr.wisconsin.gov/topic/parks/devilsriver
Wisconsin,Eisenbahn State Trail,Washington,,No,https://dnr.wisconsin.gov/topic/parks/eisenbahn
Wisconsin,Elroy-Sparta State Trail,Monroe,,No,https://dnr.wisconsin.gov/topic/parks/elroysparta
Wisconsin,Fenley State Recreation Area,Grant,,No,https://dnr.wisconsin.gov/topic/parks/fenley
Wisconsin,Fischer Creek State Recreation Area,Manitowoc,,No,https://dnr.wisconsin.gov/topic/parks/fischercreek
Wisconsin,Fox River State Trail,Waukesha,,No,https://dnr.wisconsin.gov/topic/parks/foxriver
Wisconsin,Friendship State Trail,Winnebago,,No,https://dnr.wisconsin.gov/topic/parks/friendship
Wisconsin,Gandy Dancer State Trail Northern Segment,"Douglas, Burnett",,No,https://dnr.wisconsin.gov/topic/parks/gandydancernorth
Wisconsin,Gandy Dancer State Trail Southern Segment,"Polk, Burnett",,No,https://dnr.wisconsin.gov/topic/parks/gandydancer
Wisconsin,Glacial Drumlin State Trail,Dane,,No,https://dnr.wisconsin.gov/topic/parks/glacialdrumlin
Wisconsin,Governor Dodge State Park,Iowa,"4175 State Highway 23 N, Dodgeville, Wisconsin",No,https://dnr.wisconsin.gov/topic/parks/govdodge
Wisconsin,Governor Nelson State Park,Dane,"5140 Cty Hwy M, Waunakee, Wisconsin",No,https://dnr.wisconsin.gov/topic/parks/govnelson
Wisconsin,Governor Thompson State Park,Marinette,"N10008 Paust Lane, Crivitz, Wisconsin",No,https://dnr.wisconsin.gov/topic/parks/govthompson
Wisconsin,Great River State Trail,Trempealeau,,No,https://dnr.wisconsin.gov/topic/parks/greatriver
Wisconsin,Great Sauk State Trail,Sauk,,No,https://dnr.wisconsin.gov/topic/parks/greatsauk
Wisconsin,Green Circle State Trail,Portage,,No,https://dnr.wisconsin.gov/topic/parks/greencircle
Wisconsin,Hank Aaron State Trail,Milwaukee,,No,https://dnr.wisconsin.gov/topic/parks/hankaaron
Wisconsin,Harrington Beach State Park,Ozaukee,"531 County Road D, Belgium, Wisconsin",No,https://dnr.wisconsin.gov/topic/parks/harringtonbeach
Wisconsin,Hartman Creek State Park,Waupaca,"N2480 Hartman Creek Rd., Waupaca, Wisconsin",No,https://dnr.wisconsin.gov/topic/parks/hartmancreek
Wisconsin,Havenwoods State Forest,Milwaukee,,No,https://dnr.wisconsin.gov/topic/parks/havenwoods
Wisconsin,Heritage Hill State Park,Brown,,No,https://dnr.wisconsin.gov/topic/parks/heritagehill
Wisconsin,High Cliff State Park,Calumet,"N7630 State Park Rd, Sherwood, Wisconsin",No,https://dnr.wisconsin.gov/topic/parks/highcliff
Wisconsin,Hillsboro State Trail,Juneau,,No,https://dnr.wisconsin.gov/topic/parks/hillsboro
Wisconsin,Hoffman Hills State Recreation Area,Dunn,,No,https://dnr.wisconsin.gov/topic/parks/hoffmanhills
Wisconsin,Kinnickinnic State Park,Pierce,"W11983 820th Ave., River Falls, Wisconsin",No,https://dnr.wisconsin.gov/topic/parks/kinnickinnic
Wisconsin,Kohler-Andrae State Park,Sheboygan,"1020 Beach Park Lane, Sheboygan, Wisconsin",Yes,https://dnr.wisconsin.gov/topic/parks/kohlerandrae
Wisconsin,La Crosse River State Trail,La Crosse,,No,https://dnr.wisconsin.gov/topic/parks/lacrosseriver
Wisconsin,Lake Kegonsa State Park,Dane,"2405 Door Creek Road, Stoughton, Wisconsin",No,https://dnr.wisconsin.gov/topic/parks/lakekegonsa
Wisconsin,Lake Wissota State Park,Chippewa,"18127 County Highway O, Chippewa Falls, Wisconsin",No,https://dnr.wisconsin.gov/topic/parks/lakewissota
Wisconsin,Lakeshore State Park,Milwaukee,"500 N Harbor Dr., Milwaukee, Wisconsin",No,https://dnr.wisconsin.gov/topic/parks/lakeshore
Wisconsin,Lapham Peak Unit Kettle Moraine State Forest,Waukesha,,No,https://dnr.wisconsin.gov/topic/parks/laphampeak
Wisconsin,Lizard Mound State Park,Washington,,No,https://dnr.wisconsin.gov/topic/parks/lizardmound
Wisconsin,Loew Lake Unit Kettle Moraine State Forest,Washington,,No,https://dnr.wisconsin.gov/topic/parks/loewlake
Wisconsin,Lost Dauphin State Park,Brown,,No,https://dnr.wisconsin.gov/topic/parks/lostdauphin
Wisconsin,Mascoutin Valley State Trail,Fond du Lac,,No,https://dnr.wisconsin.gov/topic/parks/mascoutin
Wisconsin,Menominee River State Recreation Area,Marinette,,No,https://dnr.wisconsin.gov/topic/parks/menominee
Wisconsin,Merrick State Park,Buffalo,"S2965 State Road 35, Fountain City, Wisconsin",No,https://dnr.wisconsin.gov/topic/parks/merrick
Wisconsin,Military Ridge State Trail,Dane,,No,https://dnr.wisconsin.gov/topic/parks/militaryridge
Wisconsin,Mill Bluff State Park,Monroe,"15819 Funnel Rd, Camp Douglas, Wisconsin",No,https://dnr.wisconsin.gov/topic/parks/millbluff
Wisconsin,Mirror Lake State Park,Sauk,"E10320 Fern Dell Rd, Baraboo, Wisconsin",No,https://dnr.wisconsin.gov/topic/parks/mirrorlake
Wisconsin,Mound View State Trail,Lafayette,,No,https://dnr.wisconsin.gov/topic/parks/moundview
Wisconsin,Mountain-Bay State Trail,Marathon,,No,https://dnr.wisconsin.gov/topic/parks/mountainbay
Wisconsin,Mukwonago River Unit Kettle Moraine State Forest,Waukesha,,No,https://dnr.wisconsin.gov/topic/parks/mukwonago
Wisconsin,Natural Bridge State Park,Sauk,,No,https://dnr.wisconsin.gov/topic/parks/naturalbridge
Wisconsin,Nelson Dewey State Park,Grant,"12190 Co Hwy VV, Cassville, Wisconsin",No,https://dnr.wisconsin.gov/topic/parks/nelsondewey
Wisconsin,New Glarus Woods State Park,Green,"W5508 CTH NN, New Glarus, Wisconsin",No,https://dnr.wisconsin.gov/topic/parks/ngwoods
Wisconsin,Newport State Park,Door,"475 County Highway NP, Ellison Bay, Wisconsin",No,https://dnr.wisconsin.gov/topic/parks/newport
Wisconsin,Newton Blackmour State Trail,Outagamie,,No,https://dnr.wisconsin.gov/topic/parks/newton
Wisconsin,Nicolet State Trail,Florence,,No,https://dnr.wisconsin.gov/topic/parks/nicolet
Wisconsin,Northern Unit Kettle Moraine State Forest,Fond du Lac,,Yes,https://dnr.wisconsin.gov/topic/parks/kmn
Wisconsin,Oconto River State Trail,Oconto,,No,https://dnr.wisconsin.gov/topic/parks/oconto
Wisconsin,Old Abe State Trail,Eau Claire,,No,https://dnr.wisconsin.gov/topic/parks/oldabe
Wisconsin,Pattison State Park,Douglas,"6294 S State Rd 35, Superior, Wisconsin",No,https://dnr.wisconsin.gov/topic/parks/pattison
Wisconsin,Pecatonica State Trail,Lafayette,,No,https://dnr.wisconsin.gov/topic/parks/pecatonica
Wisconsin,Peninsula State Park,Door,"9462 Shore Rd, Fish Creek, Wisconsin",Yes,https://dnr.wisconsin.gov/topic/parks/peninsula
Wisconsin,Perrot State Park,Trempealeau,"W26247 Sullivan Road, Trempealeau, Wisconsin",No,https://dnr.wisconsin.gov/topic/parks/perrot
Wisconsin,Pike Lake Unit Kettle Moraine State Forest,Washington,,No,https://dnr.wisconsin.gov/topic/parks/pikelake
Wisconsin,Point Beach State Forest,Manitowoc,"9400 County Highway O, Two Rivers, Wisconsin",No,https://dnr.wisconsin.gov/topic/parks/pointbeach
Wisconsin,Potawatomi State Park,Door,"3740 County Road PD, Sturgeon Bay, Wisconsin",No,https://dnr.wisconsin.gov/topic/parks/potawatomi
Wisconsin,Red Cedar State Trail,Dunn,,No,https://dnr.wisconsin.gov/topic/parks/redcedar
Wisconsin,Rib Mountain State Park,Marathon,"149801 State Park Road, Wausau, Wisconsin",No,https://dnr.wisconsin.gov/topic/parks/ribmt
Wisconsin,Richard Bong State Recreation Area,Kenosha,"26313 Burlington Rd., Kansasville, Wisconsin",Yes,https://dnr.wisconsin.gov/topic/parks/richardbong
Wisconsin,Roche-A-Cri State Park,Adams,"1767 State Highway 13, Friendship, Wisconsin",No,https://dnr.wisconsin.gov/topic/parks/rocheacri
Wisconsin,Rock Island State Park,Door,"1924 Indian Point Road, Washington Island, Wisconsin",No,https://dnr.wisconsin.gov/topic/parks/rockisland
Wisconsin,Rocky Arbor State Park,"Juneau, Sauk","N101 US Hwy. 12 and 16, Wisconsin Dells, Wisconsin",No,https://dnr.wisconsin.gov/topic/parks/rockyarbor
Wisconsin,Sauk Prairie State Recreation Area,Sauk,,No,https://dnr.wisconsin.gov/topic/parks/saukprairie
Wisconsin,Saunders State Trail,Douglas,,No,https://dnr.wisconsin.gov/topic/parks/saunders
Wisconsin,Southern Unit Kettle Moraine State Forest,Waukesha,,No,https://dnr.wisconsin.gov/topic/parks/kms
Wisconsin,State Trails,Ashland,,No,https://dnr.wisconsin.gov/topic/parks/trails
Wisconsin,Stower Seven Lakes State Trail,Polk,,No,https://dnr.wisconsin.gov/topic/parks/stower
Wisconsin,Straight Lake State Park,Polk,"2700 120th St., Luck, Wisconsin",No,https://dnr.wisconsin.gov/topic/parks/straightlake
Wisconsin,Sugar River State Trail,Green,,No,https://dnr.wisconsin.gov/topic/parks/sugarriver
Wisconsin,Tomorrow River State Trail,Waupaca,,No,https://dnr.wisconsin.gov/topic/parks/tomorrow
Wisconsin,Tower Hill State Park,Iowa,"5808 County Road C, Spring Green, Wisconsin",No,https://dnr.wisconsin.gov/topic/parks/towerhill
Wisconsin,Tuscobia State Trail,Sawyer,,No,https://dnr.wisconsin.gov/topic/parks/tuscobia
Wisconsin,White River State Trail,Racine,,No,https://dnr.wisconsin.gov/topic/parks/whiteriver
Wisconsin,Whitefish Dunes State Park,Door,"3275 Clark Lake Road, Sturgeon Bay, Wisconsin",Yes,https://dnr.wisconsin.gov/topic/parks/whitefish
Wisconsin,Wild Goose State Trail,Fond du Lac,,No,https://dnr.wisconsin.gov/topic/parks/wildgoose
Wisconsin,Wild Rivers State Trail,Washburn,,No,https://dnr.wisconsin.gov/topic/parks/wildrivers
Wisconsin,Wildcat Mountain State Park,Vernon,"BOX 99, E 13660 Hwy 33, ONTARIO, Wisconsin",No,https://dnr.wisconsin.gov/topic/parks/wildcat
Wisconsin,Willow River State Park,St. Croix,"1034 COUNTY HWY A, HUDSON, Wisconsin",No,https://dnr.wisconsin.gov/topic/parks/willowriver
Wisconsin,Wiouwash State Trail,Winnebago,,No,https://dnr.wisconsin.gov/topic/parks/wiouwash
Wisconsin,Wolf River State Trail,Langlade,,No,https://dnr.wisconsin.gov/topic/parks/wolfriver
Wisconsin,Wyalusing State Park,Grant,"13081 State Park Lane, Bagley, Wisconsin",No,https://dnr.wisconsin.gov/topic/parks/wyalusing
Wisconsin,Yellowstone Lake State Park,Lafayette,"8495 Lake Road, Blanchardville, Wisconsin",No,https://dnr.wisconsin.gov/topic/parks/yellowstone
Wyoming,Ames Monument State Historic Site,Albany,"210 Monument Rd Buford, WY 82052",,https://wyoparks.wyo.gov/index.php/places-to-go/ames-monument
Wyoming,Bear River State Park,Uinta,"601 Bear River Dr. Evanston, WY 82930",,https://wyoparks.wyo.gov/index.php/places-to-go/bear-river
Wyoming,Boysen State Park,Fremont,"120 Boysen Drive Shoshoni, WY 82649",,https://wyoparks.wyo.gov/index.php/places-to-go/boysen
Wyoming,Buffalo Bill State Park,Park,"4192 North Fork Hwy Cody, WY 82414",,https://wyoparks.wyo.gov/index.php/places-to-go/buffalo-bill
Wyoming,Camp Douglas Officers' Club State Historic Site,Converse,"115 S Riverbend Dr Douglas, WY 82633",,https://wyoparks.wyo.gov/index.php/places-to-go/camp-douglas
Wyoming,Connor Battlefield State Historic Site,Sheridan,,,https://wyoparks.wyo.gov/index.php/places-to-go/connor-battlefield
Wyoming,Curt Gowdy State Park,Laramie,"5611 High Plains Road Cheyenne, WY 82007",,https://wyoparks.wyo.gov/index.php/places-to-go/curt-gowdy
Wyoming,Edness K. Wilkins State Park,Natrona,"8700 East Highway 20/26 Evansville, WY 82636",,https://wyoparks.wyo.gov/index.php/places-to-go/edness-k-wilkins
Wyoming,Fort Bridger State Historic Site,Uinta,"37000 I-80BL Fort Bridger, WY 82933",,https://wyoparks.wyo.gov/index.php/places-to-go/fort-bridger
Wyoming,Fort Fetterman State Historic Site,Converse,"752 WY 93 Douglas, WY 82633",,https://wyoparks.wyo.gov/index.php/places-to-go/fort-fetterman
Wyoming,Fort Fred Steele State Historic Site,Carbon,"2301 Central Avenue, 4th Floor, Cheyenne, WY 82002",,https://wyoparks.wyo.gov/index.php/places-to-go/fort-fred-steele
Wyoming,Fort Phil Kearny State Historic Site,Johnson,"528 Wagon Box Road, Banner, WY 82832",,https://wyoparks.wyo.gov/index.php/places-to-go/fort-phil-kearny
Wyoming,Glendo State Park,Platte,"397 Glendo Park Rd Glendo, WY 82213",,https://wyoparks.wyo.gov/index.php/places-to-go/glendo
Wyoming,Granger Stage Station State Historic Site,Sweetwater,"110 Spruce St. Granger, WY 82934",,https://wyoparks.wyo.gov/index.php/places-to-go/granger-stage-station
Wyoming,Guernsey State Park,Platte,"2187 Lake Side Drive Guernsey, WY 82214",,https://wyoparks.wyo.gov/index.php/places-to-go/guernsey
Wyoming,Hawk Springs State Recreation Area,Goshen,,,https://wyoparks.wyo.gov/index.php/places-to-go/hawk-springs
Wyoming,Historic Governors' Mansion,Laramie,,,https://wyoparks.wyo.gov/index.php/places-to-go/historic-governors-mansion
Wyoming,Hot Springs State Park,Hot Springs,"51 US Highway 20 North Thermopolis, WY 82443",,https://wyoparks.wyo.gov/index.php/places-to-go/hot-springs
Wyoming,Independence Rock State Historic Site,Natrona,,,https://wyoparks.wyo.gov/index.php/places-to-go/independence-rock
Wyoming,Keyhole State Park,Crook,"22 Marina Rd Moorcroft, WY 82721",,https://wyoparks.wyo.gov/index.php/places-to-go/keyhole
Wyoming,Legend Rock State Petroglyph Site,Hot Springs,"2861 West Cottonwood Road Thermopolis, WY 82443",,https://wyoparks.wyo.gov/index.php/places-to-go/legend-rock
Wyoming,Medicine Lodge Archaeological Site,Big Horn,"4800 Co Rd 52 Hyattville, WY 82428",,https://wyoparks.wyo.gov/index.php/places-to-go/medicine-lodge
Wyoming,Names Hill State Historic Site,Lincoln,,,https://wyoparks.wyo.gov/index.php/places-to-go/names-hill
Wyoming,Oregon Trail Ruts,Platte,"92 to US-26 Guernsey, WY 82214",,https://wyoparks.wyo.gov/index.php/places-to-go/oregon-trail-ruts
Wyoming,Piedmont Charcoal Kilns State Historic Site,Uinta,,,https://wyoparks.wyo.gov/index.php/places-to-go/piedmont-charcoal-kilns
Wyoming,Point of Rocks Stage Station Historic Site,Sweetwater,,,https://wyoparks.wyo.gov/index.php/places-to-go/point-of-rocks
Wyoming,Quebec 01 Missile Alert Facility,Laramie,,,https://wyoparks.wyo.gov/index.php/places-to-go/quebec-01
Wyoming,Register Cliff State Historic Site,Platte,,,https://wyoparks.wyo.gov/index.php/places-to-go/register-cliffs
Wyoming,Seminoe State Park,Carbon,"County Road 351, Sinclair, WY 82334",,https://wyoparks.wyo.gov/index.php/places-to-go/seminoe
Wyoming,Sinks Canyon State Park,Fremont,"3079 Sinks Canyon Rd Lander, WY 82520",,https://wyoparks.wyo.gov/index.php/places-to-go/sinks-canyon
Wyoming,South Pass City State Historic Site,Fremont,"125 South Pass Main St South Pass City, WY 82520",,https://wyoparks.wyo.gov/index.php/places-to-go/south-pass-city
Wyoming,Trail End State Historic Site,Sheridan,"400 Clarendon Ave Sheridan, WY 82801",,https://wyoparks.wyo.gov/index.php/places-to-go/trail-end
Wyoming,Wyoming Pioneer Memorial Museum,Converse,"400 W Center St Douglas, WY 82633",,https://wyoparks.wyo.gov/index.php/places-to-go/wyoming-pioneer-museum
Wyoming,Wyoming Territorial Prison,Albany,"975 Snowy Range Road Laramie, WY 82070",,https://wyoparks.wyo.gov/index.php/places-to-go/wyoming-territorial-prison
